
/Users/jenyatokarzhevsky/CLionProjects/tiny2040_CatGenieEmulator/cmake-build-debug/CatGenieEmulator.elf:     file format elf32-littlearm

Sections:
Idx Name          Size      VMA       LMA       File off  Algn
  0 .boot2        00000100  10000000  10000000  00001000  2**0
                  CONTENTS, ALLOC, LOAD, READONLY, CODE
  1 .text         000034dc  10000100  10000100  00001100  2**3
                  CONTENTS, ALLOC, LOAD, READONLY, CODE
  2 .rodata       00000a80  100035e0  100035e0  000045e0  2**3
                  CONTENTS, ALLOC, LOAD, READONLY, DATA
  3 .binary_info  0000001c  10004060  10004060  00005060  2**2
                  CONTENTS, ALLOC, LOAD, READONLY, DATA
  4 .ram_vector_table 000000c0  20000000  20000000  00006000  2**2
                  ALLOC
  5 .uninitialized_data 00000000  200000c0  200000c0  00005600  2**0
                  CONTENTS
  6 .data         00000540  200000c0  1000407c  000050c0  2**4
                  CONTENTS, ALLOC, LOAD, READONLY, CODE
  7 .tdata        00000000  20000600  20000600  00005600  2**0
                  CONTENTS, ALLOC, LOAD, DATA, THREAD_LOCAL
  8 .tbss         00000000  20000600  20000600  00000000  2**0
                  ALLOC, THREAD_LOCAL
  9 .bss          00000510  20000600  100045bc  00005600  2**3
                  ALLOC
 10 .heap         00000800  20000b10  100045bc  00005b10  2**2
                  ALLOC, READONLY
 11 .scratch_x    00000000  20040000  20040000  00005600  2**0
                  CONTENTS
 12 .scratch_y    00000000  20041000  20041000  00005600  2**0
                  CONTENTS
 13 .stack_dummy  00000800  20041000  20041000  00006000  2**5
                  ALLOC, READONLY
 14 .ARM.attributes 00000028  00000000  00000000  00005600  2**0
                  CONTENTS, READONLY
 15 .comment      00000045  00000000  00000000  00005628  2**0
                  CONTENTS, READONLY
 16 .debug_info   00018172  00000000  00000000  0000566d  2**0
                  CONTENTS, READONLY, DEBUGGING, OCTETS
 17 .debug_abbrev 00005198  00000000  00000000  0001d7df  2**0
                  CONTENTS, READONLY, DEBUGGING, OCTETS
 18 .debug_loclists 00009e00  00000000  00000000  00022977  2**0
                  CONTENTS, READONLY, DEBUGGING, OCTETS
 19 .debug_aranges 00000f70  00000000  00000000  0002c778  2**3
                  CONTENTS, READONLY, DEBUGGING, OCTETS
 20 .debug_rnglists 00000efa  00000000  00000000  0002d6e8  2**0
                  CONTENTS, READONLY, DEBUGGING, OCTETS
 21 .debug_line   00010c50  00000000  00000000  0002e5e2  2**0
                  CONTENTS, READONLY, DEBUGGING, OCTETS
 22 .debug_str    00004f12  00000000  00000000  0003f232  2**0
                  CONTENTS, READONLY, DEBUGGING, OCTETS
 23 .debug_frame  00001e64  00000000  00000000  00044144  2**2
                  CONTENTS, READONLY, DEBUGGING, OCTETS
 24 .debug_line_str 0000038e  00000000  00000000  00045fa8  2**0
                  CONTENTS, READONLY, DEBUGGING, OCTETS

/Users/jenyatokarzhevsky/CLionProjects/tiny2040_CatGenieEmulator/cmake-build-debug/CatGenieEmulator.elf:     file format elf32-littlearm


Disassembly of section .boot2:

10000000 <__boot2_start__>:
10000000:	4b32b500 	.word	0x4b32b500
10000004:	60582021 	.word	0x60582021
10000008:	21026898 	.word	0x21026898
1000000c:	60984388 	.word	0x60984388
10000010:	611860d8 	.word	0x611860d8
10000014:	4b2e6158 	.word	0x4b2e6158
10000018:	60992100 	.word	0x60992100
1000001c:	61592102 	.word	0x61592102
10000020:	22f02101 	.word	0x22f02101
10000024:	492b5099 	.word	0x492b5099
10000028:	21016019 	.word	0x21016019
1000002c:	20356099 	.word	0x20356099
10000030:	f844f000 	.word	0xf844f000
10000034:	42902202 	.word	0x42902202
10000038:	2106d014 	.word	0x2106d014
1000003c:	f0006619 	.word	0xf0006619
10000040:	6e19f834 	.word	0x6e19f834
10000044:	66192101 	.word	0x66192101
10000048:	66182000 	.word	0x66182000
1000004c:	f000661a 	.word	0xf000661a
10000050:	6e19f82c 	.word	0x6e19f82c
10000054:	6e196e19 	.word	0x6e196e19
10000058:	f0002005 	.word	0xf0002005
1000005c:	2101f82f 	.word	0x2101f82f
10000060:	d1f94208 	.word	0xd1f94208
10000064:	60992100 	.word	0x60992100
10000068:	6019491b 	.word	0x6019491b
1000006c:	60592100 	.word	0x60592100
10000070:	481b491a 	.word	0x481b491a
10000074:	21016001 	.word	0x21016001
10000078:	21eb6099 	.word	0x21eb6099
1000007c:	21a06619 	.word	0x21a06619
10000080:	f0006619 	.word	0xf0006619
10000084:	2100f812 	.word	0x2100f812
10000088:	49166099 	.word	0x49166099
1000008c:	60014814 	.word	0x60014814
10000090:	60992101 	.word	0x60992101
10000094:	2800bc01 	.word	0x2800bc01
10000098:	4700d000 	.word	0x4700d000
1000009c:	49134812 	.word	0x49134812
100000a0:	c8036008 	.word	0xc8036008
100000a4:	8808f380 	.word	0x8808f380
100000a8:	b5034708 	.word	0xb5034708
100000ac:	20046a99 	.word	0x20046a99
100000b0:	d0fb4201 	.word	0xd0fb4201
100000b4:	42012001 	.word	0x42012001
100000b8:	bd03d1f8 	.word	0xbd03d1f8
100000bc:	6618b502 	.word	0x6618b502
100000c0:	f7ff6618 	.word	0xf7ff6618
100000c4:	6e18fff2 	.word	0x6e18fff2
100000c8:	bd026e18 	.word	0xbd026e18
100000cc:	40020000 	.word	0x40020000
100000d0:	18000000 	.word	0x18000000
100000d4:	00070000 	.word	0x00070000
100000d8:	005f0300 	.word	0x005f0300
100000dc:	00002221 	.word	0x00002221
100000e0:	180000f4 	.word	0x180000f4
100000e4:	a0002022 	.word	0xa0002022
100000e8:	10000100 	.word	0x10000100
100000ec:	e000ed08 	.word	0xe000ed08
	...
100000fc:	7a4eb274 	.word	0x7a4eb274

Disassembly of section .text:

10000100 <__VECTOR_TABLE>:
10000100:	20042000 	.word	0x20042000
10000104:	100001f7 	.word	0x100001f7
10000108:	100001cb 	.word	0x100001cb
1000010c:	100001cd 	.word	0x100001cd
10000110:	100001c9 	.word	0x100001c9
10000114:	100001c9 	.word	0x100001c9
10000118:	100001c9 	.word	0x100001c9
1000011c:	100001c9 	.word	0x100001c9
10000120:	100001c9 	.word	0x100001c9
10000124:	100001c9 	.word	0x100001c9
10000128:	100001c9 	.word	0x100001c9
1000012c:	100001cf 	.word	0x100001cf
10000130:	100001c9 	.word	0x100001c9
10000134:	100001c9 	.word	0x100001c9
10000138:	100001d1 	.word	0x100001d1
1000013c:	100001d3 	.word	0x100001d3
10000140:	100001c1 	.word	0x100001c1
10000144:	100001c1 	.word	0x100001c1
10000148:	100001c1 	.word	0x100001c1
1000014c:	100001c1 	.word	0x100001c1
10000150:	100001c1 	.word	0x100001c1
10000154:	100001c1 	.word	0x100001c1
10000158:	100001c1 	.word	0x100001c1
1000015c:	100001c1 	.word	0x100001c1
10000160:	100001c1 	.word	0x100001c1
10000164:	100001c1 	.word	0x100001c1
10000168:	100001c1 	.word	0x100001c1
1000016c:	100001c1 	.word	0x100001c1
10000170:	100001c1 	.word	0x100001c1
10000174:	100001c1 	.word	0x100001c1
10000178:	100001c1 	.word	0x100001c1
1000017c:	100001c1 	.word	0x100001c1
10000180:	100001c1 	.word	0x100001c1
10000184:	100001c1 	.word	0x100001c1
10000188:	100001c1 	.word	0x100001c1
1000018c:	100001c1 	.word	0x100001c1
10000190:	100001c1 	.word	0x100001c1
10000194:	100001c1 	.word	0x100001c1
10000198:	100001c1 	.word	0x100001c1
1000019c:	100001c1 	.word	0x100001c1
100001a0:	100001c1 	.word	0x100001c1
100001a4:	100001c1 	.word	0x100001c1
100001a8:	100001c1 	.word	0x100001c1
100001ac:	100001c1 	.word	0x100001c1
100001b0:	100001c1 	.word	0x100001c1
100001b4:	100001c1 	.word	0x100001c1
100001b8:	100001c1 	.word	0x100001c1
100001bc:	100001c1 	.word	0x100001c1

100001c0 <__unhandled_user_irq>:
100001c0:	f3ef 8005 	mrs	r0, IPSR
100001c4:	3810      	subs	r0, #16

100001c6 <unhandled_user_irq_num_in_r0>:
100001c6:	be00      	bkpt	0x0000

100001c8 <isr_invalid>:
100001c8:	be00      	bkpt	0x0000

100001ca <isr_nmi>:
100001ca:	be00      	bkpt	0x0000

100001cc <isr_hardfault>:
100001cc:	be00      	bkpt	0x0000

100001ce <isr_svcall>:
100001ce:	be00      	bkpt	0x0000

100001d0 <isr_pendsv>:
100001d0:	be00      	bkpt	0x0000

100001d2 <isr_systick>:
100001d2:	be00      	bkpt	0x0000

100001d4 <__default_isrs_end>:
100001d4:	7188ebf2 	.word	0x7188ebf2
100001d8:	10004060 	.word	0x10004060
100001dc:	1000407c 	.word	0x1000407c
100001e0:	10000238 	.word	0x10000238
100001e4:	e71aa390 	.word	0xe71aa390

100001e8 <_entry_point>:
100001e8:	481e      	ldr	r0, [pc, #120]	@ (10000264 <data_cpy_table+0x2c>)

100001ea <_enter_vtable_in_r0>:
100001ea:	491f      	ldr	r1, [pc, #124]	@ (10000268 <data_cpy_table+0x30>)
100001ec:	6008      	str	r0, [r1, #0]
100001ee:	c806      	ldmia	r0!, {r1, r2}
100001f0:	f381 8808 	msr	MSP, r1
100001f4:	4710      	bx	r2

100001f6 <_reset_handler>:
100001f6:	481d      	ldr	r0, [pc, #116]	@ (1000026c <data_cpy_table+0x34>)
100001f8:	6800      	ldr	r0, [r0, #0]
100001fa:	2800      	cmp	r0, #0
100001fc:	d001      	beq.n	10000202 <hold_non_core0_in_bootrom+0x4>

100001fe <hold_non_core0_in_bootrom>:
100001fe:	4819      	ldr	r0, [pc, #100]	@ (10000264 <data_cpy_table+0x2c>)
10000200:	e7f3      	b.n	100001ea <_enter_vtable_in_r0>
10000202:	a40d      	add	r4, pc, #52	@ (adr r4, 10000238 <data_cpy_table>)
10000204:	cc0e      	ldmia	r4!, {r1, r2, r3}
10000206:	2900      	cmp	r1, #0
10000208:	d002      	beq.n	10000210 <hold_non_core0_in_bootrom+0x12>
1000020a:	f000 f812 	bl	10000232 <data_cpy>
1000020e:	e7f9      	b.n	10000204 <hold_non_core0_in_bootrom+0x6>
10000210:	4917      	ldr	r1, [pc, #92]	@ (10000270 <data_cpy_table+0x38>)
10000212:	4a18      	ldr	r2, [pc, #96]	@ (10000274 <data_cpy_table+0x3c>)
10000214:	2000      	movs	r0, #0
10000216:	e000      	b.n	1000021a <bss_fill_test>

10000218 <bss_fill_loop>:
10000218:	c101      	stmia	r1!, {r0}

1000021a <bss_fill_test>:
1000021a:	4291      	cmp	r1, r2
1000021c:	d1fc      	bne.n	10000218 <bss_fill_loop>

1000021e <platform_entry>:
1000021e:	4916      	ldr	r1, [pc, #88]	@ (10000278 <data_cpy_table+0x40>)
10000220:	4788      	blx	r1
10000222:	4916      	ldr	r1, [pc, #88]	@ (1000027c <data_cpy_table+0x44>)
10000224:	4788      	blx	r1
10000226:	4916      	ldr	r1, [pc, #88]	@ (10000280 <data_cpy_table+0x48>)
10000228:	4788      	blx	r1
1000022a:	be00      	bkpt	0x0000
1000022c:	e7fd      	b.n	1000022a <platform_entry+0xc>

1000022e <data_cpy_loop>:
1000022e:	c901      	ldmia	r1!, {r0}
10000230:	c201      	stmia	r2!, {r0}

10000232 <data_cpy>:
10000232:	429a      	cmp	r2, r3
10000234:	d3fb      	bcc.n	1000022e <data_cpy_loop>
10000236:	4770      	bx	lr

10000238 <data_cpy_table>:
10000238:	1000407c 	.word	0x1000407c
1000023c:	200000c0 	.word	0x200000c0
10000240:	20000600 	.word	0x20000600
10000244:	100045bc 	.word	0x100045bc
10000248:	20040000 	.word	0x20040000
1000024c:	20040000 	.word	0x20040000
10000250:	100045bc 	.word	0x100045bc
10000254:	20041000 	.word	0x20041000
10000258:	20041000 	.word	0x20041000
1000025c:	00000000 	.word	0x00000000
10000260:	4770      	bx	lr
10000262:	0000      	.short	0x0000
10000264:	00000000 	.word	0x00000000
10000268:	e000ed08 	.word	0xe000ed08
1000026c:	d0000000 	.word	0xd0000000
10000270:	20000600 	.word	0x20000600
10000274:	20000b10 	.word	0x20000b10
10000278:	1000302d 	.word	0x1000302d
1000027c:	100004e9 	.word	0x100004e9
10000280:	10002fed 	.word	0x10002fed

10000284 <_init>:
10000284:	b5f8      	push	{r3, r4, r5, r6, r7, lr}
10000286:	46c0      	nop			@ (mov r8, r8)

10000288 <register_tm_clones>:
10000288:	4806      	ldr	r0, [pc, #24]	@ (100002a4 <register_tm_clones+0x1c>)
1000028a:	4907      	ldr	r1, [pc, #28]	@ (100002a8 <register_tm_clones+0x20>)
1000028c:	1a09      	subs	r1, r1, r0
1000028e:	108b      	asrs	r3, r1, #2
10000290:	0fc9      	lsrs	r1, r1, #31
10000292:	18c9      	adds	r1, r1, r3
10000294:	b510      	push	{r4, lr}
10000296:	1049      	asrs	r1, r1, #1
10000298:	d003      	beq.n	100002a2 <register_tm_clones+0x1a>
1000029a:	4b04      	ldr	r3, [pc, #16]	@ (100002ac <register_tm_clones+0x24>)
1000029c:	2b00      	cmp	r3, #0
1000029e:	d000      	beq.n	100002a2 <register_tm_clones+0x1a>
100002a0:	4798      	blx	r3
100002a2:	bd10      	pop	{r4, pc}
100002a4:	20000600 	.word	0x20000600
100002a8:	20000600 	.word	0x20000600
100002ac:	00000000 	.word	0x00000000

100002b0 <frame_dummy>:
100002b0:	4b05      	ldr	r3, [pc, #20]	@ (100002c8 <frame_dummy+0x18>)
100002b2:	b510      	push	{r4, lr}
100002b4:	2b00      	cmp	r3, #0
100002b6:	d003      	beq.n	100002c0 <frame_dummy+0x10>
100002b8:	4904      	ldr	r1, [pc, #16]	@ (100002cc <frame_dummy+0x1c>)
100002ba:	4805      	ldr	r0, [pc, #20]	@ (100002d0 <frame_dummy+0x20>)
100002bc:	e000      	b.n	100002c0 <frame_dummy+0x10>
100002be:	bf00      	nop
100002c0:	f7ff ffe2 	bl	10000288 <register_tm_clones>
100002c4:	bd10      	pop	{r4, pc}
100002c6:	46c0      	nop			@ (mov r8, r8)
100002c8:	00000000 	.word	0x00000000
100002cc:	200008b4 	.word	0x200008b4
100002d0:	100035dc 	.word	0x100035dc

100002d4 <i2c_read_byte_raw>:
100002d4:	b510      	push	{r4, lr}
100002d6:	6802      	ldr	r2, [r0, #0]
100002d8:	6f13      	ldr	r3, [r2, #112]	@ 0x70
100002da:	071b      	lsls	r3, r3, #28
100002dc:	d502      	bpl.n	100002e4 <i2c_read_byte_raw+0x10>
100002de:	6910      	ldr	r0, [r2, #16]
100002e0:	b2c0      	uxtb	r0, r0
100002e2:	bd10      	pop	{r4, pc}
100002e4:	4b03      	ldr	r3, [pc, #12]	@ (100002f4 <i2c_read_byte_raw+0x20>)
100002e6:	4a04      	ldr	r2, [pc, #16]	@ (100002f8 <i2c_read_byte_raw+0x24>)
100002e8:	21b2      	movs	r1, #178	@ 0xb2
100002ea:	4804      	ldr	r0, [pc, #16]	@ (100002fc <i2c_read_byte_raw+0x28>)
100002ec:	31ff      	adds	r1, #255	@ 0xff
100002ee:	f002 fe81 	bl	10002ff4 <__assert_func>
100002f2:	46c0      	nop			@ (mov r8, r8)
100002f4:	100035e0 	.word	0x100035e0
100002f8:	10003e9c 	.word	0x10003e9c
100002fc:	10003608 	.word	0x10003608

10000300 <i2c_write_byte_raw>:
10000300:	b510      	push	{r4, lr}
10000302:	6802      	ldr	r2, [r0, #0]
10000304:	6f13      	ldr	r3, [r2, #112]	@ 0x70
10000306:	079b      	lsls	r3, r3, #30
10000308:	d501      	bpl.n	1000030e <i2c_write_byte_raw+0xe>
1000030a:	6111      	str	r1, [r2, #16]
1000030c:	bd10      	pop	{r4, pc}
1000030e:	4b03      	ldr	r3, [pc, #12]	@ (1000031c <i2c_write_byte_raw+0x1c>)
10000310:	4a03      	ldr	r2, [pc, #12]	@ (10000320 <i2c_write_byte_raw+0x20>)
10000312:	21e0      	movs	r1, #224	@ 0xe0
10000314:	4803      	ldr	r0, [pc, #12]	@ (10000324 <i2c_write_byte_raw+0x24>)
10000316:	0049      	lsls	r1, r1, #1
10000318:	f002 fe6c 	bl	10002ff4 <__assert_func>
1000031c:	10003664 	.word	0x10003664
10000320:	10003e88 	.word	0x10003e88
10000324:	10003608 	.word	0x10003608

10000328 <i2c_interrupt_handler>:
10000328:	b570      	push	{r4, r5, r6, lr}
1000032a:	4b54      	ldr	r3, [pc, #336]	@ (1000047c <i2c_interrupt_handler+0x154>)
1000032c:	681b      	ldr	r3, [r3, #0]
1000032e:	6ade      	ldr	r6, [r3, #44]	@ 0x2c
10000330:	0773      	lsls	r3, r6, #29
10000332:	d424      	bmi.n	1000037e <i2c_interrupt_handler+0x56>
10000334:	05b3      	lsls	r3, r6, #22
10000336:	d551      	bpl.n	100003dc <i2c_interrupt_handler+0xb4>
10000338:	4b51      	ldr	r3, [pc, #324]	@ (10000480 <i2c_interrupt_handler+0x158>)
1000033a:	691a      	ldr	r2, [r3, #16]
1000033c:	2a02      	cmp	r2, #2
1000033e:	dd47      	ble.n	100003d0 <i2c_interrupt_handler+0xa8>
10000340:	7899      	ldrb	r1, [r3, #2]
10000342:	230f      	movs	r3, #15
10000344:	400b      	ands	r3, r1
10000346:	2b0b      	cmp	r3, #11
10000348:	d100      	bne.n	1000034c <i2c_interrupt_handler+0x24>
1000034a:	e07e      	b.n	1000044a <i2c_interrupt_handler+0x122>
1000034c:	d82e      	bhi.n	100003ac <i2c_interrupt_handler+0x84>
1000034e:	2b09      	cmp	r3, #9
10000350:	d066      	beq.n	10000420 <i2c_interrupt_handler+0xf8>
10000352:	d825      	bhi.n	100003a0 <i2c_interrupt_handler+0x78>
10000354:	2b06      	cmp	r3, #6
10000356:	d033      	beq.n	100003c0 <i2c_interrupt_handler+0x98>
10000358:	2b08      	cmp	r3, #8
1000035a:	d136      	bne.n	100003ca <i2c_interrupt_handler+0xa2>
1000035c:	2a03      	cmp	r2, #3
1000035e:	dd34      	ble.n	100003ca <i2c_interrupt_handler+0xa2>
10000360:	4b47      	ldr	r3, [pc, #284]	@ (10000480 <i2c_interrupt_handler+0x158>)
10000362:	78db      	ldrb	r3, [r3, #3]
10000364:	2b0f      	cmp	r3, #15
10000366:	d830      	bhi.n	100003ca <i2c_interrupt_handler+0xa2>
10000368:	4a46      	ldr	r2, [pc, #280]	@ (10000484 <i2c_interrupt_handler+0x15c>)
1000036a:	009b      	lsls	r3, r3, #2
1000036c:	589a      	ldr	r2, [r3, r2]
1000036e:	4b44      	ldr	r3, [pc, #272]	@ (10000480 <i2c_interrupt_handler+0x158>)
10000370:	615a      	str	r2, [r3, #20]
10000372:	2205      	movs	r2, #5
10000374:	619a      	str	r2, [r3, #24]
10000376:	e028      	b.n	100003ca <i2c_interrupt_handler+0xa2>
10000378:	4840      	ldr	r0, [pc, #256]	@ (1000047c <i2c_interrupt_handler+0x154>)
1000037a:	f7ff ffab 	bl	100002d4 <i2c_read_byte_raw>
1000037e:	4b3f      	ldr	r3, [pc, #252]	@ (1000047c <i2c_interrupt_handler+0x154>)
10000380:	681b      	ldr	r3, [r3, #0]
10000382:	6f9b      	ldr	r3, [r3, #120]	@ 0x78
10000384:	2b00      	cmp	r3, #0
10000386:	d0d5      	beq.n	10000334 <i2c_interrupt_handler+0xc>
10000388:	4b3d      	ldr	r3, [pc, #244]	@ (10000480 <i2c_interrupt_handler+0x158>)
1000038a:	691c      	ldr	r4, [r3, #16]
1000038c:	2c0f      	cmp	r4, #15
1000038e:	d8f3      	bhi.n	10000378 <i2c_interrupt_handler+0x50>
10000390:	001d      	movs	r5, r3
10000392:	1c63      	adds	r3, r4, #1
10000394:	612b      	str	r3, [r5, #16]
10000396:	4839      	ldr	r0, [pc, #228]	@ (1000047c <i2c_interrupt_handler+0x154>)
10000398:	f7ff ff9c 	bl	100002d4 <i2c_read_byte_raw>
1000039c:	5528      	strb	r0, [r5, r4]
1000039e:	e7ee      	b.n	1000037e <i2c_interrupt_handler+0x56>
100003a0:	2b0a      	cmp	r3, #10
100003a2:	d112      	bne.n	100003ca <i2c_interrupt_handler+0xa2>
100003a4:	4b36      	ldr	r3, [pc, #216]	@ (10000480 <i2c_interrupt_handler+0x158>)
100003a6:	2200      	movs	r2, #0
100003a8:	619a      	str	r2, [r3, #24]
100003aa:	e00e      	b.n	100003ca <i2c_interrupt_handler+0xa2>
100003ac:	2b0e      	cmp	r3, #14
100003ae:	d052      	beq.n	10000456 <i2c_interrupt_handler+0x12e>
100003b0:	2b0f      	cmp	r3, #15
100003b2:	d056      	beq.n	10000462 <i2c_interrupt_handler+0x13a>
100003b4:	2b0c      	cmp	r3, #12
100003b6:	d108      	bne.n	100003ca <i2c_interrupt_handler+0xa2>
100003b8:	4b31      	ldr	r3, [pc, #196]	@ (10000480 <i2c_interrupt_handler+0x158>)
100003ba:	2200      	movs	r2, #0
100003bc:	619a      	str	r2, [r3, #24]
100003be:	e004      	b.n	100003ca <i2c_interrupt_handler+0xa2>
100003c0:	4b2f      	ldr	r3, [pc, #188]	@ (10000480 <i2c_interrupt_handler+0x158>)
100003c2:	4a31      	ldr	r2, [pc, #196]	@ (10000488 <i2c_interrupt_handler+0x160>)
100003c4:	615a      	str	r2, [r3, #20]
100003c6:	2202      	movs	r2, #2
100003c8:	619a      	str	r2, [r3, #24]
100003ca:	4b2d      	ldr	r3, [pc, #180]	@ (10000480 <i2c_interrupt_handler+0x158>)
100003cc:	2200      	movs	r2, #0
100003ce:	61da      	str	r2, [r3, #28]
100003d0:	4b2b      	ldr	r3, [pc, #172]	@ (10000480 <i2c_interrupt_handler+0x158>)
100003d2:	2200      	movs	r2, #0
100003d4:	611a      	str	r2, [r3, #16]
100003d6:	4b29      	ldr	r3, [pc, #164]	@ (1000047c <i2c_interrupt_handler+0x154>)
100003d8:	681b      	ldr	r3, [r3, #0]
100003da:	6e1b      	ldr	r3, [r3, #96]	@ 0x60
100003dc:	06b6      	lsls	r6, r6, #26
100003de:	d50f      	bpl.n	10000400 <i2c_interrupt_handler+0xd8>
100003e0:	4a27      	ldr	r2, [pc, #156]	@ (10000480 <i2c_interrupt_handler+0x158>)
100003e2:	69d3      	ldr	r3, [r2, #28]
100003e4:	6992      	ldr	r2, [r2, #24]
100003e6:	4293      	cmp	r3, r2
100003e8:	da3f      	bge.n	1000046a <i2c_interrupt_handler+0x142>
100003ea:	4a25      	ldr	r2, [pc, #148]	@ (10000480 <i2c_interrupt_handler+0x158>)
100003ec:	6951      	ldr	r1, [r2, #20]
100003ee:	1c58      	adds	r0, r3, #1
100003f0:	61d0      	str	r0, [r2, #28]
100003f2:	5cc9      	ldrb	r1, [r1, r3]
100003f4:	4c21      	ldr	r4, [pc, #132]	@ (1000047c <i2c_interrupt_handler+0x154>)
100003f6:	0020      	movs	r0, r4
100003f8:	f7ff ff82 	bl	10000300 <i2c_write_byte_raw>
100003fc:	6823      	ldr	r3, [r4, #0]
100003fe:	6d1b      	ldr	r3, [r3, #80]	@ 0x50
10000400:	4b22      	ldr	r3, [pc, #136]	@ (1000048c <i2c_interrupt_handler+0x164>)
10000402:	781b      	ldrb	r3, [r3, #0]
10000404:	2b00      	cmp	r3, #0
10000406:	d00a      	beq.n	1000041e <i2c_interrupt_handler+0xf6>
10000408:	4b20      	ldr	r3, [pc, #128]	@ (1000048c <i2c_interrupt_handler+0x164>)
1000040a:	2200      	movs	r2, #0
1000040c:	701a      	strb	r2, [r3, #0]
1000040e:	23d0      	movs	r3, #208	@ 0xd0
10000410:	061b      	lsls	r3, r3, #24
10000412:	2280      	movs	r2, #128	@ 0x80
10000414:	02d2      	lsls	r2, r2, #11
10000416:	629a      	str	r2, [r3, #40]	@ 0x28
10000418:	2280      	movs	r2, #128	@ 0x80
1000041a:	0312      	lsls	r2, r2, #12
1000041c:	625a      	str	r2, [r3, #36]	@ 0x24
1000041e:	bd70      	pop	{r4, r5, r6, pc}
10000420:	2a07      	cmp	r2, #7
10000422:	ddd2      	ble.n	100003ca <i2c_interrupt_handler+0xa2>
10000424:	4b16      	ldr	r3, [pc, #88]	@ (10000480 <i2c_interrupt_handler+0x158>)
10000426:	78db      	ldrb	r3, [r3, #3]
10000428:	2b0f      	cmp	r3, #15
1000042a:	d8ce      	bhi.n	100003ca <i2c_interrupt_handler+0xa2>
1000042c:	4a15      	ldr	r2, [pc, #84]	@ (10000484 <i2c_interrupt_handler+0x15c>)
1000042e:	009b      	lsls	r3, r3, #2
10000430:	589a      	ldr	r2, [r3, r2]
10000432:	4b13      	ldr	r3, [pc, #76]	@ (10000480 <i2c_interrupt_handler+0x158>)
10000434:	7919      	ldrb	r1, [r3, #4]
10000436:	7051      	strb	r1, [r2, #1]
10000438:	7959      	ldrb	r1, [r3, #5]
1000043a:	7091      	strb	r1, [r2, #2]
1000043c:	7999      	ldrb	r1, [r3, #6]
1000043e:	70d1      	strb	r1, [r2, #3]
10000440:	79d9      	ldrb	r1, [r3, #7]
10000442:	7111      	strb	r1, [r2, #4]
10000444:	2200      	movs	r2, #0
10000446:	619a      	str	r2, [r3, #24]
10000448:	e7bf      	b.n	100003ca <i2c_interrupt_handler+0xa2>
1000044a:	4b0d      	ldr	r3, [pc, #52]	@ (10000480 <i2c_interrupt_handler+0x158>)
1000044c:	4a10      	ldr	r2, [pc, #64]	@ (10000490 <i2c_interrupt_handler+0x168>)
1000044e:	615a      	str	r2, [r3, #20]
10000450:	2209      	movs	r2, #9
10000452:	619a      	str	r2, [r3, #24]
10000454:	e7b9      	b.n	100003ca <i2c_interrupt_handler+0xa2>
10000456:	4b0a      	ldr	r3, [pc, #40]	@ (10000480 <i2c_interrupt_handler+0x158>)
10000458:	4a0b      	ldr	r2, [pc, #44]	@ (10000488 <i2c_interrupt_handler+0x160>)
1000045a:	615a      	str	r2, [r3, #20]
1000045c:	2202      	movs	r2, #2
1000045e:	619a      	str	r2, [r3, #24]
10000460:	e7b3      	b.n	100003ca <i2c_interrupt_handler+0xa2>
10000462:	4b07      	ldr	r3, [pc, #28]	@ (10000480 <i2c_interrupt_handler+0x158>)
10000464:	2200      	movs	r2, #0
10000466:	619a      	str	r2, [r3, #24]
10000468:	e7af      	b.n	100003ca <i2c_interrupt_handler+0xa2>
1000046a:	4c04      	ldr	r4, [pc, #16]	@ (1000047c <i2c_interrupt_handler+0x154>)
1000046c:	21ff      	movs	r1, #255	@ 0xff
1000046e:	0020      	movs	r0, r4
10000470:	f7ff ff46 	bl	10000300 <i2c_write_byte_raw>
10000474:	6823      	ldr	r3, [r4, #0]
10000476:	6d1b      	ldr	r3, [r3, #80]	@ 0x50
10000478:	e7c2      	b.n	10000400 <i2c_interrupt_handler+0xd8>
1000047a:	46c0      	nop			@ (mov r8, r8)
1000047c:	200005f0 	.word	0x200005f0
10000480:	20000aec 	.word	0x20000aec
10000484:	20000548 	.word	0x20000548
10000488:	20000544 	.word	0x20000544
1000048c:	200005b5 	.word	0x200005b5
10000490:	20000538 	.word	0x20000538

10000494 <flash_write_counter>:
10000494:	b5f0      	push	{r4, r5, r6, r7, lr}
10000496:	46c6      	mov	lr, r8
10000498:	b500      	push	{lr}
1000049a:	b0c0      	sub	sp, #256	@ 0x100
1000049c:	4680      	mov	r8, r0
1000049e:	f3ef 8710 	mrs	r7, PRIMASK
100004a2:	b672      	cpsid	i
100004a4:	2180      	movs	r1, #128	@ 0x80
100004a6:	2480      	movs	r4, #128	@ 0x80
100004a8:	0364      	lsls	r4, r4, #13
100004aa:	0149      	lsls	r1, r1, #5
100004ac:	0020      	movs	r0, r4
100004ae:	f003 f863 	bl	10003578 <__flash_range_erase_veneer>
100004b2:	466e      	mov	r6, sp
100004b4:	2580      	movs	r5, #128	@ 0x80
100004b6:	006d      	lsls	r5, r5, #1
100004b8:	002a      	movs	r2, r5
100004ba:	2100      	movs	r1, #0
100004bc:	4668      	mov	r0, sp
100004be:	f001 fc93 	bl	10001de8 <__wrap_memset>
100004c2:	4643      	mov	r3, r8
100004c4:	7033      	strb	r3, [r6, #0]
100004c6:	002a      	movs	r2, r5
100004c8:	4669      	mov	r1, sp
100004ca:	0020      	movs	r0, r4
100004cc:	f003 f844 	bl	10003558 <__flash_range_program_veneer>
100004d0:	f387 8810 	msr	PRIMASK, r7
100004d4:	b040      	add	sp, #256	@ 0x100
100004d6:	bc80      	pop	{r7}
100004d8:	46b8      	mov	r8, r7
100004da:	bdf0      	pop	{r4, r5, r6, r7, pc}

100004dc <flash_read_counter>:
100004dc:	4b01      	ldr	r3, [pc, #4]	@ (100004e4 <flash_read_counter+0x8>)
100004de:	7818      	ldrb	r0, [r3, #0]
100004e0:	4770      	bx	lr
100004e2:	46c0      	nop			@ (mov r8, r8)
100004e4:	10100000 	.word	0x10100000

100004e8 <main>:
100004e8:	b570      	push	{r4, r5, r6, lr}
100004ea:	2012      	movs	r0, #18
100004ec:	f000 f892 	bl	10000614 <gpio_init>
100004f0:	24d0      	movs	r4, #208	@ 0xd0
100004f2:	0624      	lsls	r4, r4, #24
100004f4:	2380      	movs	r3, #128	@ 0x80
100004f6:	02db      	lsls	r3, r3, #11
100004f8:	6263      	str	r3, [r4, #36]	@ 0x24
100004fa:	2013      	movs	r0, #19
100004fc:	f000 f88a 	bl	10000614 <gpio_init>
10000500:	2380      	movs	r3, #128	@ 0x80
10000502:	031b      	lsls	r3, r3, #12
10000504:	62a3      	str	r3, [r4, #40]	@ 0x28
10000506:	2014      	movs	r0, #20
10000508:	f000 f884 	bl	10000614 <gpio_init>
1000050c:	2380      	movs	r3, #128	@ 0x80
1000050e:	035b      	lsls	r3, r3, #13
10000510:	62a3      	str	r3, [r4, #40]	@ 0x28
10000512:	4c22      	ldr	r4, [pc, #136]	@ (1000059c <main+0xb4>)
10000514:	4922      	ldr	r1, [pc, #136]	@ (100005a0 <main+0xb8>)
10000516:	0020      	movs	r0, r4
10000518:	f002 ff7e 	bl	10003418 <i2c_init>
1000051c:	2103      	movs	r1, #3
1000051e:	2001      	movs	r0, #1
10000520:	f000 f844 	bl	100005ac <gpio_set_function>
10000524:	2103      	movs	r1, #3
10000526:	2000      	movs	r0, #0
10000528:	f000 f840 	bl	100005ac <gpio_set_function>
1000052c:	2200      	movs	r2, #0
1000052e:	2101      	movs	r1, #1
10000530:	2000      	movs	r0, #0
10000532:	f000 f855 	bl	100005e0 <gpio_set_pulls>
10000536:	2200      	movs	r2, #0
10000538:	2101      	movs	r1, #1
1000053a:	2001      	movs	r0, #1
1000053c:	f000 f850 	bl	100005e0 <gpio_set_pulls>
10000540:	2250      	movs	r2, #80	@ 0x50
10000542:	2101      	movs	r1, #1
10000544:	0020      	movs	r0, r4
10000546:	f002 ff91 	bl	1000346c <i2c_set_slave_mode>
1000054a:	4916      	ldr	r1, [pc, #88]	@ (100005a4 <main+0xbc>)
1000054c:	2017      	movs	r0, #23
1000054e:	f000 f91b 	bl	10000788 <irq_set_exclusive_handler>
10000552:	6823      	ldr	r3, [r4, #0]
10000554:	2289      	movs	r2, #137	@ 0x89
10000556:	0092      	lsls	r2, r2, #2
10000558:	631a      	str	r2, [r3, #48]	@ 0x30
1000055a:	6d1a      	ldr	r2, [r3, #80]	@ 0x50
1000055c:	6e1b      	ldr	r3, [r3, #96]	@ 0x60
1000055e:	2101      	movs	r1, #1
10000560:	2017      	movs	r0, #23
10000562:	f000 f8ff 	bl	10000764 <irq_set_enabled>
10000566:	f7ff ffb9 	bl	100004dc <flash_read_counter>
1000056a:	0004      	movs	r4, r0
1000056c:	3801      	subs	r0, #1
1000056e:	b2c0      	uxtb	r0, r0
10000570:	28fd      	cmp	r0, #253	@ 0xfd
10000572:	d80d      	bhi.n	10000590 <main+0xa8>
10000574:	4b0c      	ldr	r3, [pc, #48]	@ (100005a8 <main+0xc0>)
10000576:	705c      	strb	r4, [r3, #1]
10000578:	0025      	movs	r5, r4
1000057a:	2064      	movs	r0, #100	@ 0x64
1000057c:	f000 fcbe 	bl	10000efc <sleep_ms>
10000580:	4b09      	ldr	r3, [pc, #36]	@ (100005a8 <main+0xc0>)
10000582:	785c      	ldrb	r4, [r3, #1]
10000584:	42ac      	cmp	r4, r5
10000586:	d0f8      	beq.n	1000057a <main+0x92>
10000588:	0020      	movs	r0, r4
1000058a:	f7ff ff83 	bl	10000494 <flash_write_counter>
1000058e:	e7f3      	b.n	10000578 <main+0x90>
10000590:	2078      	movs	r0, #120	@ 0x78
10000592:	f7ff ff7f 	bl	10000494 <flash_write_counter>
10000596:	2478      	movs	r4, #120	@ 0x78
10000598:	e7ec      	b.n	10000574 <main+0x8c>
1000059a:	46c0      	nop			@ (mov r8, r8)
1000059c:	200005f0 	.word	0x200005f0
100005a0:	000186a0 	.word	0x000186a0
100005a4:	10000329 	.word	0x10000329
100005a8:	200005a8 	.word	0x200005a8

100005ac <gpio_set_function>:
100005ac:	b510      	push	{r4, lr}
100005ae:	0083      	lsls	r3, r0, #2
100005b0:	4a08      	ldr	r2, [pc, #32]	@ (100005d4 <gpio_set_function+0x28>)
100005b2:	189a      	adds	r2, r3, r2
100005b4:	6812      	ldr	r2, [r2, #0]
100005b6:	2440      	movs	r4, #64	@ 0x40
100005b8:	4054      	eors	r4, r2
100005ba:	22c0      	movs	r2, #192	@ 0xc0
100005bc:	4022      	ands	r2, r4
100005be:	4c06      	ldr	r4, [pc, #24]	@ (100005d8 <gpio_set_function+0x2c>)
100005c0:	46a4      	mov	ip, r4
100005c2:	4463      	add	r3, ip
100005c4:	601a      	str	r2, [r3, #0]
100005c6:	00c0      	lsls	r0, r0, #3
100005c8:	4b04      	ldr	r3, [pc, #16]	@ (100005dc <gpio_set_function+0x30>)
100005ca:	469c      	mov	ip, r3
100005cc:	4460      	add	r0, ip
100005ce:	6041      	str	r1, [r0, #4]
100005d0:	bd10      	pop	{r4, pc}
100005d2:	46c0      	nop			@ (mov r8, r8)
100005d4:	4001c004 	.word	0x4001c004
100005d8:	4001d004 	.word	0x4001d004
100005dc:	40014000 	.word	0x40014000

100005e0 <gpio_set_pulls>:
100005e0:	0080      	lsls	r0, r0, #2
100005e2:	4b0b      	ldr	r3, [pc, #44]	@ (10000610 <gpio_set_pulls+0x30>)
100005e4:	469c      	mov	ip, r3
100005e6:	4460      	add	r0, ip
100005e8:	2900      	cmp	r1, #0
100005ea:	d00e      	beq.n	1000060a <gpio_set_pulls+0x2a>
100005ec:	2308      	movs	r3, #8
100005ee:	2a00      	cmp	r2, #0
100005f0:	d000      	beq.n	100005f4 <gpio_set_pulls+0x14>
100005f2:	2204      	movs	r2, #4
100005f4:	4313      	orrs	r3, r2
100005f6:	6802      	ldr	r2, [r0, #0]
100005f8:	4053      	eors	r3, r2
100005fa:	220c      	movs	r2, #12
100005fc:	4013      	ands	r3, r2
100005fe:	2280      	movs	r2, #128	@ 0x80
10000600:	0152      	lsls	r2, r2, #5
10000602:	4694      	mov	ip, r2
10000604:	4460      	add	r0, ip
10000606:	6003      	str	r3, [r0, #0]
10000608:	4770      	bx	lr
1000060a:	2300      	movs	r3, #0
1000060c:	e7ef      	b.n	100005ee <gpio_set_pulls+0xe>
1000060e:	46c0      	nop			@ (mov r8, r8)
10000610:	4001c004 	.word	0x4001c004

10000614 <gpio_init>:
10000614:	b510      	push	{r4, lr}
10000616:	2301      	movs	r3, #1
10000618:	4083      	lsls	r3, r0
1000061a:	22d0      	movs	r2, #208	@ 0xd0
1000061c:	0612      	lsls	r2, r2, #24
1000061e:	6293      	str	r3, [r2, #40]	@ 0x28
10000620:	6193      	str	r3, [r2, #24]
10000622:	2105      	movs	r1, #5
10000624:	f7ff ffc2 	bl	100005ac <gpio_set_function>
10000628:	bd10      	pop	{r4, pc}
	...

1000062c <panic>:
1000062c:	b40f      	push	{r0, r1, r2, r3}
1000062e:	b500      	push	{lr}
10000630:	b083      	sub	sp, #12
10000632:	4808      	ldr	r0, [pc, #32]	@ (10000654 <panic+0x28>)
10000634:	f002 fe00 	bl	10003238 <__wrap_puts>
10000638:	9b04      	ldr	r3, [sp, #16]
1000063a:	2b00      	cmp	r3, #0
1000063c:	d007      	beq.n	1000064e <panic+0x22>
1000063e:	a905      	add	r1, sp, #20
10000640:	9101      	str	r1, [sp, #4]
10000642:	0018      	movs	r0, r3
10000644:	f002 fe08 	bl	10003258 <__wrap_vprintf>
10000648:	4803      	ldr	r0, [pc, #12]	@ (10000658 <panic+0x2c>)
1000064a:	f002 fdf5 	bl	10003238 <__wrap_puts>
1000064e:	2001      	movs	r0, #1
10000650:	f002 fcca 	bl	10002fe8 <_exit>
10000654:	1000368c 	.word	0x1000368c
10000658:	1000369c 	.word	0x1000369c

1000065c <hw_claim_lock>:
1000065c:	f3ef 8010 	mrs	r0, PRIMASK
10000660:	b672      	cpsid	i
10000662:	4b03      	ldr	r3, [pc, #12]	@ (10000670 <hw_claim_lock+0x14>)
10000664:	681b      	ldr	r3, [r3, #0]
10000666:	2b00      	cmp	r3, #0
10000668:	d0fb      	beq.n	10000662 <hw_claim_lock+0x6>
1000066a:	f3bf 8f5f 	dmb	sy
1000066e:	4770      	bx	lr
10000670:	d000012c 	.word	0xd000012c

10000674 <hw_claim_unlock>:
10000674:	f3bf 8f5f 	dmb	sy
10000678:	4b02      	ldr	r3, [pc, #8]	@ (10000684 <hw_claim_unlock+0x10>)
1000067a:	2200      	movs	r2, #0
1000067c:	601a      	str	r2, [r3, #0]
1000067e:	f380 8810 	msr	PRIMASK, r0
10000682:	4770      	bx	lr
10000684:	d000012c 	.word	0xd000012c

10000688 <hw_claim_or_assert>:
10000688:	b570      	push	{r4, r5, r6, lr}
1000068a:	0005      	movs	r5, r0
1000068c:	000c      	movs	r4, r1
1000068e:	0016      	movs	r6, r2
10000690:	f7ff ffe4 	bl	1000065c <hw_claim_lock>
10000694:	08e3      	lsrs	r3, r4, #3
10000696:	18ea      	adds	r2, r5, r3
10000698:	4694      	mov	ip, r2
1000069a:	5ce9      	ldrb	r1, [r5, r3]
1000069c:	2207      	movs	r2, #7
1000069e:	4022      	ands	r2, r4
100006a0:	2301      	movs	r3, #1
100006a2:	4093      	lsls	r3, r2
100006a4:	420b      	tst	r3, r1
100006a6:	d106      	bne.n	100006b6 <hw_claim_or_assert+0x2e>
100006a8:	b2db      	uxtb	r3, r3
100006aa:	430b      	orrs	r3, r1
100006ac:	4662      	mov	r2, ip
100006ae:	7013      	strb	r3, [r2, #0]
100006b0:	f7ff ffe0 	bl	10000674 <hw_claim_unlock>
100006b4:	bd70      	pop	{r4, r5, r6, pc}
100006b6:	0021      	movs	r1, r4
100006b8:	0030      	movs	r0, r6
100006ba:	f7ff ffb7 	bl	1000062c <panic>
	...

100006c0 <next_striped_spin_lock_num>:
100006c0:	4a05      	ldr	r2, [pc, #20]	@ (100006d8 <next_striped_spin_lock_num+0x18>)
100006c2:	7810      	ldrb	r0, [r2, #0]
100006c4:	1c43      	adds	r3, r0, #1
100006c6:	b2db      	uxtb	r3, r3
100006c8:	7013      	strb	r3, [r2, #0]
100006ca:	2b17      	cmp	r3, #23
100006cc:	d902      	bls.n	100006d4 <next_striped_spin_lock_num+0x14>
100006ce:	0013      	movs	r3, r2
100006d0:	2210      	movs	r2, #16
100006d2:	701a      	strb	r2, [r3, #0]
100006d4:	4770      	bx	lr
100006d6:	46c0      	nop			@ (mov r8, r8)
100006d8:	200005b6 	.word	0x200005b6

100006dc <spin_locks_reset>:
100006dc:	2300      	movs	r3, #0
100006de:	e007      	b.n	100006f0 <spin_locks_reset+0x14>
100006e0:	4a05      	ldr	r2, [pc, #20]	@ (100006f8 <spin_locks_reset+0x1c>)
100006e2:	189a      	adds	r2, r3, r2
100006e4:	0092      	lsls	r2, r2, #2
100006e6:	f3bf 8f5f 	dmb	sy
100006ea:	2100      	movs	r1, #0
100006ec:	6011      	str	r1, [r2, #0]
100006ee:	3301      	adds	r3, #1
100006f0:	2b1f      	cmp	r3, #31
100006f2:	d9f5      	bls.n	100006e0 <spin_locks_reset+0x4>
100006f4:	4770      	bx	lr
100006f6:	46c0      	nop			@ (mov r8, r8)
100006f8:	34000040 	.word	0x34000040

100006fc <set_raw_irq_handler_and_unlock>:
100006fc:	4b07      	ldr	r3, [pc, #28]	@ (1000071c <set_raw_irq_handler_and_unlock+0x20>)
100006fe:	689b      	ldr	r3, [r3, #8]
10000700:	3010      	adds	r0, #16
10000702:	0080      	lsls	r0, r0, #2
10000704:	5019      	str	r1, [r3, r0]
10000706:	f3bf 8f5f 	dmb	sy
1000070a:	f3bf 8f5f 	dmb	sy
1000070e:	4b04      	ldr	r3, [pc, #16]	@ (10000720 <set_raw_irq_handler_and_unlock+0x24>)
10000710:	2100      	movs	r1, #0
10000712:	6019      	str	r1, [r3, #0]
10000714:	f382 8810 	msr	PRIMASK, r2
10000718:	4770      	bx	lr
1000071a:	46c0      	nop			@ (mov r8, r8)
1000071c:	e000ed00 	.word	0xe000ed00
10000720:	d0000124 	.word	0xd0000124

10000724 <nvic_ipr0>:
10000724:	4800      	ldr	r0, [pc, #0]	@ (10000728 <nvic_ipr0+0x4>)
10000726:	4770      	bx	lr
10000728:	e000e400 	.word	0xe000e400

1000072c <runtime_init_per_core_irq_priorities>:
1000072c:	b510      	push	{r4, lr}
1000072e:	f7ff fff9 	bl	10000724 <nvic_ipr0>
10000732:	2300      	movs	r3, #0
10000734:	e002      	b.n	1000073c <runtime_init_per_core_irq_priorities+0x10>
10000736:	4a03      	ldr	r2, [pc, #12]	@ (10000744 <runtime_init_per_core_irq_priorities+0x18>)
10000738:	c004      	stmia	r0!, {r2}
1000073a:	3301      	adds	r3, #1
1000073c:	2b07      	cmp	r3, #7
1000073e:	d9fa      	bls.n	10000736 <runtime_init_per_core_irq_priorities+0xa>
10000740:	bd10      	pop	{r4, pc}
10000742:	46c0      	nop			@ (mov r8, r8)
10000744:	80808080 	.word	0x80808080

10000748 <irq_set_mask_n_enabled>:
10000748:	2a00      	cmp	r2, #0
1000074a:	d005      	beq.n	10000758 <irq_set_mask_n_enabled+0x10>
1000074c:	4b04      	ldr	r3, [pc, #16]	@ (10000760 <irq_set_mask_n_enabled+0x18>)
1000074e:	22c0      	movs	r2, #192	@ 0xc0
10000750:	0052      	lsls	r2, r2, #1
10000752:	5099      	str	r1, [r3, r2]
10000754:	6019      	str	r1, [r3, #0]
10000756:	4770      	bx	lr
10000758:	4a01      	ldr	r2, [pc, #4]	@ (10000760 <irq_set_mask_n_enabled+0x18>)
1000075a:	2380      	movs	r3, #128	@ 0x80
1000075c:	50d1      	str	r1, [r2, r3]
1000075e:	e7fa      	b.n	10000756 <irq_set_mask_n_enabled+0xe>
10000760:	e000e100 	.word	0xe000e100

10000764 <irq_set_enabled>:
10000764:	b510      	push	{r4, lr}
10000766:	000a      	movs	r2, r1
10000768:	231f      	movs	r3, #31
1000076a:	4003      	ands	r3, r0
1000076c:	2101      	movs	r1, #1
1000076e:	4099      	lsls	r1, r3
10000770:	0940      	lsrs	r0, r0, #5
10000772:	f7ff ffe9 	bl	10000748 <irq_set_mask_n_enabled>
10000776:	bd10      	pop	{r4, pc}

10000778 <irq_get_vtable_handler>:
10000778:	4b02      	ldr	r3, [pc, #8]	@ (10000784 <irq_get_vtable_handler+0xc>)
1000077a:	689b      	ldr	r3, [r3, #8]
1000077c:	3010      	adds	r0, #16
1000077e:	0080      	lsls	r0, r0, #2
10000780:	58c0      	ldr	r0, [r0, r3]
10000782:	4770      	bx	lr
10000784:	e000ed00 	.word	0xe000ed00

10000788 <irq_set_exclusive_handler>:
10000788:	b570      	push	{r4, r5, r6, lr}
1000078a:	0005      	movs	r5, r0
1000078c:	000e      	movs	r6, r1
1000078e:	f3ef 8410 	mrs	r4, PRIMASK
10000792:	b672      	cpsid	i
10000794:	4b0c      	ldr	r3, [pc, #48]	@ (100007c8 <irq_set_exclusive_handler+0x40>)
10000796:	681b      	ldr	r3, [r3, #0]
10000798:	2b00      	cmp	r3, #0
1000079a:	d0fb      	beq.n	10000794 <irq_set_exclusive_handler+0xc>
1000079c:	f3bf 8f5f 	dmb	sy
100007a0:	0028      	movs	r0, r5
100007a2:	f7ff ffe9 	bl	10000778 <irq_get_vtable_handler>
100007a6:	4b09      	ldr	r3, [pc, #36]	@ (100007cc <irq_set_exclusive_handler+0x44>)
100007a8:	4298      	cmp	r0, r3
100007aa:	d001      	beq.n	100007b0 <irq_set_exclusive_handler+0x28>
100007ac:	42b0      	cmp	r0, r6
100007ae:	d105      	bne.n	100007bc <irq_set_exclusive_handler+0x34>
100007b0:	0022      	movs	r2, r4
100007b2:	0031      	movs	r1, r6
100007b4:	0028      	movs	r0, r5
100007b6:	f7ff ffa1 	bl	100006fc <set_raw_irq_handler_and_unlock>
100007ba:	bd70      	pop	{r4, r5, r6, pc}
100007bc:	4b04      	ldr	r3, [pc, #16]	@ (100007d0 <irq_set_exclusive_handler+0x48>)
100007be:	4a05      	ldr	r2, [pc, #20]	@ (100007d4 <irq_set_exclusive_handler+0x4c>)
100007c0:	4805      	ldr	r0, [pc, #20]	@ (100007d8 <irq_set_exclusive_handler+0x50>)
100007c2:	21ed      	movs	r1, #237	@ 0xed
100007c4:	f002 fc16 	bl	10002ff4 <__assert_func>
100007c8:	d0000124 	.word	0xd0000124
100007cc:	100001c1 	.word	0x100001c1
100007d0:	10003704 	.word	0x10003704
100007d4:	10003eb0 	.word	0x10003eb0
100007d8:	100036b8 	.word	0x100036b8

100007dc <lock_init>:
100007dc:	4b02      	ldr	r3, [pc, #8]	@ (100007e8 <lock_init+0xc>)
100007de:	469c      	mov	ip, r3
100007e0:	4461      	add	r1, ip
100007e2:	0089      	lsls	r1, r1, #2
100007e4:	6001      	str	r1, [r0, #0]
100007e6:	4770      	bx	lr
100007e8:	34000040 	.word	0x34000040

100007ec <mutex_init>:
100007ec:	b510      	push	{r4, lr}
100007ee:	0004      	movs	r4, r0
100007f0:	f7ff ff66 	bl	100006c0 <next_striped_spin_lock_num>
100007f4:	0001      	movs	r1, r0
100007f6:	0020      	movs	r0, r4
100007f8:	f7ff fff0 	bl	100007dc <lock_init>
100007fc:	23ff      	movs	r3, #255	@ 0xff
100007fe:	7123      	strb	r3, [r4, #4]
10000800:	f3bf 8f5f 	dmb	sy
10000804:	bd10      	pop	{r4, pc}

10000806 <recursive_mutex_init>:
10000806:	b510      	push	{r4, lr}
10000808:	0004      	movs	r4, r0
1000080a:	f7ff ff59 	bl	100006c0 <next_striped_spin_lock_num>
1000080e:	0001      	movs	r1, r0
10000810:	0020      	movs	r0, r4
10000812:	f7ff ffe3 	bl	100007dc <lock_init>
10000816:	23ff      	movs	r3, #255	@ 0xff
10000818:	7123      	strb	r3, [r4, #4]
1000081a:	2300      	movs	r3, #0
1000081c:	7163      	strb	r3, [r4, #5]
1000081e:	f3bf 8f5f 	dmb	sy
10000822:	bd10      	pop	{r4, pc}

10000824 <runtime_init_mutex>:
10000824:	b510      	push	{r4, lr}
10000826:	4c0d      	ldr	r4, [pc, #52]	@ (1000085c <runtime_init_mutex+0x38>)
10000828:	e009      	b.n	1000083e <runtime_init_mutex+0x1a>
1000082a:	4b0d      	ldr	r3, [pc, #52]	@ (10000860 <runtime_init_mutex+0x3c>)
1000082c:	4a0d      	ldr	r2, [pc, #52]	@ (10000864 <runtime_init_mutex+0x40>)
1000082e:	480e      	ldr	r0, [pc, #56]	@ (10000868 <runtime_init_mutex+0x44>)
10000830:	211a      	movs	r1, #26
10000832:	f002 fbdf 	bl	10002ff4 <__assert_func>
10000836:	0020      	movs	r0, r4
10000838:	f7ff ffd8 	bl	100007ec <mutex_init>
1000083c:	3408      	adds	r4, #8
1000083e:	4b0b      	ldr	r3, [pc, #44]	@ (1000086c <runtime_init_mutex+0x48>)
10000840:	429c      	cmp	r4, r3
10000842:	d209      	bcs.n	10000858 <runtime_init_mutex+0x34>
10000844:	6823      	ldr	r3, [r4, #0]
10000846:	2b00      	cmp	r3, #0
10000848:	d0f5      	beq.n	10000836 <runtime_init_mutex+0x12>
1000084a:	2b01      	cmp	r3, #1
1000084c:	d1ed      	bne.n	1000082a <runtime_init_mutex+0x6>
1000084e:	0020      	movs	r0, r4
10000850:	f7ff ffd9 	bl	10000806 <recursive_mutex_init>
10000854:	3408      	adds	r4, #8
10000856:	e7f2      	b.n	1000083e <runtime_init_mutex+0x1a>
10000858:	bd10      	pop	{r4, pc}
1000085a:	46c0      	nop			@ (mov r8, r8)
1000085c:	200005f8 	.word	0x200005f8
10000860:	1000373c 	.word	0x1000373c
10000864:	10003ef0 	.word	0x10003ef0
10000868:	1000375c 	.word	0x1000375c
1000086c:	20000600 	.word	0x20000600

10000870 <ta_set_timeout>:
10000870:	b530      	push	{r4, r5, lr}
10000872:	6a83      	ldr	r3, [r0, #40]	@ 0x28
10000874:	469c      	mov	ip, r3
10000876:	1ad4      	subs	r4, r2, r3
10000878:	1d0b      	adds	r3, r1, #4
1000087a:	009b      	lsls	r3, r3, #2
1000087c:	581b      	ldr	r3, [r3, r0]
1000087e:	4665      	mov	r5, ip
10000880:	1b5b      	subs	r3, r3, r5
10000882:	429c      	cmp	r4, r3
10000884:	d304      	bcc.n	10000890 <ta_set_timeout+0x20>
10000886:	6a04      	ldr	r4, [r0, #32]
10000888:	2301      	movs	r3, #1
1000088a:	408b      	lsls	r3, r1
1000088c:	4223      	tst	r3, r4
1000088e:	d102      	bne.n	10000896 <ta_set_timeout+0x26>
10000890:	3104      	adds	r1, #4
10000892:	0089      	lsls	r1, r1, #2
10000894:	500a      	str	r2, [r1, r0]
10000896:	bd30      	pop	{r4, r5, pc}

10000898 <make_alarm_id>:
10000898:	0400      	lsls	r0, r0, #16
1000089a:	4308      	orrs	r0, r1
1000089c:	4770      	bx	lr
	...

100008a0 <sleep_until_callback>:
100008a0:	4b0a      	ldr	r3, [pc, #40]	@ (100008cc <sleep_until_callback+0x2c>)
100008a2:	6819      	ldr	r1, [r3, #0]
100008a4:	f3ef 8310 	mrs	r3, PRIMASK
100008a8:	b672      	cpsid	i
100008aa:	680a      	ldr	r2, [r1, #0]
100008ac:	2a00      	cmp	r2, #0
100008ae:	d0fc      	beq.n	100008aa <sleep_until_callback+0xa>
100008b0:	f3bf 8f5f 	dmb	sy
100008b4:	4a05      	ldr	r2, [pc, #20]	@ (100008cc <sleep_until_callback+0x2c>)
100008b6:	6812      	ldr	r2, [r2, #0]
100008b8:	f3bf 8f5f 	dmb	sy
100008bc:	2100      	movs	r1, #0
100008be:	6011      	str	r1, [r2, #0]
100008c0:	f383 8810 	msr	PRIMASK, r3
100008c4:	bf40      	sev
100008c6:	2000      	movs	r0, #0
100008c8:	2100      	movs	r1, #0
100008ca:	4770      	bx	lr
100008cc:	20000ae8 	.word	0x20000ae8

100008d0 <alarm_pool_irq_handler>:
100008d0:	b5f0      	push	{r4, r5, r6, r7, lr}
100008d2:	46de      	mov	lr, fp
100008d4:	4657      	mov	r7, sl
100008d6:	464e      	mov	r6, r9
100008d8:	4645      	mov	r5, r8
100008da:	b5e0      	push	{r5, r6, r7, lr}
100008dc:	b083      	sub	sp, #12
100008de:	f3ef 8305 	mrs	r3, IPSR
100008e2:	2203      	movs	r2, #3
100008e4:	401a      	ands	r2, r3
100008e6:	0011      	movs	r1, r2
100008e8:	9201      	str	r2, [sp, #4]
100008ea:	4baf      	ldr	r3, [pc, #700]	@ (10000ba8 <alarm_pool_irq_handler+0x2d8>)
100008ec:	0092      	lsls	r2, r2, #2
100008ee:	58d3      	ldr	r3, [r2, r3]
100008f0:	4698      	mov	r8, r3
100008f2:	781b      	ldrb	r3, [r3, #0]
100008f4:	428b      	cmp	r3, r1
100008f6:	d107      	bne.n	10000908 <alarm_pool_irq_handler+0x38>
100008f8:	2301      	movs	r3, #1
100008fa:	9a01      	ldr	r2, [sp, #4]
100008fc:	4093      	lsls	r3, r2
100008fe:	9300      	str	r3, [sp, #0]
10000900:	4baa      	ldr	r3, [pc, #680]	@ (10000bac <alarm_pool_irq_handler+0x2dc>)
10000902:	9a00      	ldr	r2, [sp, #0]
10000904:	601a      	str	r2, [r3, #0]
10000906:	e11f      	b.n	10000b48 <alarm_pool_irq_handler+0x278>
10000908:	4ba9      	ldr	r3, [pc, #676]	@ (10000bb0 <alarm_pool_irq_handler+0x2e0>)
1000090a:	4aaa      	ldr	r2, [pc, #680]	@ (10000bb4 <alarm_pool_irq_handler+0x2e4>)
1000090c:	48aa      	ldr	r0, [pc, #680]	@ (10000bb8 <alarm_pool_irq_handler+0x2e8>)
1000090e:	2192      	movs	r1, #146	@ 0x92
10000910:	f002 fb70 	bl	10002ff4 <__assert_func>
10000914:	4643      	mov	r3, r8
10000916:	695a      	ldr	r2, [r3, #20]
10000918:	464b      	mov	r3, r9
1000091a:	005b      	lsls	r3, r3, #1
1000091c:	444b      	add	r3, r9
1000091e:	00db      	lsls	r3, r3, #3
10000920:	4693      	mov	fp, r2
10000922:	449b      	add	fp, r3
10000924:	465b      	mov	r3, fp
10000926:	689e      	ldr	r6, [r3, #8]
10000928:	68df      	ldr	r7, [r3, #12]
1000092a:	48a4      	ldr	r0, [pc, #656]	@ (10000bbc <alarm_pool_irq_handler+0x2ec>)
1000092c:	f000 fbaa 	bl	10001084 <timer_time_us_64>
10000930:	1b80      	subs	r0, r0, r6
10000932:	41b9      	sbcs	r1, r7
10000934:	2900      	cmp	r1, #0
10000936:	da00      	bge.n	1000093a <alarm_pool_irq_handler+0x6a>
10000938:	e110      	b.n	10000b5c <alarm_pool_irq_handler+0x28c>
1000093a:	2f00      	cmp	r7, #0
1000093c:	db61      	blt.n	10000a02 <alarm_pool_irq_handler+0x132>
1000093e:	465b      	mov	r3, fp
10000940:	691c      	ldr	r4, [r3, #16]
10000942:	4b9f      	ldr	r3, [pc, #636]	@ (10000bc0 <alarm_pool_irq_handler+0x2f0>)
10000944:	429c      	cmp	r4, r3
10000946:	d047      	beq.n	100009d8 <alarm_pool_irq_handler+0x108>
10000948:	4643      	mov	r3, r8
1000094a:	2008      	movs	r0, #8
1000094c:	5e18      	ldrsh	r0, [r3, r0]
1000094e:	465b      	mov	r3, fp
10000950:	8859      	ldrh	r1, [r3, #2]
10000952:	b289      	uxth	r1, r1
10000954:	f7ff ffa0 	bl	10000898 <make_alarm_id>
10000958:	465b      	mov	r3, fp
1000095a:	6959      	ldr	r1, [r3, #20]
1000095c:	47a0      	blx	r4
1000095e:	0004      	movs	r4, r0
10000960:	000d      	movs	r5, r1
10000962:	0023      	movs	r3, r4
10000964:	432b      	orrs	r3, r5
10000966:	d04c      	beq.n	10000a02 <alarm_pool_irq_handler+0x132>
10000968:	2d00      	cmp	r5, #0
1000096a:	da3e      	bge.n	100009ea <alarm_pool_irq_handler+0x11a>
1000096c:	0030      	movs	r0, r6
1000096e:	0039      	movs	r1, r7
10000970:	1b00      	subs	r0, r0, r4
10000972:	41a9      	sbcs	r1, r5
10000974:	465b      	mov	r3, fp
10000976:	6098      	str	r0, [r3, #8]
10000978:	60d9      	str	r1, [r3, #12]
1000097a:	2400      	movs	r4, #0
1000097c:	5f1c      	ldrsh	r4, [r3, r4]
1000097e:	2c00      	cmp	r4, #0
10000980:	da00      	bge.n	10000984 <alarm_pool_irq_handler+0xb4>
10000982:	e0eb      	b.n	10000b5c <alarm_pool_irq_handler+0x28c>
10000984:	4643      	mov	r3, r8
10000986:	695a      	ldr	r2, [r3, #20]
10000988:	4692      	mov	sl, r2
1000098a:	0063      	lsls	r3, r4, #1
1000098c:	191b      	adds	r3, r3, r4
1000098e:	00db      	lsls	r3, r3, #3
10000990:	4453      	add	r3, sl
10000992:	689a      	ldr	r2, [r3, #8]
10000994:	68db      	ldr	r3, [r3, #12]
10000996:	0005      	movs	r5, r0
10000998:	000e      	movs	r6, r1
1000099a:	1aad      	subs	r5, r5, r2
1000099c:	419e      	sbcs	r6, r3
1000099e:	2e00      	cmp	r6, #0
100009a0:	da00      	bge.n	100009a4 <alarm_pool_irq_handler+0xd4>
100009a2:	e0db      	b.n	10000b5c <alarm_pool_irq_handler+0x28c>
100009a4:	4643      	mov	r3, r8
100009a6:	811c      	strh	r4, [r3, #8]
100009a8:	4647      	mov	r7, r8
100009aa:	3708      	adds	r7, #8
100009ac:	46bc      	mov	ip, r7
100009ae:	2c00      	cmp	r4, #0
100009b0:	db21      	blt.n	100009f6 <alarm_pool_irq_handler+0x126>
100009b2:	4663      	mov	r3, ip
100009b4:	2200      	movs	r2, #0
100009b6:	5e9b      	ldrsh	r3, [r3, r2]
100009b8:	005d      	lsls	r5, r3, #1
100009ba:	18ed      	adds	r5, r5, r3
100009bc:	00ed      	lsls	r5, r5, #3
100009be:	4455      	add	r5, sl
100009c0:	68aa      	ldr	r2, [r5, #8]
100009c2:	68eb      	ldr	r3, [r5, #12]
100009c4:	0006      	movs	r6, r0
100009c6:	000f      	movs	r7, r1
100009c8:	1ab6      	subs	r6, r6, r2
100009ca:	419f      	sbcs	r7, r3
100009cc:	2f00      	cmp	r7, #0
100009ce:	db12      	blt.n	100009f6 <alarm_pool_irq_handler+0x126>
100009d0:	46ac      	mov	ip, r5
100009d2:	2300      	movs	r3, #0
100009d4:	5eec      	ldrsh	r4, [r5, r3]
100009d6:	e7ea      	b.n	100009ae <alarm_pool_irq_handler+0xde>
100009d8:	465b      	mov	r3, fp
100009da:	695c      	ldr	r4, [r3, #20]
100009dc:	6923      	ldr	r3, [r4, #16]
100009de:	0020      	movs	r0, r4
100009e0:	4798      	blx	r3
100009e2:	2800      	cmp	r0, #0
100009e4:	d00d      	beq.n	10000a02 <alarm_pool_irq_handler+0x132>
100009e6:	cc30      	ldmia	r4, {r4, r5}
100009e8:	e7bb      	b.n	10000962 <alarm_pool_irq_handler+0x92>
100009ea:	4874      	ldr	r0, [pc, #464]	@ (10000bbc <alarm_pool_irq_handler+0x2ec>)
100009ec:	f000 fb4a 	bl	10001084 <timer_time_us_64>
100009f0:	1900      	adds	r0, r0, r4
100009f2:	4169      	adcs	r1, r5
100009f4:	e7be      	b.n	10000974 <alarm_pool_irq_handler+0xa4>
100009f6:	465b      	mov	r3, fp
100009f8:	801c      	strh	r4, [r3, #0]
100009fa:	464b      	mov	r3, r9
100009fc:	4662      	mov	r2, ip
100009fe:	8013      	strh	r3, [r2, #0]
10000a00:	e0ac      	b.n	10000b5c <alarm_pool_irq_handler+0x28c>
10000a02:	465b      	mov	r3, fp
10000a04:	2200      	movs	r2, #0
10000a06:	5e9b      	ldrsh	r3, [r3, r2]
10000a08:	4642      	mov	r2, r8
10000a0a:	8113      	strh	r3, [r2, #8]
10000a0c:	6912      	ldr	r2, [r2, #16]
10000a0e:	f3ef 8310 	mrs	r3, PRIMASK
10000a12:	b672      	cpsid	i
10000a14:	6811      	ldr	r1, [r2, #0]
10000a16:	2900      	cmp	r1, #0
10000a18:	d0fc      	beq.n	10000a14 <alarm_pool_irq_handler+0x144>
10000a1a:	f3bf 8f5f 	dmb	sy
10000a1e:	4642      	mov	r2, r8
10000a20:	2102      	movs	r1, #2
10000a22:	5e52      	ldrsh	r2, [r2, r1]
10000a24:	4659      	mov	r1, fp
10000a26:	800a      	strh	r2, [r1, #0]
10000a28:	4642      	mov	r2, r8
10000a2a:	4649      	mov	r1, r9
10000a2c:	8051      	strh	r1, [r2, #2]
10000a2e:	6912      	ldr	r2, [r2, #16]
10000a30:	f3bf 8f5f 	dmb	sy
10000a34:	2100      	movs	r1, #0
10000a36:	6011      	str	r1, [r2, #0]
10000a38:	f383 8810 	msr	PRIMASK, r3
10000a3c:	e08e      	b.n	10000b5c <alarm_pool_irq_handler+0x28c>
10000a3e:	4643      	mov	r3, r8
10000a40:	6919      	ldr	r1, [r3, #16]
10000a42:	f3ef 8310 	mrs	r3, PRIMASK
10000a46:	b672      	cpsid	i
10000a48:	680a      	ldr	r2, [r1, #0]
10000a4a:	2a00      	cmp	r2, #0
10000a4c:	d0fc      	beq.n	10000a48 <alarm_pool_irq_handler+0x178>
10000a4e:	f3bf 8f5f 	dmb	sy
10000a52:	4642      	mov	r2, r8
10000a54:	8892      	ldrh	r2, [r2, #4]
10000a56:	b212      	sxth	r2, r2
10000a58:	4691      	mov	r9, r2
10000a5a:	2201      	movs	r2, #1
10000a5c:	4252      	negs	r2, r2
10000a5e:	4641      	mov	r1, r8
10000a60:	808a      	strh	r2, [r1, #4]
10000a62:	690a      	ldr	r2, [r1, #16]
10000a64:	f3bf 8f5f 	dmb	sy
10000a68:	2100      	movs	r1, #0
10000a6a:	6011      	str	r1, [r2, #0]
10000a6c:	f383 8810 	msr	PRIMASK, r3
10000a70:	e01c      	b.n	10000aac <alarm_pool_irq_handler+0x1dc>
10000a72:	469b      	mov	fp, r3
10000a74:	2200      	movs	r2, #0
10000a76:	5e9a      	ldrsh	r2, [r3, r2]
10000a78:	2a00      	cmp	r2, #0
10000a7a:	db0e      	blt.n	10000a9a <alarm_pool_irq_handler+0x1ca>
10000a7c:	465b      	mov	r3, fp
10000a7e:	2100      	movs	r1, #0
10000a80:	5e59      	ldrsh	r1, [r3, r1]
10000a82:	004b      	lsls	r3, r1, #1
10000a84:	185b      	adds	r3, r3, r1
10000a86:	00db      	lsls	r3, r3, #3
10000a88:	4453      	add	r3, sl
10000a8a:	6898      	ldr	r0, [r3, #8]
10000a8c:	68d9      	ldr	r1, [r3, #12]
10000a8e:	0026      	movs	r6, r4
10000a90:	002f      	movs	r7, r5
10000a92:	1a36      	subs	r6, r6, r0
10000a94:	418f      	sbcs	r7, r1
10000a96:	2f00      	cmp	r7, #0
10000a98:	daeb      	bge.n	10000a72 <alarm_pool_irq_handler+0x1a2>
10000a9a:	464b      	mov	r3, r9
10000a9c:	4659      	mov	r1, fp
10000a9e:	800b      	strh	r3, [r1, #0]
10000aa0:	4663      	mov	r3, ip
10000aa2:	2100      	movs	r1, #0
10000aa4:	5e5b      	ldrsh	r3, [r3, r1]
10000aa6:	4699      	mov	r9, r3
10000aa8:	4663      	mov	r3, ip
10000aaa:	801a      	strh	r2, [r3, #0]
10000aac:	464b      	mov	r3, r9
10000aae:	2b00      	cmp	r3, #0
10000ab0:	db5a      	blt.n	10000b68 <alarm_pool_irq_handler+0x298>
10000ab2:	4643      	mov	r3, r8
10000ab4:	695a      	ldr	r2, [r3, #20]
10000ab6:	4692      	mov	sl, r2
10000ab8:	464b      	mov	r3, r9
10000aba:	005b      	lsls	r3, r3, #1
10000abc:	444b      	add	r3, r9
10000abe:	00db      	lsls	r3, r3, #3
10000ac0:	469c      	mov	ip, r3
10000ac2:	44d4      	add	ip, sl
10000ac4:	4663      	mov	r3, ip
10000ac6:	689c      	ldr	r4, [r3, #8]
10000ac8:	68dd      	ldr	r5, [r3, #12]
10000aca:	4646      	mov	r6, r8
10000acc:	3608      	adds	r6, #8
10000ace:	46b3      	mov	fp, r6
10000ad0:	4643      	mov	r3, r8
10000ad2:	2208      	movs	r2, #8
10000ad4:	5e9a      	ldrsh	r2, [r3, r2]
10000ad6:	e7cf      	b.n	10000a78 <alarm_pool_irq_handler+0x1a8>
10000ad8:	2300      	movs	r3, #0
10000ada:	4642      	mov	r2, r8
10000adc:	7193      	strb	r3, [r2, #6]
10000ade:	4641      	mov	r1, r8
10000ae0:	3108      	adds	r1, #8
10000ae2:	4643      	mov	r3, r8
10000ae4:	2008      	movs	r0, #8
10000ae6:	5e18      	ldrsh	r0, [r3, r0]
10000ae8:	e011      	b.n	10000b0e <alarm_pool_irq_handler+0x23e>
10000aea:	2201      	movs	r2, #1
10000aec:	4252      	negs	r2, r2
10000aee:	17d3      	asrs	r3, r2, #31
10000af0:	60a2      	str	r2, [r4, #8]
10000af2:	60e3      	str	r3, [r4, #12]
10000af4:	4643      	mov	r3, r8
10000af6:	2208      	movs	r2, #8
10000af8:	5e9b      	ldrsh	r3, [r3, r2]
10000afa:	4283      	cmp	r3, r0
10000afc:	d006      	beq.n	10000b0c <alarm_pool_irq_handler+0x23c>
10000afe:	800d      	strh	r5, [r1, #0]
10000b00:	4643      	mov	r3, r8
10000b02:	2208      	movs	r2, #8
10000b04:	5e9b      	ldrsh	r3, [r3, r2]
10000b06:	8023      	strh	r3, [r4, #0]
10000b08:	4643      	mov	r3, r8
10000b0a:	8118      	strh	r0, [r3, #8]
10000b0c:	0028      	movs	r0, r5
10000b0e:	1c43      	adds	r3, r0, #1
10000b10:	d02e      	beq.n	10000b70 <alarm_pool_irq_handler+0x2a0>
10000b12:	4643      	mov	r3, r8
10000b14:	695a      	ldr	r2, [r3, #20]
10000b16:	0043      	lsls	r3, r0, #1
10000b18:	181b      	adds	r3, r3, r0
10000b1a:	00db      	lsls	r3, r3, #3
10000b1c:	18d4      	adds	r4, r2, r3
10000b1e:	5ed5      	ldrsh	r5, [r2, r3]
10000b20:	8863      	ldrh	r3, [r4, #2]
10000b22:	b21b      	sxth	r3, r3
10000b24:	2b00      	cmp	r3, #0
10000b26:	dbe0      	blt.n	10000aea <alarm_pool_irq_handler+0x21a>
10000b28:	0021      	movs	r1, r4
10000b2a:	e7ef      	b.n	10000b0c <alarm_pool_irq_handler+0x23c>
10000b2c:	0022      	movs	r2, r4
10000b2e:	002b      	movs	r3, r5
10000b30:	9901      	ldr	r1, [sp, #4]
10000b32:	4822      	ldr	r0, [pc, #136]	@ (10000bbc <alarm_pool_irq_handler+0x2ec>)
10000b34:	f7ff fe9c 	bl	10000870 <ta_set_timeout>
10000b38:	4820      	ldr	r0, [pc, #128]	@ (10000bbc <alarm_pool_irq_handler+0x2ec>)
10000b3a:	f000 faa3 	bl	10001084 <timer_time_us_64>
10000b3e:	1a24      	subs	r4, r4, r0
10000b40:	418d      	sbcs	r5, r1
10000b42:	2d00      	cmp	r5, #0
10000b44:	dc28      	bgt.n	10000b98 <alarm_pool_irq_handler+0x2c8>
10000b46:	d025      	beq.n	10000b94 <alarm_pool_irq_handler+0x2c4>
10000b48:	4b1c      	ldr	r3, [pc, #112]	@ (10000bbc <alarm_pool_irq_handler+0x2ec>)
10000b4a:	9a00      	ldr	r2, [sp, #0]
10000b4c:	635a      	str	r2, [r3, #52]	@ 0x34
10000b4e:	4643      	mov	r3, r8
10000b50:	2208      	movs	r2, #8
10000b52:	5e9b      	ldrsh	r3, [r3, r2]
10000b54:	4699      	mov	r9, r3
10000b56:	2b00      	cmp	r3, #0
10000b58:	db00      	blt.n	10000b5c <alarm_pool_irq_handler+0x28c>
10000b5a:	e6db      	b.n	10000914 <alarm_pool_irq_handler+0x44>
10000b5c:	4643      	mov	r3, r8
10000b5e:	889b      	ldrh	r3, [r3, #4]
10000b60:	b21b      	sxth	r3, r3
10000b62:	2b00      	cmp	r3, #0
10000b64:	db00      	blt.n	10000b68 <alarm_pool_irq_handler+0x298>
10000b66:	e76a      	b.n	10000a3e <alarm_pool_irq_handler+0x16e>
10000b68:	4643      	mov	r3, r8
10000b6a:	799b      	ldrb	r3, [r3, #6]
10000b6c:	2b00      	cmp	r3, #0
10000b6e:	d1b3      	bne.n	10000ad8 <alarm_pool_irq_handler+0x208>
10000b70:	4643      	mov	r3, r8
10000b72:	2208      	movs	r2, #8
10000b74:	5e9a      	ldrsh	r2, [r3, r2]
10000b76:	2a00      	cmp	r2, #0
10000b78:	db0e      	blt.n	10000b98 <alarm_pool_irq_handler+0x2c8>
10000b7a:	4643      	mov	r3, r8
10000b7c:	6959      	ldr	r1, [r3, #20]
10000b7e:	0053      	lsls	r3, r2, #1
10000b80:	189b      	adds	r3, r3, r2
10000b82:	00db      	lsls	r3, r3, #3
10000b84:	18cb      	adds	r3, r1, r3
10000b86:	689c      	ldr	r4, [r3, #8]
10000b88:	68dd      	ldr	r5, [r3, #12]
10000b8a:	1c63      	adds	r3, r4, #1
10000b8c:	d1ce      	bne.n	10000b2c <alarm_pool_irq_handler+0x25c>
10000b8e:	1c6b      	adds	r3, r5, #1
10000b90:	d0d2      	beq.n	10000b38 <alarm_pool_irq_handler+0x268>
10000b92:	e7cb      	b.n	10000b2c <alarm_pool_irq_handler+0x25c>
10000b94:	2c00      	cmp	r4, #0
10000b96:	d0d7      	beq.n	10000b48 <alarm_pool_irq_handler+0x278>
10000b98:	bf40      	sev
10000b9a:	b003      	add	sp, #12
10000b9c:	bcf0      	pop	{r4, r5, r6, r7}
10000b9e:	46bb      	mov	fp, r7
10000ba0:	46b2      	mov	sl, r6
10000ba2:	46a9      	mov	r9, r5
10000ba4:	46a0      	mov	r8, r4
10000ba6:	bdf0      	pop	{r4, r5, r6, r7, pc}
10000ba8:	200008cc 	.word	0x200008cc
10000bac:	4005703c 	.word	0x4005703c
10000bb0:	100037f4 	.word	0x100037f4
10000bb4:	10003f1c 	.word	0x10003f1c
10000bb8:	10003820 	.word	0x10003820
10000bbc:	40054000 	.word	0x40054000
10000bc0:	100008d1 	.word	0x100008d1

10000bc4 <ta_enable_irq_handler>:
10000bc4:	b570      	push	{r4, r5, r6, lr}
10000bc6:	0004      	movs	r4, r0
10000bc8:	000d      	movs	r5, r1
10000bca:	0011      	movs	r1, r2
10000bcc:	2601      	movs	r6, #1
10000bce:	40ae      	lsls	r6, r5
10000bd0:	6206      	str	r6, [r0, #32]
10000bd2:	0028      	movs	r0, r5
10000bd4:	f7ff fdd8 	bl	10000788 <irq_set_exclusive_handler>
10000bd8:	2101      	movs	r1, #1
10000bda:	0028      	movs	r0, r5
10000bdc:	f7ff fdc2 	bl	10000764 <irq_set_enabled>
10000be0:	4b02      	ldr	r3, [pc, #8]	@ (10000bec <ta_enable_irq_handler+0x28>)
10000be2:	469c      	mov	ip, r3
10000be4:	4464      	add	r4, ip
10000be6:	6026      	str	r6, [r4, #0]
10000be8:	bd70      	pop	{r4, r5, r6, pc}
10000bea:	46c0      	nop			@ (mov r8, r8)
10000bec:	00002038 	.word	0x00002038

10000bf0 <alarm_pool_post_alloc_init>:
10000bf0:	b5f8      	push	{r3, r4, r5, r6, r7, lr}
10000bf2:	0004      	movs	r4, r0
10000bf4:	000f      	movs	r7, r1
10000bf6:	0016      	movs	r6, r2
10000bf8:	001d      	movs	r5, r3
10000bfa:	60c1      	str	r1, [r0, #12]
10000bfc:	f7ff fd60 	bl	100006c0 <next_striped_spin_lock_num>
10000c00:	4b12      	ldr	r3, [pc, #72]	@ (10000c4c <alarm_pool_post_alloc_init+0x5c>)
10000c02:	469c      	mov	ip, r3
10000c04:	4460      	add	r0, ip
10000c06:	0080      	lsls	r0, r0, #2
10000c08:	6120      	str	r0, [r4, #16]
10000c0a:	7026      	strb	r6, [r4, #0]
10000c0c:	b2ab      	uxth	r3, r5
10000c0e:	8163      	strh	r3, [r4, #10]
10000c10:	22d0      	movs	r2, #208	@ 0xd0
10000c12:	0612      	lsls	r2, r2, #24
10000c14:	7812      	ldrb	r2, [r2, #0]
10000c16:	7062      	strb	r2, [r4, #1]
10000c18:	2201      	movs	r2, #1
10000c1a:	4252      	negs	r2, r2
10000c1c:	8122      	strh	r2, [r4, #8]
10000c1e:	80a2      	strh	r2, [r4, #4]
10000c20:	189b      	adds	r3, r3, r2
10000c22:	8063      	strh	r3, [r4, #2]
10000c24:	2300      	movs	r3, #0
10000c26:	e006      	b.n	10000c36 <alarm_pool_post_alloc_init+0x46>
10000c28:	1e58      	subs	r0, r3, #1
10000c2a:	6961      	ldr	r1, [r4, #20]
10000c2c:	005a      	lsls	r2, r3, #1
10000c2e:	18d2      	adds	r2, r2, r3
10000c30:	00d2      	lsls	r2, r2, #3
10000c32:	5288      	strh	r0, [r1, r2]
10000c34:	3301      	adds	r3, #1
10000c36:	42ab      	cmp	r3, r5
10000c38:	d3f6      	bcc.n	10000c28 <alarm_pool_post_alloc_init+0x38>
10000c3a:	4b05      	ldr	r3, [pc, #20]	@ (10000c50 <alarm_pool_post_alloc_init+0x60>)
10000c3c:	00b2      	lsls	r2, r6, #2
10000c3e:	50d4      	str	r4, [r2, r3]
10000c40:	4a04      	ldr	r2, [pc, #16]	@ (10000c54 <alarm_pool_post_alloc_init+0x64>)
10000c42:	0031      	movs	r1, r6
10000c44:	0038      	movs	r0, r7
10000c46:	f7ff ffbd 	bl	10000bc4 <ta_enable_irq_handler>
10000c4a:	bdf8      	pop	{r3, r4, r5, r6, r7, pc}
10000c4c:	34000040 	.word	0x34000040
10000c50:	200008cc 	.word	0x200008cc
10000c54:	100008d1 	.word	0x100008d1

10000c58 <alarm_pool_get_default>:
10000c58:	b510      	push	{r4, lr}
10000c5a:	4b06      	ldr	r3, [pc, #24]	@ (10000c74 <alarm_pool_get_default+0x1c>)
10000c5c:	691b      	ldr	r3, [r3, #16]
10000c5e:	2b00      	cmp	r3, #0
10000c60:	d001      	beq.n	10000c66 <alarm_pool_get_default+0xe>
10000c62:	4804      	ldr	r0, [pc, #16]	@ (10000c74 <alarm_pool_get_default+0x1c>)
10000c64:	bd10      	pop	{r4, pc}
10000c66:	4b04      	ldr	r3, [pc, #16]	@ (10000c78 <alarm_pool_get_default+0x20>)
10000c68:	4a04      	ldr	r2, [pc, #16]	@ (10000c7c <alarm_pool_get_default+0x24>)
10000c6a:	4805      	ldr	r0, [pc, #20]	@ (10000c80 <alarm_pool_get_default+0x28>)
10000c6c:	2165      	movs	r1, #101	@ 0x65
10000c6e:	f002 f9c1 	bl	10002ff4 <__assert_func>
10000c72:	46c0      	nop			@ (mov r8, r8)
10000c74:	200005b8 	.word	0x200005b8
10000c78:	10003864 	.word	0x10003864
10000c7c:	10003f04 	.word	0x10003f04
10000c80:	10003820 	.word	0x10003820

10000c84 <alarm_pool_add_alarm_at_force_in_context>:
10000c84:	b5f8      	push	{r3, r4, r5, r6, r7, lr}
10000c86:	0004      	movs	r4, r0
10000c88:	6905      	ldr	r5, [r0, #16]
10000c8a:	f3ef 8010 	mrs	r0, PRIMASK
10000c8e:	b672      	cpsid	i
10000c90:	6829      	ldr	r1, [r5, #0]
10000c92:	2900      	cmp	r1, #0
10000c94:	d0fc      	beq.n	10000c90 <alarm_pool_add_alarm_at_force_in_context+0xc>
10000c96:	f3bf 8f5f 	dmb	sy
10000c9a:	2102      	movs	r1, #2
10000c9c:	5e66      	ldrsh	r6, [r4, r1]
10000c9e:	6965      	ldr	r5, [r4, #20]
10000ca0:	0071      	lsls	r1, r6, #1
10000ca2:	1989      	adds	r1, r1, r6
10000ca4:	00c9      	lsls	r1, r1, #3
10000ca6:	186d      	adds	r5, r5, r1
10000ca8:	2e00      	cmp	r6, #0
10000caa:	db02      	blt.n	10000cb2 <alarm_pool_add_alarm_at_force_in_context+0x2e>
10000cac:	2700      	movs	r7, #0
10000cae:	5fe9      	ldrsh	r1, [r5, r7]
10000cb0:	8061      	strh	r1, [r4, #2]
10000cb2:	6921      	ldr	r1, [r4, #16]
10000cb4:	f3bf 8f5f 	dmb	sy
10000cb8:	2700      	movs	r7, #0
10000cba:	600f      	str	r7, [r1, #0]
10000cbc:	f380 8810 	msr	PRIMASK, r0
10000cc0:	2e00      	cmp	r6, #0
10000cc2:	db2c      	blt.n	10000d1e <alarm_pool_add_alarm_at_force_in_context+0x9a>
10000cc4:	9906      	ldr	r1, [sp, #24]
10000cc6:	6129      	str	r1, [r5, #16]
10000cc8:	9907      	ldr	r1, [sp, #28]
10000cca:	6169      	str	r1, [r5, #20]
10000ccc:	60aa      	str	r2, [r5, #8]
10000cce:	60eb      	str	r3, [r5, #12]
10000cd0:	886b      	ldrh	r3, [r5, #2]
10000cd2:	3301      	adds	r3, #1
10000cd4:	045b      	lsls	r3, r3, #17
10000cd6:	0c59      	lsrs	r1, r3, #17
10000cd8:	2b00      	cmp	r3, #0
10000cda:	d100      	bne.n	10000cde <alarm_pool_add_alarm_at_force_in_context+0x5a>
10000cdc:	2101      	movs	r1, #1
10000cde:	8069      	strh	r1, [r5, #2]
10000ce0:	0030      	movs	r0, r6
10000ce2:	f7ff fdd9 	bl	10000898 <make_alarm_id>
10000ce6:	6921      	ldr	r1, [r4, #16]
10000ce8:	f3ef 8310 	mrs	r3, PRIMASK
10000cec:	b672      	cpsid	i
10000cee:	680a      	ldr	r2, [r1, #0]
10000cf0:	2a00      	cmp	r2, #0
10000cf2:	d0fc      	beq.n	10000cee <alarm_pool_add_alarm_at_force_in_context+0x6a>
10000cf4:	f3bf 8f5f 	dmb	sy
10000cf8:	88a2      	ldrh	r2, [r4, #4]
10000cfa:	802a      	strh	r2, [r5, #0]
10000cfc:	80a6      	strh	r6, [r4, #4]
10000cfe:	6922      	ldr	r2, [r4, #16]
10000d00:	f3bf 8f5f 	dmb	sy
10000d04:	2100      	movs	r1, #0
10000d06:	6011      	str	r1, [r2, #0]
10000d08:	f383 8810 	msr	PRIMASK, r3
10000d0c:	68e3      	ldr	r3, [r4, #12]
10000d0e:	7821      	ldrb	r1, [r4, #0]
10000d10:	2201      	movs	r2, #1
10000d12:	408a      	lsls	r2, r1
10000d14:	4903      	ldr	r1, [pc, #12]	@ (10000d24 <alarm_pool_add_alarm_at_force_in_context+0xa0>)
10000d16:	468c      	mov	ip, r1
10000d18:	4463      	add	r3, ip
10000d1a:	601a      	str	r2, [r3, #0]
10000d1c:	bdf8      	pop	{r3, r4, r5, r6, r7, pc}
10000d1e:	2001      	movs	r0, #1
10000d20:	4240      	negs	r0, r0
10000d22:	e7fb      	b.n	10000d1c <alarm_pool_add_alarm_at_force_in_context+0x98>
10000d24:	0000203c 	.word	0x0000203c

10000d28 <alarm_pool_add_alarm_at>:
10000d28:	b570      	push	{r4, r5, r6, lr}
10000d2a:	b082      	sub	sp, #8
10000d2c:	0006      	movs	r6, r0
10000d2e:	0014      	movs	r4, r2
10000d30:	001d      	movs	r5, r3
10000d32:	ab08      	add	r3, sp, #32
10000d34:	781b      	ldrb	r3, [r3, #0]
10000d36:	2b00      	cmp	r3, #0
10000d38:	d107      	bne.n	10000d4a <alarm_pool_add_alarm_at+0x22>
10000d3a:	f000 f9b9 	bl	100010b0 <time_us_64>
10000d3e:	0022      	movs	r2, r4
10000d40:	002b      	movs	r3, r5
10000d42:	1a12      	subs	r2, r2, r0
10000d44:	418b      	sbcs	r3, r1
10000d46:	2b00      	cmp	r3, #0
10000d48:	db0a      	blt.n	10000d60 <alarm_pool_add_alarm_at+0x38>
10000d4a:	9b07      	ldr	r3, [sp, #28]
10000d4c:	9301      	str	r3, [sp, #4]
10000d4e:	9b06      	ldr	r3, [sp, #24]
10000d50:	9300      	str	r3, [sp, #0]
10000d52:	0022      	movs	r2, r4
10000d54:	002b      	movs	r3, r5
10000d56:	0030      	movs	r0, r6
10000d58:	f7ff ff94 	bl	10000c84 <alarm_pool_add_alarm_at_force_in_context>
10000d5c:	b002      	add	sp, #8
10000d5e:	bd70      	pop	{r4, r5, r6, pc}
10000d60:	2000      	movs	r0, #0
10000d62:	e7fb      	b.n	10000d5c <alarm_pool_add_alarm_at+0x34>

10000d64 <add_alarm_at>:
10000d64:	b5f0      	push	{r4, r5, r6, r7, lr}
10000d66:	46c6      	mov	lr, r8
10000d68:	b500      	push	{lr}
10000d6a:	b084      	sub	sp, #16
10000d6c:	4680      	mov	r8, r0
10000d6e:	000f      	movs	r7, r1
10000d70:	0016      	movs	r6, r2
10000d72:	001d      	movs	r5, r3
10000d74:	ab0a      	add	r3, sp, #40	@ 0x28
10000d76:	781c      	ldrb	r4, [r3, #0]
10000d78:	f7ff ff6e 	bl	10000c58 <alarm_pool_get_default>
10000d7c:	9402      	str	r4, [sp, #8]
10000d7e:	9501      	str	r5, [sp, #4]
10000d80:	9600      	str	r6, [sp, #0]
10000d82:	4642      	mov	r2, r8
10000d84:	003b      	movs	r3, r7
10000d86:	f7ff ffcf 	bl	10000d28 <alarm_pool_add_alarm_at>
10000d8a:	b004      	add	sp, #16
10000d8c:	bc80      	pop	{r7}
10000d8e:	46b8      	mov	r8, r7
10000d90:	bdf0      	pop	{r4, r5, r6, r7, pc}
	...

10000d94 <alarm_pool_cancel_alarm>:
10000d94:	b530      	push	{r4, r5, lr}
10000d96:	0004      	movs	r4, r0
10000d98:	140a      	asrs	r2, r1, #16
10000d9a:	8943      	ldrh	r3, [r0, #10]
10000d9c:	429a      	cmp	r2, r3
10000d9e:	da30      	bge.n	10000e02 <alarm_pool_cancel_alarm+0x6e>
10000da0:	6940      	ldr	r0, [r0, #20]
10000da2:	0053      	lsls	r3, r2, #1
10000da4:	189b      	adds	r3, r3, r2
10000da6:	00db      	lsls	r3, r3, #3
10000da8:	18c3      	adds	r3, r0, r3
10000daa:	6922      	ldr	r2, [r4, #16]
10000dac:	4694      	mov	ip, r2
10000dae:	f3ef 8210 	mrs	r2, PRIMASK
10000db2:	b672      	cpsid	i
10000db4:	4660      	mov	r0, ip
10000db6:	6800      	ldr	r0, [r0, #0]
10000db8:	2800      	cmp	r0, #0
10000dba:	d0fb      	beq.n	10000db4 <alarm_pool_cancel_alarm+0x20>
10000dbc:	f3bf 8f5f 	dmb	sy
10000dc0:	8858      	ldrh	r0, [r3, #2]
10000dc2:	b285      	uxth	r5, r0
10000dc4:	0409      	lsls	r1, r1, #16
10000dc6:	0c09      	lsrs	r1, r1, #16
10000dc8:	4288      	cmp	r0, r1
10000dca:	d012      	beq.n	10000df2 <alarm_pool_cancel_alarm+0x5e>
10000dcc:	2000      	movs	r0, #0
10000dce:	6923      	ldr	r3, [r4, #16]
10000dd0:	f3bf 8f5f 	dmb	sy
10000dd4:	2100      	movs	r1, #0
10000dd6:	6019      	str	r1, [r3, #0]
10000dd8:	f382 8810 	msr	PRIMASK, r2
10000ddc:	2800      	cmp	r0, #0
10000dde:	d011      	beq.n	10000e04 <alarm_pool_cancel_alarm+0x70>
10000de0:	68e3      	ldr	r3, [r4, #12]
10000de2:	7821      	ldrb	r1, [r4, #0]
10000de4:	2201      	movs	r2, #1
10000de6:	408a      	lsls	r2, r1
10000de8:	4907      	ldr	r1, [pc, #28]	@ (10000e08 <alarm_pool_cancel_alarm+0x74>)
10000dea:	468c      	mov	ip, r1
10000dec:	4463      	add	r3, ip
10000dee:	601a      	str	r2, [r3, #0]
10000df0:	e008      	b.n	10000e04 <alarm_pool_cancel_alarm+0x70>
10000df2:	4906      	ldr	r1, [pc, #24]	@ (10000e0c <alarm_pool_cancel_alarm+0x78>)
10000df4:	4329      	orrs	r1, r5
10000df6:	b289      	uxth	r1, r1
10000df8:	8059      	strh	r1, [r3, #2]
10000dfa:	2301      	movs	r3, #1
10000dfc:	71a3      	strb	r3, [r4, #6]
10000dfe:	2001      	movs	r0, #1
10000e00:	e7e5      	b.n	10000dce <alarm_pool_cancel_alarm+0x3a>
10000e02:	2000      	movs	r0, #0
10000e04:	bd30      	pop	{r4, r5, pc}
10000e06:	46c0      	nop			@ (mov r8, r8)
10000e08:	0000203c 	.word	0x0000203c
10000e0c:	ffff8000 	.word	0xffff8000

10000e10 <cancel_alarm>:
10000e10:	b510      	push	{r4, lr}
10000e12:	0004      	movs	r4, r0
10000e14:	f7ff ff20 	bl	10000c58 <alarm_pool_get_default>
10000e18:	0021      	movs	r1, r4
10000e1a:	f7ff ffbb 	bl	10000d94 <alarm_pool_cancel_alarm>
10000e1e:	bd10      	pop	{r4, pc}

10000e20 <sleep_until>:
10000e20:	b5f0      	push	{r4, r5, r6, r7, lr}
10000e22:	b083      	sub	sp, #12
10000e24:	0006      	movs	r6, r0
10000e26:	000f      	movs	r7, r1
10000e28:	f3ef 8305 	mrs	r3, IPSR
10000e2c:	2b00      	cmp	r3, #0
10000e2e:	d11a      	bne.n	10000e66 <sleep_until+0x46>
10000e30:	2406      	movs	r4, #6
10000e32:	4264      	negs	r4, r4
10000e34:	17e5      	asrs	r5, r4, #31
10000e36:	19a4      	adds	r4, r4, r6
10000e38:	417d      	adcs	r5, r7
10000e3a:	428d      	cmp	r5, r1
10000e3c:	d802      	bhi.n	10000e44 <sleep_until+0x24>
10000e3e:	d103      	bne.n	10000e48 <sleep_until+0x28>
10000e40:	4284      	cmp	r4, r0
10000e42:	d901      	bls.n	10000e48 <sleep_until+0x28>
10000e44:	2400      	movs	r4, #0
10000e46:	2500      	movs	r5, #0
10000e48:	f000 f932 	bl	100010b0 <time_us_64>
10000e4c:	0022      	movs	r2, r4
10000e4e:	002b      	movs	r3, r5
10000e50:	1a12      	subs	r2, r2, r0
10000e52:	418b      	sbcs	r3, r1
10000e54:	2b00      	cmp	r3, #0
10000e56:	dc0b      	bgt.n	10000e70 <sleep_until+0x50>
10000e58:	d008      	beq.n	10000e6c <sleep_until+0x4c>
10000e5a:	0030      	movs	r0, r6
10000e5c:	0039      	movs	r1, r7
10000e5e:	f000 f92f 	bl	100010c0 <busy_wait_until>
10000e62:	b003      	add	sp, #12
10000e64:	bdf0      	pop	{r4, r5, r6, r7, pc}
10000e66:	4816      	ldr	r0, [pc, #88]	@ (10000ec0 <sleep_until+0xa0>)
10000e68:	f7ff fbe0 	bl	1000062c <panic>
10000e6c:	2a00      	cmp	r2, #0
10000e6e:	d0f4      	beq.n	10000e5a <sleep_until+0x3a>
10000e70:	4a14      	ldr	r2, [pc, #80]	@ (10000ec4 <sleep_until+0xa4>)
10000e72:	2300      	movs	r3, #0
10000e74:	9300      	str	r3, [sp, #0]
10000e76:	0020      	movs	r0, r4
10000e78:	0029      	movs	r1, r5
10000e7a:	f7ff ff73 	bl	10000d64 <add_alarm_at>
10000e7e:	2800      	cmp	r0, #0
10000e80:	da13      	bge.n	10000eaa <sleep_until+0x8a>
10000e82:	e7ea      	b.n	10000e5a <sleep_until+0x3a>
10000e84:	4b10      	ldr	r3, [pc, #64]	@ (10000ec8 <sleep_until+0xa8>)
10000e86:	6819      	ldr	r1, [r3, #0]
10000e88:	f3ef 8310 	mrs	r3, PRIMASK
10000e8c:	b672      	cpsid	i
10000e8e:	680a      	ldr	r2, [r1, #0]
10000e90:	2a00      	cmp	r2, #0
10000e92:	d0fc      	beq.n	10000e8e <sleep_until+0x6e>
10000e94:	f3bf 8f5f 	dmb	sy
10000e98:	4a0b      	ldr	r2, [pc, #44]	@ (10000ec8 <sleep_until+0xa8>)
10000e9a:	6812      	ldr	r2, [r2, #0]
10000e9c:	f3bf 8f5f 	dmb	sy
10000ea0:	2100      	movs	r1, #0
10000ea2:	6011      	str	r1, [r2, #0]
10000ea4:	f383 8810 	msr	PRIMASK, r3
10000ea8:	bf20      	wfe
10000eaa:	4b08      	ldr	r3, [pc, #32]	@ (10000ecc <sleep_until+0xac>)
10000eac:	6a5b      	ldr	r3, [r3, #36]	@ 0x24
10000eae:	429d      	cmp	r5, r3
10000eb0:	d8e8      	bhi.n	10000e84 <sleep_until+0x64>
10000eb2:	4906      	ldr	r1, [pc, #24]	@ (10000ecc <sleep_until+0xac>)
10000eb4:	6a89      	ldr	r1, [r1, #40]	@ 0x28
10000eb6:	42a1      	cmp	r1, r4
10000eb8:	d2cf      	bcs.n	10000e5a <sleep_until+0x3a>
10000eba:	429d      	cmp	r5, r3
10000ebc:	d1cd      	bne.n	10000e5a <sleep_until+0x3a>
10000ebe:	e7e1      	b.n	10000e84 <sleep_until+0x64>
10000ec0:	10003888 	.word	0x10003888
10000ec4:	100008a1 	.word	0x100008a1
10000ec8:	20000ae8 	.word	0x20000ae8
10000ecc:	40054000 	.word	0x40054000

10000ed0 <sleep_us>:
10000ed0:	b570      	push	{r4, r5, r6, lr}
10000ed2:	0004      	movs	r4, r0
10000ed4:	000d      	movs	r5, r1
10000ed6:	f000 f8eb 	bl	100010b0 <time_us_64>
10000eda:	0022      	movs	r2, r4
10000edc:	002b      	movs	r3, r5
10000ede:	1812      	adds	r2, r2, r0
10000ee0:	414b      	adcs	r3, r1
10000ee2:	0010      	movs	r0, r2
10000ee4:	1e19      	subs	r1, r3, #0
10000ee6:	db02      	blt.n	10000eee <sleep_us+0x1e>
10000ee8:	f7ff ff9a 	bl	10000e20 <sleep_until>
10000eec:	bd70      	pop	{r4, r5, r6, pc}
10000eee:	2001      	movs	r0, #1
10000ef0:	4240      	negs	r0, r0
10000ef2:	4901      	ldr	r1, [pc, #4]	@ (10000ef8 <sleep_us+0x28>)
10000ef4:	e7f8      	b.n	10000ee8 <sleep_us+0x18>
10000ef6:	46c0      	nop			@ (mov r8, r8)
10000ef8:	7fffffff 	.word	0x7fffffff

10000efc <sleep_ms>:
10000efc:	b510      	push	{r4, lr}
10000efe:	22fa      	movs	r2, #250	@ 0xfa
10000f00:	0092      	lsls	r2, r2, #2
10000f02:	2300      	movs	r3, #0
10000f04:	2100      	movs	r1, #0
10000f06:	f000 ff01 	bl	10001d0c <__wrap___aeabi_lmul>
10000f0a:	f7ff ffe1 	bl	10000ed0 <sleep_us>
10000f0e:	bd10      	pop	{r4, pc}

10000f10 <best_effort_wfe_or_timeout>:
10000f10:	b5f0      	push	{r4, r5, r6, r7, lr}
10000f12:	b085      	sub	sp, #20
10000f14:	9003      	str	r0, [sp, #12]
10000f16:	9102      	str	r1, [sp, #8]
10000f18:	f3ef 8305 	mrs	r3, IPSR
10000f1c:	2b00      	cmp	r3, #0
10000f1e:	d013      	beq.n	10000f48 <best_effort_wfe_or_timeout+0x38>
10000f20:	000b      	movs	r3, r1
10000f22:	4a41      	ldr	r2, [pc, #260]	@ (10001028 <best_effort_wfe_or_timeout+0x118>)
10000f24:	6a52      	ldr	r2, [r2, #36]	@ 0x24
10000f26:	428a      	cmp	r2, r1
10000f28:	d309      	bcc.n	10000f3e <best_effort_wfe_or_timeout+0x2e>
10000f2a:	493f      	ldr	r1, [pc, #252]	@ (10001028 <best_effort_wfe_or_timeout+0x118>)
10000f2c:	6a89      	ldr	r1, [r1, #40]	@ 0x28
10000f2e:	4281      	cmp	r1, r0
10000f30:	d208      	bcs.n	10000f44 <best_effort_wfe_or_timeout+0x34>
10000f32:	429a      	cmp	r2, r3
10000f34:	d001      	beq.n	10000f3a <best_effort_wfe_or_timeout+0x2a>
10000f36:	2001      	movs	r0, #1
10000f38:	e002      	b.n	10000f40 <best_effort_wfe_or_timeout+0x30>
10000f3a:	2000      	movs	r0, #0
10000f3c:	e000      	b.n	10000f40 <best_effort_wfe_or_timeout+0x30>
10000f3e:	2000      	movs	r0, #0
10000f40:	b005      	add	sp, #20
10000f42:	bdf0      	pop	{r4, r5, r6, r7, pc}
10000f44:	2001      	movs	r0, #1
10000f46:	e7fb      	b.n	10000f40 <best_effort_wfe_or_timeout+0x30>
10000f48:	f7ff fe86 	bl	10000c58 <alarm_pool_get_default>
10000f4c:	68c3      	ldr	r3, [r0, #12]
10000f4e:	001f      	movs	r7, r3
10000f50:	7806      	ldrb	r6, [r0, #0]
10000f52:	9a03      	ldr	r2, [sp, #12]
10000f54:	0014      	movs	r4, r2
10000f56:	9a02      	ldr	r2, [sp, #8]
10000f58:	0015      	movs	r5, r2
10000f5a:	0018      	movs	r0, r3
10000f5c:	f000 f892 	bl	10001084 <timer_time_us_64>
10000f60:	0002      	movs	r2, r0
10000f62:	000b      	movs	r3, r1
10000f64:	1aa4      	subs	r4, r4, r2
10000f66:	419d      	sbcs	r5, r3
10000f68:	0022      	movs	r2, r4
10000f6a:	1d31      	adds	r1, r6, #4
10000f6c:	0089      	lsls	r1, r1, #2
10000f6e:	59c9      	ldr	r1, [r1, r7]
10000f70:	1a09      	subs	r1, r1, r0
10000f72:	2000      	movs	r0, #0
10000f74:	42a8      	cmp	r0, r5
10000f76:	dc11      	bgt.n	10000f9c <best_effort_wfe_or_timeout+0x8c>
10000f78:	d00e      	beq.n	10000f98 <best_effort_wfe_or_timeout+0x88>
10000f7a:	bf20      	wfe
10000f7c:	9a02      	ldr	r2, [sp, #8]
10000f7e:	4b2a      	ldr	r3, [pc, #168]	@ (10001028 <best_effort_wfe_or_timeout+0x118>)
10000f80:	6a5b      	ldr	r3, [r3, #36]	@ 0x24
10000f82:	429a      	cmp	r2, r3
10000f84:	d834      	bhi.n	10000ff0 <best_effort_wfe_or_timeout+0xe0>
10000f86:	4928      	ldr	r1, [pc, #160]	@ (10001028 <best_effort_wfe_or_timeout+0x118>)
10000f88:	6a89      	ldr	r1, [r1, #40]	@ 0x28
10000f8a:	9803      	ldr	r0, [sp, #12]
10000f8c:	4281      	cmp	r1, r0
10000f8e:	d231      	bcs.n	10000ff4 <best_effort_wfe_or_timeout+0xe4>
10000f90:	429a      	cmp	r2, r3
10000f92:	d02b      	beq.n	10000fec <best_effort_wfe_or_timeout+0xdc>
10000f94:	2001      	movs	r0, #1
10000f96:	e7d3      	b.n	10000f40 <best_effort_wfe_or_timeout+0x30>
10000f98:	4291      	cmp	r1, r2
10000f9a:	d9ee      	bls.n	10000f7a <best_effort_wfe_or_timeout+0x6a>
10000f9c:	4a23      	ldr	r2, [pc, #140]	@ (1000102c <best_effort_wfe_or_timeout+0x11c>)
10000f9e:	2300      	movs	r3, #0
10000fa0:	9300      	str	r3, [sp, #0]
10000fa2:	9d03      	ldr	r5, [sp, #12]
10000fa4:	0028      	movs	r0, r5
10000fa6:	9c02      	ldr	r4, [sp, #8]
10000fa8:	0021      	movs	r1, r4
10000faa:	f7ff fedb 	bl	10000d64 <add_alarm_at>
10000fae:	2800      	cmp	r0, #0
10000fb0:	dd22      	ble.n	10000ff8 <best_effort_wfe_or_timeout+0xe8>
10000fb2:	9902      	ldr	r1, [sp, #8]
10000fb4:	000d      	movs	r5, r1
10000fb6:	4b1c      	ldr	r3, [pc, #112]	@ (10001028 <best_effort_wfe_or_timeout+0x118>)
10000fb8:	6a5b      	ldr	r3, [r3, #36]	@ 0x24
10000fba:	4299      	cmp	r1, r3
10000fbc:	d806      	bhi.n	10000fcc <best_effort_wfe_or_timeout+0xbc>
10000fbe:	4a1a      	ldr	r2, [pc, #104]	@ (10001028 <best_effort_wfe_or_timeout+0x118>)
10000fc0:	6a92      	ldr	r2, [r2, #40]	@ 0x28
10000fc2:	9c03      	ldr	r4, [sp, #12]
10000fc4:	42a2      	cmp	r2, r4
10000fc6:	d202      	bcs.n	10000fce <best_effort_wfe_or_timeout+0xbe>
10000fc8:	4299      	cmp	r1, r3
10000fca:	d100      	bne.n	10000fce <best_effort_wfe_or_timeout+0xbe>
10000fcc:	bf20      	wfe
10000fce:	f7ff ff1f 	bl	10000e10 <cancel_alarm>
10000fd2:	4b15      	ldr	r3, [pc, #84]	@ (10001028 <best_effort_wfe_or_timeout+0x118>)
10000fd4:	6a5b      	ldr	r3, [r3, #36]	@ 0x24
10000fd6:	429d      	cmp	r5, r3
10000fd8:	d822      	bhi.n	10001020 <best_effort_wfe_or_timeout+0x110>
10000fda:	4a13      	ldr	r2, [pc, #76]	@ (10001028 <best_effort_wfe_or_timeout+0x118>)
10000fdc:	6a92      	ldr	r2, [r2, #40]	@ 0x28
10000fde:	9803      	ldr	r0, [sp, #12]
10000fe0:	4282      	cmp	r2, r0
10000fe2:	d21f      	bcs.n	10001024 <best_effort_wfe_or_timeout+0x114>
10000fe4:	429d      	cmp	r5, r3
10000fe6:	d019      	beq.n	1000101c <best_effort_wfe_or_timeout+0x10c>
10000fe8:	2001      	movs	r0, #1
10000fea:	e7a9      	b.n	10000f40 <best_effort_wfe_or_timeout+0x30>
10000fec:	2000      	movs	r0, #0
10000fee:	e7a7      	b.n	10000f40 <best_effort_wfe_or_timeout+0x30>
10000ff0:	2000      	movs	r0, #0
10000ff2:	e7a5      	b.n	10000f40 <best_effort_wfe_or_timeout+0x30>
10000ff4:	2001      	movs	r0, #1
10000ff6:	e7a3      	b.n	10000f40 <best_effort_wfe_or_timeout+0x30>
10000ff8:	4b0b      	ldr	r3, [pc, #44]	@ (10001028 <best_effort_wfe_or_timeout+0x118>)
10000ffa:	6a5b      	ldr	r3, [r3, #36]	@ 0x24
10000ffc:	429c      	cmp	r4, r3
10000ffe:	d809      	bhi.n	10001014 <best_effort_wfe_or_timeout+0x104>
10001000:	4909      	ldr	r1, [pc, #36]	@ (10001028 <best_effort_wfe_or_timeout+0x118>)
10001002:	6a89      	ldr	r1, [r1, #40]	@ 0x28
10001004:	42a9      	cmp	r1, r5
10001006:	d207      	bcs.n	10001018 <best_effort_wfe_or_timeout+0x108>
10001008:	429c      	cmp	r4, r3
1000100a:	d001      	beq.n	10001010 <best_effort_wfe_or_timeout+0x100>
1000100c:	2001      	movs	r0, #1
1000100e:	e797      	b.n	10000f40 <best_effort_wfe_or_timeout+0x30>
10001010:	2000      	movs	r0, #0
10001012:	e795      	b.n	10000f40 <best_effort_wfe_or_timeout+0x30>
10001014:	2000      	movs	r0, #0
10001016:	e793      	b.n	10000f40 <best_effort_wfe_or_timeout+0x30>
10001018:	2001      	movs	r0, #1
1000101a:	e791      	b.n	10000f40 <best_effort_wfe_or_timeout+0x30>
1000101c:	2000      	movs	r0, #0
1000101e:	e78f      	b.n	10000f40 <best_effort_wfe_or_timeout+0x30>
10001020:	2000      	movs	r0, #0
10001022:	e78d      	b.n	10000f40 <best_effort_wfe_or_timeout+0x30>
10001024:	2001      	movs	r0, #1
10001026:	e78b      	b.n	10000f40 <best_effort_wfe_or_timeout+0x30>
10001028:	40054000 	.word	0x40054000
1000102c:	100008a1 	.word	0x100008a1

10001030 <alarm_pool_get_default_timer>:
10001030:	4800      	ldr	r0, [pc, #0]	@ (10001034 <alarm_pool_get_default_timer+0x4>)
10001032:	4770      	bx	lr
10001034:	40054000 	.word	0x40054000

10001038 <runtime_init_default_alarm_pool>:
10001038:	b510      	push	{r4, lr}
1000103a:	4b0b      	ldr	r3, [pc, #44]	@ (10001068 <runtime_init_default_alarm_pool+0x30>)
1000103c:	691b      	ldr	r3, [r3, #16]
1000103e:	2b00      	cmp	r3, #0
10001040:	d004      	beq.n	1000104c <runtime_init_default_alarm_pool+0x14>
10001042:	480a      	ldr	r0, [pc, #40]	@ (1000106c <runtime_init_default_alarm_pool+0x34>)
10001044:	210a      	movs	r1, #10
10001046:	f7ff fbc9 	bl	100007dc <lock_init>
1000104a:	bd10      	pop	{r4, pc}
1000104c:	f7ff fff0 	bl	10001030 <alarm_pool_get_default_timer>
10001050:	0004      	movs	r4, r0
10001052:	2103      	movs	r1, #3
10001054:	f000 f80c 	bl	10001070 <timer_hardware_alarm_claim>
10001058:	4803      	ldr	r0, [pc, #12]	@ (10001068 <runtime_init_default_alarm_pool+0x30>)
1000105a:	2310      	movs	r3, #16
1000105c:	2203      	movs	r2, #3
1000105e:	0021      	movs	r1, r4
10001060:	f7ff fdc6 	bl	10000bf0 <alarm_pool_post_alloc_init>
10001064:	e7ed      	b.n	10001042 <runtime_init_default_alarm_pool+0xa>
10001066:	46c0      	nop			@ (mov r8, r8)
10001068:	200005b8 	.word	0x200005b8
1000106c:	20000ae8 	.word	0x20000ae8

10001070 <timer_hardware_alarm_claim>:
10001070:	b510      	push	{r4, lr}
10001072:	4a02      	ldr	r2, [pc, #8]	@ (1000107c <timer_hardware_alarm_claim+0xc>)
10001074:	4802      	ldr	r0, [pc, #8]	@ (10001080 <timer_hardware_alarm_claim+0x10>)
10001076:	f7ff fb07 	bl	10000688 <hw_claim_or_assert>
1000107a:	bd10      	pop	{r4, pc}
1000107c:	100038d8 	.word	0x100038d8
10001080:	20000880 	.word	0x20000880

10001084 <timer_time_us_64>:
10001084:	0002      	movs	r2, r0
10001086:	6a43      	ldr	r3, [r0, #36]	@ 0x24
10001088:	6a90      	ldr	r0, [r2, #40]	@ 0x28
1000108a:	0019      	movs	r1, r3
1000108c:	6a53      	ldr	r3, [r2, #36]	@ 0x24
1000108e:	4299      	cmp	r1, r3
10001090:	d1fa      	bne.n	10001088 <timer_time_us_64+0x4>
10001092:	4770      	bx	lr

10001094 <timer_busy_wait_until>:
10001094:	6a41      	ldr	r1, [r0, #36]	@ 0x24
10001096:	e000      	b.n	1000109a <timer_busy_wait_until+0x6>
10001098:	6a41      	ldr	r1, [r0, #36]	@ 0x24
1000109a:	4299      	cmp	r1, r3
1000109c:	d3fc      	bcc.n	10001098 <timer_busy_wait_until+0x4>
1000109e:	e000      	b.n	100010a2 <timer_busy_wait_until+0xe>
100010a0:	6a41      	ldr	r1, [r0, #36]	@ 0x24
100010a2:	4299      	cmp	r1, r3
100010a4:	d102      	bne.n	100010ac <timer_busy_wait_until+0x18>
100010a6:	6a81      	ldr	r1, [r0, #40]	@ 0x28
100010a8:	4291      	cmp	r1, r2
100010aa:	d3f9      	bcc.n	100010a0 <timer_busy_wait_until+0xc>
100010ac:	4770      	bx	lr
	...

100010b0 <time_us_64>:
100010b0:	b510      	push	{r4, lr}
100010b2:	4802      	ldr	r0, [pc, #8]	@ (100010bc <time_us_64+0xc>)
100010b4:	f7ff ffe6 	bl	10001084 <timer_time_us_64>
100010b8:	bd10      	pop	{r4, pc}
100010ba:	46c0      	nop			@ (mov r8, r8)
100010bc:	40054000 	.word	0x40054000

100010c0 <busy_wait_until>:
100010c0:	b510      	push	{r4, lr}
100010c2:	0002      	movs	r2, r0
100010c4:	000b      	movs	r3, r1
100010c6:	4802      	ldr	r0, [pc, #8]	@ (100010d0 <busy_wait_until+0x10>)
100010c8:	f7ff ffe4 	bl	10001094 <timer_busy_wait_until>
100010cc:	bd10      	pop	{r4, pc}
100010ce:	46c0      	nop			@ (mov r8, r8)
100010d0:	40054000 	.word	0x40054000

100010d4 <clock_configure_internal>:
100010d4:	b5f8      	push	{r3, r4, r5, r6, r7, lr}
100010d6:	46ce      	mov	lr, r9
100010d8:	4647      	mov	r7, r8
100010da:	b580      	push	{r7, lr}
100010dc:	0005      	movs	r5, r0
100010de:	000e      	movs	r6, r1
100010e0:	4690      	mov	r8, r2
100010e2:	4699      	mov	r9, r3
100010e4:	0044      	lsls	r4, r0, #1
100010e6:	1824      	adds	r4, r4, r0
100010e8:	00a4      	lsls	r4, r4, #2
100010ea:	4b28      	ldr	r3, [pc, #160]	@ (1000118c <clock_configure_internal+0xb8>)
100010ec:	469c      	mov	ip, r3
100010ee:	4464      	add	r4, ip
100010f0:	6863      	ldr	r3, [r4, #4]
100010f2:	9a08      	ldr	r2, [sp, #32]
100010f4:	4293      	cmp	r3, r2
100010f6:	d200      	bcs.n	100010fa <clock_configure_internal+0x26>
100010f8:	6062      	str	r2, [r4, #4]
100010fa:	1f2f      	subs	r7, r5, #4
100010fc:	b2ff      	uxtb	r7, r7
100010fe:	2f01      	cmp	r7, #1
10001100:	d92e      	bls.n	10001160 <clock_configure_internal+0x8c>
10001102:	2280      	movs	r2, #128	@ 0x80
10001104:	0112      	lsls	r2, r2, #4
10001106:	23c0      	movs	r3, #192	@ 0xc0
10001108:	019b      	lsls	r3, r3, #6
1000110a:	18e3      	adds	r3, r4, r3
1000110c:	601a      	str	r2, [r3, #0]
1000110e:	4b20      	ldr	r3, [pc, #128]	@ (10001190 <clock_configure_internal+0xbc>)
10001110:	00aa      	lsls	r2, r5, #2
10001112:	58d1      	ldr	r1, [r2, r3]
10001114:	2900      	cmp	r1, #0
10001116:	d007      	beq.n	10001128 <clock_configure_internal+0x54>
10001118:	6958      	ldr	r0, [r3, #20]
1000111a:	f000 fa61 	bl	100015e0 <__wrap___aeabi_uidiv>
1000111e:	3001      	adds	r0, #1
10001120:	0043      	lsls	r3, r0, #1
10001122:	181b      	adds	r3, r3, r0
10001124:	3b03      	subs	r3, #3
10001126:	d2fd      	bcs.n	10001124 <clock_configure_internal+0x50>
10001128:	4643      	mov	r3, r8
1000112a:	015b      	lsls	r3, r3, #5
1000112c:	6822      	ldr	r2, [r4, #0]
1000112e:	4053      	eors	r3, r2
10001130:	22e0      	movs	r2, #224	@ 0xe0
10001132:	4013      	ands	r3, r2
10001134:	2280      	movs	r2, #128	@ 0x80
10001136:	0152      	lsls	r2, r2, #5
10001138:	18a2      	adds	r2, r4, r2
1000113a:	6013      	str	r3, [r2, #0]
1000113c:	2f01      	cmp	r7, #1
1000113e:	d91a      	bls.n	10001176 <clock_configure_internal+0xa2>
10001140:	2380      	movs	r3, #128	@ 0x80
10001142:	019b      	lsls	r3, r3, #6
10001144:	18e3      	adds	r3, r4, r3
10001146:	2280      	movs	r2, #128	@ 0x80
10001148:	0112      	lsls	r2, r2, #4
1000114a:	601a      	str	r2, [r3, #0]
1000114c:	9b08      	ldr	r3, [sp, #32]
1000114e:	6063      	str	r3, [r4, #4]
10001150:	4b0f      	ldr	r3, [pc, #60]	@ (10001190 <clock_configure_internal+0xbc>)
10001152:	00ad      	lsls	r5, r5, #2
10001154:	464a      	mov	r2, r9
10001156:	50ea      	str	r2, [r5, r3]
10001158:	bcc0      	pop	{r6, r7}
1000115a:	46b9      	mov	r9, r7
1000115c:	46b0      	mov	r8, r6
1000115e:	bdf8      	pop	{r3, r4, r5, r6, r7, pc}
10001160:	2e01      	cmp	r6, #1
10001162:	d1ce      	bne.n	10001102 <clock_configure_internal+0x2e>
10001164:	2203      	movs	r2, #3
10001166:	23c0      	movs	r3, #192	@ 0xc0
10001168:	019b      	lsls	r3, r3, #6
1000116a:	18e3      	adds	r3, r4, r3
1000116c:	601a      	str	r2, [r3, #0]
1000116e:	68a3      	ldr	r3, [r4, #8]
10001170:	07db      	lsls	r3, r3, #31
10001172:	d5fc      	bpl.n	1000116e <clock_configure_internal+0x9a>
10001174:	e7d8      	b.n	10001128 <clock_configure_internal+0x54>
10001176:	6821      	ldr	r1, [r4, #0]
10001178:	4071      	eors	r1, r6
1000117a:	2303      	movs	r3, #3
1000117c:	400b      	ands	r3, r1
1000117e:	6013      	str	r3, [r2, #0]
10001180:	68a3      	ldr	r3, [r4, #8]
10001182:	2201      	movs	r2, #1
10001184:	40b2      	lsls	r2, r6
10001186:	421a      	tst	r2, r3
10001188:	d0fa      	beq.n	10001180 <clock_configure_internal+0xac>
1000118a:	e7d9      	b.n	10001140 <clock_configure_internal+0x6c>
1000118c:	40008000 	.word	0x40008000
10001190:	20000884 	.word	0x20000884

10001194 <clock_configure_int_divider>:
10001194:	b570      	push	{r4, r5, r6, lr}
10001196:	b082      	sub	sp, #8
10001198:	0006      	movs	r6, r0
1000119a:	000d      	movs	r5, r1
1000119c:	0014      	movs	r4, r2
1000119e:	0018      	movs	r0, r3
100011a0:	9906      	ldr	r1, [sp, #24]
100011a2:	f000 fa1d 	bl	100015e0 <__wrap___aeabi_uidiv>
100011a6:	0003      	movs	r3, r0
100011a8:	9a06      	ldr	r2, [sp, #24]
100011aa:	0211      	lsls	r1, r2, #8
100011ac:	9100      	str	r1, [sp, #0]
100011ae:	0022      	movs	r2, r4
100011b0:	0029      	movs	r1, r5
100011b2:	0030      	movs	r0, r6
100011b4:	f7ff ff8e 	bl	100010d4 <clock_configure_internal>
100011b8:	b002      	add	sp, #8
100011ba:	bd70      	pop	{r4, r5, r6, pc}

100011bc <clock_configure_undivided>:
100011bc:	b510      	push	{r4, lr}
100011be:	b082      	sub	sp, #8
100011c0:	2480      	movs	r4, #128	@ 0x80
100011c2:	0064      	lsls	r4, r4, #1
100011c4:	9400      	str	r4, [sp, #0]
100011c6:	f7ff ff85 	bl	100010d4 <clock_configure_internal>
100011ca:	b002      	add	sp, #8
100011cc:	bd10      	pop	{r4, pc}
	...

100011d0 <clock_get_hz>:
100011d0:	4b01      	ldr	r3, [pc, #4]	@ (100011d8 <clock_get_hz+0x8>)
100011d2:	0080      	lsls	r0, r0, #2
100011d4:	58c0      	ldr	r0, [r0, r3]
100011d6:	4770      	bx	lr
100011d8:	20000884 	.word	0x20000884

100011dc <pll_init>:
100011dc:	b5f0      	push	{r4, r5, r6, r7, lr}
100011de:	46c6      	mov	lr, r8
100011e0:	b500      	push	{lr}
100011e2:	0004      	movs	r4, r0
100011e4:	000e      	movs	r6, r1
100011e6:	0017      	movs	r7, r2
100011e8:	001d      	movs	r5, r3
100011ea:	4837      	ldr	r0, [pc, #220]	@ (100012c8 <pll_init+0xec>)
100011ec:	f000 f9f8 	bl	100015e0 <__wrap___aeabi_uidiv>
100011f0:	4680      	mov	r8, r0
100011f2:	4b36      	ldr	r3, [pc, #216]	@ (100012cc <pll_init+0xf0>)
100011f4:	18fa      	adds	r2, r7, r3
100011f6:	4b36      	ldr	r3, [pc, #216]	@ (100012d0 <pll_init+0xf4>)
100011f8:	429a      	cmp	r2, r3
100011fa:	d839      	bhi.n	10001270 <pll_init+0x94>
100011fc:	0001      	movs	r1, r0
100011fe:	0038      	movs	r0, r7
10001200:	f000 f9ee 	bl	100015e0 <__wrap___aeabi_uidiv>
10001204:	0002      	movs	r2, r0
10001206:	3a10      	subs	r2, #16
10001208:	2398      	movs	r3, #152	@ 0x98
1000120a:	005b      	lsls	r3, r3, #1
1000120c:	429a      	cmp	r2, r3
1000120e:	d835      	bhi.n	1000127c <pll_init+0xa0>
10001210:	1e6b      	subs	r3, r5, #1
10001212:	2b06      	cmp	r3, #6
10001214:	d838      	bhi.n	10001288 <pll_init+0xac>
10001216:	9b06      	ldr	r3, [sp, #24]
10001218:	3b01      	subs	r3, #1
1000121a:	2b06      	cmp	r3, #6
1000121c:	d834      	bhi.n	10001288 <pll_init+0xac>
1000121e:	093f      	lsrs	r7, r7, #4
10001220:	4547      	cmp	r7, r8
10001222:	d337      	bcc.n	10001294 <pll_init+0xb8>
10001224:	042d      	lsls	r5, r5, #16
10001226:	9b06      	ldr	r3, [sp, #24]
10001228:	031b      	lsls	r3, r3, #12
1000122a:	431d      	orrs	r5, r3
1000122c:	6823      	ldr	r3, [r4, #0]
1000122e:	2b00      	cmp	r3, #0
10001230:	db36      	blt.n	100012a0 <pll_init+0xc4>
10001232:	4b28      	ldr	r3, [pc, #160]	@ (100012d4 <pll_init+0xf8>)
10001234:	429c      	cmp	r4, r3
10001236:	d044      	beq.n	100012c2 <pll_init+0xe6>
10001238:	220c      	movs	r2, #12
1000123a:	2301      	movs	r3, #1
1000123c:	4093      	lsls	r3, r2
1000123e:	4a26      	ldr	r2, [pc, #152]	@ (100012d8 <pll_init+0xfc>)
10001240:	6013      	str	r3, [r2, #0]
10001242:	4a26      	ldr	r2, [pc, #152]	@ (100012dc <pll_init+0x100>)
10001244:	6013      	str	r3, [r2, #0]
10001246:	4a26      	ldr	r2, [pc, #152]	@ (100012e0 <pll_init+0x104>)
10001248:	6812      	ldr	r2, [r2, #0]
1000124a:	0019      	movs	r1, r3
1000124c:	4391      	bics	r1, r2
1000124e:	1e0a      	subs	r2, r1, #0
10001250:	d1f9      	bne.n	10001246 <pll_init+0x6a>
10001252:	6026      	str	r6, [r4, #0]
10001254:	60a0      	str	r0, [r4, #8]
10001256:	4b23      	ldr	r3, [pc, #140]	@ (100012e4 <pll_init+0x108>)
10001258:	18e3      	adds	r3, r4, r3
1000125a:	3221      	adds	r2, #33	@ 0x21
1000125c:	601a      	str	r2, [r3, #0]
1000125e:	6822      	ldr	r2, [r4, #0]
10001260:	2a00      	cmp	r2, #0
10001262:	dafc      	bge.n	1000125e <pll_init+0x82>
10001264:	60e5      	str	r5, [r4, #12]
10001266:	2208      	movs	r2, #8
10001268:	601a      	str	r2, [r3, #0]
1000126a:	bc80      	pop	{r7}
1000126c:	46b8      	mov	r8, r7
1000126e:	bdf0      	pop	{r4, r5, r6, r7, pc}
10001270:	4b1d      	ldr	r3, [pc, #116]	@ (100012e8 <pll_init+0x10c>)
10001272:	4a1e      	ldr	r2, [pc, #120]	@ (100012ec <pll_init+0x110>)
10001274:	481e      	ldr	r0, [pc, #120]	@ (100012f0 <pll_init+0x114>)
10001276:	2111      	movs	r1, #17
10001278:	f001 febc 	bl	10002ff4 <__assert_func>
1000127c:	4b1d      	ldr	r3, [pc, #116]	@ (100012f4 <pll_init+0x118>)
1000127e:	4a1b      	ldr	r2, [pc, #108]	@ (100012ec <pll_init+0x110>)
10001280:	481b      	ldr	r0, [pc, #108]	@ (100012f0 <pll_init+0x114>)
10001282:	2119      	movs	r1, #25
10001284:	f001 feb6 	bl	10002ff4 <__assert_func>
10001288:	4b1b      	ldr	r3, [pc, #108]	@ (100012f8 <pll_init+0x11c>)
1000128a:	4a18      	ldr	r2, [pc, #96]	@ (100012ec <pll_init+0x110>)
1000128c:	4818      	ldr	r0, [pc, #96]	@ (100012f0 <pll_init+0x114>)
1000128e:	211c      	movs	r1, #28
10001290:	f001 feb0 	bl	10002ff4 <__assert_func>
10001294:	4b19      	ldr	r3, [pc, #100]	@ (100012fc <pll_init+0x120>)
10001296:	4a15      	ldr	r2, [pc, #84]	@ (100012ec <pll_init+0x110>)
10001298:	4815      	ldr	r0, [pc, #84]	@ (100012f0 <pll_init+0x114>)
1000129a:	2123      	movs	r1, #35	@ 0x23
1000129c:	f001 feaa 	bl	10002ff4 <__assert_func>
100012a0:	6822      	ldr	r2, [r4, #0]
100012a2:	233f      	movs	r3, #63	@ 0x3f
100012a4:	4013      	ands	r3, r2
100012a6:	42b3      	cmp	r3, r6
100012a8:	d1c3      	bne.n	10001232 <pll_init+0x56>
100012aa:	68a3      	ldr	r3, [r4, #8]
100012ac:	051b      	lsls	r3, r3, #20
100012ae:	0d1b      	lsrs	r3, r3, #20
100012b0:	4283      	cmp	r3, r0
100012b2:	d1be      	bne.n	10001232 <pll_init+0x56>
100012b4:	68e3      	ldr	r3, [r4, #12]
100012b6:	22ee      	movs	r2, #238	@ 0xee
100012b8:	02d2      	lsls	r2, r2, #11
100012ba:	4013      	ands	r3, r2
100012bc:	42ab      	cmp	r3, r5
100012be:	d1b8      	bne.n	10001232 <pll_init+0x56>
100012c0:	e7d3      	b.n	1000126a <pll_init+0x8e>
100012c2:	220d      	movs	r2, #13
100012c4:	e7b9      	b.n	1000123a <pll_init+0x5e>
100012c6:	46c0      	nop			@ (mov r8, r8)
100012c8:	00b71b00 	.word	0x00b71b00
100012cc:	d34be880 	.word	0xd34be880
100012d0:	32a9f880 	.word	0x32a9f880
100012d4:	4002c000 	.word	0x4002c000
100012d8:	4000e000 	.word	0x4000e000
100012dc:	4000f000 	.word	0x4000f000
100012e0:	4000c008 	.word	0x4000c008
100012e4:	00003004 	.word	0x00003004
100012e8:	100038fc 	.word	0x100038fc
100012ec:	10003f34 	.word	0x10003f34
100012f0:	1000394c 	.word	0x1000394c
100012f4:	10003998 	.word	0x10003998
100012f8:	100039b4 	.word	0x100039b4
100012fc:	10003a00 	.word	0x10003a00

10001300 <tick_start>:
10001300:	2380      	movs	r3, #128	@ 0x80
10001302:	009b      	lsls	r3, r3, #2
10001304:	430b      	orrs	r3, r1
10001306:	4a01      	ldr	r2, [pc, #4]	@ (1000130c <tick_start+0xc>)
10001308:	62d3      	str	r3, [r2, #44]	@ 0x2c
1000130a:	4770      	bx	lr
1000130c:	40058000 	.word	0x40058000

10001310 <rom_func_lookup>:
10001310:	b510      	push	{r4, lr}
10001312:	0001      	movs	r1, r0
10001314:	2318      	movs	r3, #24
10001316:	881b      	ldrh	r3, [r3, #0]
10001318:	2214      	movs	r2, #20
1000131a:	8810      	ldrh	r0, [r2, #0]
1000131c:	4798      	blx	r3
1000131e:	bd10      	pop	{r4, pc}

10001320 <rom_data_lookup>:
10001320:	b510      	push	{r4, lr}
10001322:	0001      	movs	r1, r0
10001324:	2318      	movs	r3, #24
10001326:	881b      	ldrh	r3, [r3, #0]
10001328:	2216      	movs	r2, #22
1000132a:	8810      	ldrh	r0, [r2, #0]
1000132c:	4798      	blx	r3
1000132e:	bd10      	pop	{r4, pc}

10001330 <rom_funcs_lookup>:
10001330:	b5f0      	push	{r4, r5, r6, r7, lr}
10001332:	46c6      	mov	lr, r8
10001334:	b500      	push	{lr}
10001336:	0007      	movs	r7, r0
10001338:	000e      	movs	r6, r1
1000133a:	2500      	movs	r5, #0
1000133c:	2301      	movs	r3, #1
1000133e:	4698      	mov	r8, r3
10001340:	e000      	b.n	10001344 <rom_funcs_lookup+0x14>
10001342:	3501      	adds	r5, #1
10001344:	42b5      	cmp	r5, r6
10001346:	d20a      	bcs.n	1000135e <rom_funcs_lookup+0x2e>
10001348:	00ac      	lsls	r4, r5, #2
1000134a:	193c      	adds	r4, r7, r4
1000134c:	6820      	ldr	r0, [r4, #0]
1000134e:	f7ff ffdf 	bl	10001310 <rom_func_lookup>
10001352:	6020      	str	r0, [r4, #0]
10001354:	2800      	cmp	r0, #0
10001356:	d1f4      	bne.n	10001342 <rom_funcs_lookup+0x12>
10001358:	2300      	movs	r3, #0
1000135a:	4698      	mov	r8, r3
1000135c:	e7f1      	b.n	10001342 <rom_funcs_lookup+0x12>
1000135e:	4640      	mov	r0, r8
10001360:	bc80      	pop	{r7}
10001362:	46b8      	mov	r8, r7
10001364:	bdf0      	pop	{r4, r5, r6, r7, pc}
	...

10001368 <xosc_init>:
10001368:	4b07      	ldr	r3, [pc, #28]	@ (10001388 <xosc_init+0x20>)
1000136a:	22aa      	movs	r2, #170	@ 0xaa
1000136c:	0112      	lsls	r2, r2, #4
1000136e:	601a      	str	r2, [r3, #0]
10001370:	228d      	movs	r2, #141	@ 0x8d
10001372:	0052      	lsls	r2, r2, #1
10001374:	60da      	str	r2, [r3, #12]
10001376:	4b05      	ldr	r3, [pc, #20]	@ (1000138c <xosc_init+0x24>)
10001378:	4a05      	ldr	r2, [pc, #20]	@ (10001390 <xosc_init+0x28>)
1000137a:	601a      	str	r2, [r3, #0]
1000137c:	4b02      	ldr	r3, [pc, #8]	@ (10001388 <xosc_init+0x20>)
1000137e:	685b      	ldr	r3, [r3, #4]
10001380:	2b00      	cmp	r3, #0
10001382:	dafb      	bge.n	1000137c <xosc_init+0x14>
10001384:	4770      	bx	lr
10001386:	46c0      	nop			@ (mov r8, r8)
10001388:	40024000 	.word	0x40024000
1000138c:	40026000 	.word	0x40026000
10001390:	00fab000 	.word	0x00fab000

10001394 <runtime_run_initializers_from>:
10001394:	b510      	push	{r4, lr}
10001396:	0004      	movs	r4, r0
10001398:	e001      	b.n	1000139e <runtime_run_initializers_from+0xa>
1000139a:	cc08      	ldmia	r4!, {r3}
1000139c:	4798      	blx	r3
1000139e:	4b02      	ldr	r3, [pc, #8]	@ (100013a8 <runtime_run_initializers_from+0x14>)
100013a0:	429c      	cmp	r4, r3
100013a2:	d3fa      	bcc.n	1000139a <runtime_run_initializers_from+0x6>
100013a4:	bd10      	pop	{r4, pc}
100013a6:	46c0      	nop			@ (mov r8, r8)
100013a8:	100035d4 	.word	0x100035d4

100013ac <first_per_core_initializer>:
100013ac:	4770      	bx	lr
	...

100013b0 <runtime_run_initializers>:
100013b0:	b510      	push	{r4, lr}
100013b2:	4802      	ldr	r0, [pc, #8]	@ (100013bc <runtime_run_initializers+0xc>)
100013b4:	f7ff ffee 	bl	10001394 <runtime_run_initializers_from>
100013b8:	bd10      	pop	{r4, pc}
100013ba:	46c0      	nop			@ (mov r8, r8)
100013bc:	10003598 	.word	0x10003598

100013c0 <runtime_init_early_resets>:
100013c0:	4b05      	ldr	r3, [pc, #20]	@ (100013d8 <runtime_init_early_resets+0x18>)
100013c2:	4a06      	ldr	r2, [pc, #24]	@ (100013dc <runtime_init_early_resets+0x1c>)
100013c4:	601a      	str	r2, [r3, #0]
100013c6:	4b06      	ldr	r3, [pc, #24]	@ (100013e0 <runtime_init_early_resets+0x20>)
100013c8:	4a06      	ldr	r2, [pc, #24]	@ (100013e4 <runtime_init_early_resets+0x24>)
100013ca:	601a      	str	r2, [r3, #0]
100013cc:	4b06      	ldr	r3, [pc, #24]	@ (100013e8 <runtime_init_early_resets+0x28>)
100013ce:	681a      	ldr	r2, [r3, #0]
100013d0:	4b04      	ldr	r3, [pc, #16]	@ (100013e4 <runtime_init_early_resets+0x24>)
100013d2:	4393      	bics	r3, r2
100013d4:	d1fa      	bne.n	100013cc <runtime_init_early_resets+0xc>
100013d6:	4770      	bx	lr
100013d8:	4000e000 	.word	0x4000e000
100013dc:	fefbcdbf 	.word	0xfefbcdbf
100013e0:	4000f000 	.word	0x4000f000
100013e4:	003c7ffe 	.word	0x003c7ffe
100013e8:	4000c008 	.word	0x4000c008

100013ec <runtime_init_usb_power_down>:
100013ec:	4b04      	ldr	r3, [pc, #16]	@ (10001400 <runtime_init_usb_power_down+0x14>)
100013ee:	6cdb      	ldr	r3, [r3, #76]	@ 0x4c
100013f0:	2b00      	cmp	r3, #0
100013f2:	d103      	bne.n	100013fc <runtime_init_usb_power_down+0x10>
100013f4:	4b03      	ldr	r3, [pc, #12]	@ (10001404 <runtime_init_usb_power_down+0x18>)
100013f6:	2280      	movs	r2, #128	@ 0x80
100013f8:	02d2      	lsls	r2, r2, #11
100013fa:	601a      	str	r2, [r3, #0]
100013fc:	4770      	bx	lr
100013fe:	46c0      	nop			@ (mov r8, r8)
10001400:	50110000 	.word	0x50110000
10001404:	5011204c 	.word	0x5011204c

10001408 <runtime_init_post_clock_resets>:
10001408:	4b04      	ldr	r3, [pc, #16]	@ (1000141c <runtime_init_post_clock_resets+0x14>)
1000140a:	4a05      	ldr	r2, [pc, #20]	@ (10001420 <runtime_init_post_clock_resets+0x18>)
1000140c:	601a      	str	r2, [r3, #0]
1000140e:	4b05      	ldr	r3, [pc, #20]	@ (10001424 <runtime_init_post_clock_resets+0x1c>)
10001410:	681b      	ldr	r3, [r3, #0]
10001412:	43db      	mvns	r3, r3
10001414:	01db      	lsls	r3, r3, #7
10001416:	d1fa      	bne.n	1000140e <runtime_init_post_clock_resets+0x6>
10001418:	4770      	bx	lr
1000141a:	46c0      	nop			@ (mov r8, r8)
1000141c:	4000f000 	.word	0x4000f000
10001420:	01ffffff 	.word	0x01ffffff
10001424:	4000c008 	.word	0x4000c008

10001428 <runtime_init_rp2040_gpio_ie_disable>:
10001428:	4b03      	ldr	r3, [pc, #12]	@ (10001438 <runtime_init_rp2040_gpio_ie_disable+0x10>)
1000142a:	2240      	movs	r2, #64	@ 0x40
1000142c:	679a      	str	r2, [r3, #120]	@ 0x78
1000142e:	675a      	str	r2, [r3, #116]	@ 0x74
10001430:	671a      	str	r2, [r3, #112]	@ 0x70
10001432:	66da      	str	r2, [r3, #108]	@ 0x6c
10001434:	4770      	bx	lr
10001436:	46c0      	nop			@ (mov r8, r8)
10001438:	4001f000 	.word	0x4001f000

1000143c <runtime_init_spin_locks_reset>:
1000143c:	b510      	push	{r4, lr}
1000143e:	f7ff f94d 	bl	100006dc <spin_locks_reset>
10001442:	bd10      	pop	{r4, pc}

10001444 <runtime_init_install_ram_vector_table>:
10001444:	b510      	push	{r4, lr}
10001446:	4a0c      	ldr	r2, [pc, #48]	@ (10001478 <runtime_init_install_ram_vector_table+0x34>)
10001448:	4b0c      	ldr	r3, [pc, #48]	@ (1000147c <runtime_init_install_ram_vector_table+0x38>)
1000144a:	1ad2      	subs	r2, r2, r3
1000144c:	1092      	asrs	r2, r2, #2
1000144e:	0014      	movs	r4, r2
10001450:	2a30      	cmp	r2, #48	@ 0x30
10001452:	d900      	bls.n	10001456 <runtime_init_install_ram_vector_table+0x12>
10001454:	2230      	movs	r2, #48	@ 0x30
10001456:	0092      	lsls	r2, r2, #2
10001458:	4809      	ldr	r0, [pc, #36]	@ (10001480 <runtime_init_install_ram_vector_table+0x3c>)
1000145a:	4908      	ldr	r1, [pc, #32]	@ (1000147c <runtime_init_install_ram_vector_table+0x38>)
1000145c:	f000 fcca 	bl	10001df4 <__wrap___aeabi_memcpy>
10001460:	e004      	b.n	1000146c <runtime_init_install_ram_vector_table+0x28>
10001462:	4a08      	ldr	r2, [pc, #32]	@ (10001484 <runtime_init_install_ram_vector_table+0x40>)
10001464:	4b06      	ldr	r3, [pc, #24]	@ (10001480 <runtime_init_install_ram_vector_table+0x3c>)
10001466:	00a1      	lsls	r1, r4, #2
10001468:	50ca      	str	r2, [r1, r3]
1000146a:	3401      	adds	r4, #1
1000146c:	2c2f      	cmp	r4, #47	@ 0x2f
1000146e:	d9f8      	bls.n	10001462 <runtime_init_install_ram_vector_table+0x1e>
10001470:	4b03      	ldr	r3, [pc, #12]	@ (10001480 <runtime_init_install_ram_vector_table+0x3c>)
10001472:	4a05      	ldr	r2, [pc, #20]	@ (10001488 <runtime_init_install_ram_vector_table+0x44>)
10001474:	6093      	str	r3, [r2, #8]
10001476:	bd10      	pop	{r4, pc}
10001478:	100001c0 	.word	0x100001c0
1000147c:	10000100 	.word	0x10000100
10001480:	20000000 	.word	0x20000000
10001484:	100001c1 	.word	0x100001c1
10001488:	e000ed00 	.word	0xe000ed00

1000148c <start_all_ticks>:
1000148c:	b570      	push	{r4, r5, r6, lr}
1000148e:	2004      	movs	r0, #4
10001490:	f7ff fe9e 	bl	100011d0 <clock_get_hz>
10001494:	4906      	ldr	r1, [pc, #24]	@ (100014b0 <start_all_ticks+0x24>)
10001496:	f000 f8a3 	bl	100015e0 <__wrap___aeabi_uidiv>
1000149a:	0005      	movs	r5, r0
1000149c:	2400      	movs	r4, #0
1000149e:	2c00      	cmp	r4, #0
100014a0:	dd00      	ble.n	100014a4 <start_all_ticks+0x18>
100014a2:	bd70      	pop	{r4, r5, r6, pc}
100014a4:	b2e0      	uxtb	r0, r4
100014a6:	0029      	movs	r1, r5
100014a8:	f7ff ff2a 	bl	10001300 <tick_start>
100014ac:	3401      	adds	r4, #1
100014ae:	e7f6      	b.n	1000149e <start_all_ticks+0x12>
100014b0:	000f4240 	.word	0x000f4240

100014b4 <runtime_init_clocks>:
100014b4:	b530      	push	{r4, r5, lr}
100014b6:	b083      	sub	sp, #12
100014b8:	4b27      	ldr	r3, [pc, #156]	@ (10001558 <runtime_init_clocks+0xa4>)
100014ba:	2200      	movs	r2, #0
100014bc:	679a      	str	r2, [r3, #120]	@ 0x78
100014be:	f7ff ff53 	bl	10001368 <xosc_init>
100014c2:	4b26      	ldr	r3, [pc, #152]	@ (1000155c <runtime_init_clocks+0xa8>)
100014c4:	2201      	movs	r2, #1
100014c6:	601a      	str	r2, [r3, #0]
100014c8:	4b23      	ldr	r3, [pc, #140]	@ (10001558 <runtime_init_clocks+0xa4>)
100014ca:	6c5b      	ldr	r3, [r3, #68]	@ 0x44
100014cc:	2b01      	cmp	r3, #1
100014ce:	d1fb      	bne.n	100014c8 <runtime_init_clocks+0x14>
100014d0:	4b23      	ldr	r3, [pc, #140]	@ (10001560 <runtime_init_clocks+0xac>)
100014d2:	2203      	movs	r2, #3
100014d4:	601a      	str	r2, [r3, #0]
100014d6:	4b20      	ldr	r3, [pc, #128]	@ (10001558 <runtime_init_clocks+0xa4>)
100014d8:	6b9b      	ldr	r3, [r3, #56]	@ 0x38
100014da:	2b01      	cmp	r3, #1
100014dc:	d1fb      	bne.n	100014d6 <runtime_init_clocks+0x22>
100014de:	3301      	adds	r3, #1
100014e0:	9300      	str	r3, [sp, #0]
100014e2:	3304      	adds	r3, #4
100014e4:	4a1f      	ldr	r2, [pc, #124]	@ (10001564 <runtime_init_clocks+0xb0>)
100014e6:	2101      	movs	r1, #1
100014e8:	481f      	ldr	r0, [pc, #124]	@ (10001568 <runtime_init_clocks+0xb4>)
100014ea:	f7ff fe77 	bl	100011dc <pll_init>
100014ee:	2305      	movs	r3, #5
100014f0:	9300      	str	r3, [sp, #0]
100014f2:	4a1e      	ldr	r2, [pc, #120]	@ (1000156c <runtime_init_clocks+0xb8>)
100014f4:	2101      	movs	r1, #1
100014f6:	481e      	ldr	r0, [pc, #120]	@ (10001570 <runtime_init_clocks+0xbc>)
100014f8:	f7ff fe70 	bl	100011dc <pll_init>
100014fc:	4b1d      	ldr	r3, [pc, #116]	@ (10001574 <runtime_init_clocks+0xc0>)
100014fe:	2200      	movs	r2, #0
10001500:	2102      	movs	r1, #2
10001502:	2004      	movs	r0, #4
10001504:	f7ff fe5a 	bl	100011bc <clock_configure_undivided>
10001508:	4d1b      	ldr	r5, [pc, #108]	@ (10001578 <runtime_init_clocks+0xc4>)
1000150a:	002b      	movs	r3, r5
1000150c:	2200      	movs	r2, #0
1000150e:	2101      	movs	r1, #1
10001510:	2005      	movs	r0, #5
10001512:	f7ff fe53 	bl	100011bc <clock_configure_undivided>
10001516:	4c19      	ldr	r4, [pc, #100]	@ (1000157c <runtime_init_clocks+0xc8>)
10001518:	0023      	movs	r3, r4
1000151a:	2200      	movs	r2, #0
1000151c:	2100      	movs	r1, #0
1000151e:	2007      	movs	r0, #7
10001520:	f7ff fe4c 	bl	100011bc <clock_configure_undivided>
10001524:	0023      	movs	r3, r4
10001526:	2200      	movs	r2, #0
10001528:	2100      	movs	r1, #0
1000152a:	2008      	movs	r0, #8
1000152c:	f7ff fe46 	bl	100011bc <clock_configure_undivided>
10001530:	2380      	movs	r3, #128	@ 0x80
10001532:	00db      	lsls	r3, r3, #3
10001534:	9300      	str	r3, [sp, #0]
10001536:	0023      	movs	r3, r4
10001538:	2200      	movs	r2, #0
1000153a:	2100      	movs	r1, #0
1000153c:	2009      	movs	r0, #9
1000153e:	f7ff fe29 	bl	10001194 <clock_configure_int_divider>
10001542:	002b      	movs	r3, r5
10001544:	2200      	movs	r2, #0
10001546:	2100      	movs	r1, #0
10001548:	2006      	movs	r0, #6
1000154a:	f7ff fe37 	bl	100011bc <clock_configure_undivided>
1000154e:	f7ff ff9d 	bl	1000148c <start_all_ticks>
10001552:	b003      	add	sp, #12
10001554:	bd30      	pop	{r4, r5, pc}
10001556:	46c0      	nop			@ (mov r8, r8)
10001558:	40008000 	.word	0x40008000
1000155c:	4000b03c 	.word	0x4000b03c
10001560:	4000b030 	.word	0x4000b030
10001564:	59682f00 	.word	0x59682f00
10001568:	40028000 	.word	0x40028000
1000156c:	47868c00 	.word	0x47868c00
10001570:	4002c000 	.word	0x4002c000
10001574:	00b71b00 	.word	0x00b71b00
10001578:	07735940 	.word	0x07735940
1000157c:	02dc6c00 	.word	0x02dc6c00

10001580 <__aeabi_bits_init>:
10001580:	4801      	ldr	r0, [pc, #4]	@ (10001588 <__aeabi_bits_init+0x8>)
10001582:	2104      	movs	r1, #4
10001584:	4b01      	ldr	r3, [pc, #4]	@ (1000158c <__aeabi_bits_init+0xc>)
10001586:	4718      	bx	r3
10001588:	200005d0 	.word	0x200005d0
1000158c:	10001331 	.word	0x10001331

10001590 <__wrap___aeabi_idiv>:
10001590:	4a12      	ldr	r2, [pc, #72]	@ (100015dc <divmod_s32s32_savestate+0x18>)
10001592:	6f93      	ldr	r3, [r2, #120]	@ 0x78
10001594:	089b      	lsrs	r3, r3, #2
10001596:	d215      	bcs.n	100015c4 <divmod_s32s32_savestate>

10001598 <divmod_s32s32_unsafe>:
10001598:	6690      	str	r0, [r2, #104]	@ 0x68
1000159a:	66d1      	str	r1, [r2, #108]	@ 0x6c
1000159c:	2900      	cmp	r1, #0
1000159e:	d005      	beq.n	100015ac <divmod_s32s32_unsafe+0x14>
100015a0:	e7ff      	b.n	100015a2 <divmod_s32s32_unsafe+0xa>
100015a2:	e7ff      	b.n	100015a4 <divmod_s32s32_unsafe+0xc>
100015a4:	e7ff      	b.n	100015a6 <divmod_s32s32_unsafe+0xe>
100015a6:	6f51      	ldr	r1, [r2, #116]	@ 0x74
100015a8:	6f10      	ldr	r0, [r2, #112]	@ 0x70
100015aa:	4770      	bx	lr
100015ac:	b504      	push	{r2, lr}
100015ae:	2180      	movs	r1, #128	@ 0x80
100015b0:	0609      	lsls	r1, r1, #24
100015b2:	17c2      	asrs	r2, r0, #31
100015b4:	4051      	eors	r1, r2
100015b6:	2800      	cmp	r0, #0
100015b8:	d000      	beq.n	100015bc <divmod_s32s32_unsafe+0x24>
100015ba:	43c8      	mvns	r0, r1
100015bc:	f001 ffd4 	bl	10003568 <____aeabi_idiv0_veneer>
100015c0:	2100      	movs	r1, #0
100015c2:	bd04      	pop	{r2, pc}

100015c4 <divmod_s32s32_savestate>:
100015c4:	b5f0      	push	{r4, r5, r6, r7, lr}
100015c6:	6e14      	ldr	r4, [r2, #96]	@ 0x60
100015c8:	6e55      	ldr	r5, [r2, #100]	@ 0x64
100015ca:	6f57      	ldr	r7, [r2, #116]	@ 0x74
100015cc:	6f16      	ldr	r6, [r2, #112]	@ 0x70
100015ce:	f7ff ffe3 	bl	10001598 <divmod_s32s32_unsafe>
100015d2:	6614      	str	r4, [r2, #96]	@ 0x60
100015d4:	6655      	str	r5, [r2, #100]	@ 0x64
100015d6:	6757      	str	r7, [r2, #116]	@ 0x74
100015d8:	6716      	str	r6, [r2, #112]	@ 0x70
100015da:	bdf0      	pop	{r4, r5, r6, r7, pc}
100015dc:	d0000000 	.word	0xd0000000

100015e0 <__wrap___aeabi_uidiv>:
100015e0:	4a11      	ldr	r2, [pc, #68]	@ (10001628 <divmod_u32u32_savestate+0x18>)
100015e2:	6f93      	ldr	r3, [r2, #120]	@ 0x78
100015e4:	089b      	lsrs	r3, r3, #2
100015e6:	d213      	bcs.n	10001610 <divmod_u32u32_savestate>

100015e8 <divmod_u32u32_unsafe>:
100015e8:	6610      	str	r0, [r2, #96]	@ 0x60
100015ea:	6651      	str	r1, [r2, #100]	@ 0x64
100015ec:	2900      	cmp	r1, #0
100015ee:	d005      	beq.n	100015fc <divmod_u32u32_unsafe+0x14>
100015f0:	e7ff      	b.n	100015f2 <divmod_u32u32_unsafe+0xa>
100015f2:	e7ff      	b.n	100015f4 <divmod_u32u32_unsafe+0xc>
100015f4:	e7ff      	b.n	100015f6 <divmod_u32u32_unsafe+0xe>
100015f6:	6f51      	ldr	r1, [r2, #116]	@ 0x74
100015f8:	6f10      	ldr	r0, [r2, #112]	@ 0x70
100015fa:	4770      	bx	lr
100015fc:	b504      	push	{r2, lr}
100015fe:	2800      	cmp	r0, #0
10001600:	d001      	beq.n	10001606 <divmod_u32u32_unsafe+0x1e>
10001602:	2000      	movs	r0, #0
10001604:	43c0      	mvns	r0, r0
10001606:	f001 ffaf 	bl	10003568 <____aeabi_idiv0_veneer>
1000160a:	2100      	movs	r1, #0
1000160c:	bd04      	pop	{r2, pc}
1000160e:	46c0      	nop			@ (mov r8, r8)

10001610 <divmod_u32u32_savestate>:
10001610:	b5f0      	push	{r4, r5, r6, r7, lr}
10001612:	6e14      	ldr	r4, [r2, #96]	@ 0x60
10001614:	6e55      	ldr	r5, [r2, #100]	@ 0x64
10001616:	6f57      	ldr	r7, [r2, #116]	@ 0x74
10001618:	6f16      	ldr	r6, [r2, #112]	@ 0x70
1000161a:	f7ff ffe5 	bl	100015e8 <divmod_u32u32_unsafe>
1000161e:	6614      	str	r4, [r2, #96]	@ 0x60
10001620:	6655      	str	r5, [r2, #100]	@ 0x64
10001622:	6757      	str	r7, [r2, #116]	@ 0x74
10001624:	6716      	str	r6, [r2, #112]	@ 0x70
10001626:	bdf0      	pop	{r4, r5, r6, r7, pc}
10001628:	d0000000 	.word	0xd0000000

1000162c <__wrap___aeabi_ldivmod>:
1000162c:	4694      	mov	ip, r2
1000162e:	4a4a      	ldr	r2, [pc, #296]	@ (10001758 <udiv0+0x1a>)
10001630:	6f92      	ldr	r2, [r2, #120]	@ 0x78
10001632:	0892      	lsrs	r2, r2, #2
10001634:	4662      	mov	r2, ip
10001636:	d201      	bcs.n	1000163c <divmod_s64s64_savestate>
10001638:	e028      	b.n	1000168c <divmod_s64s64_unsafe>
1000163a:	46c0      	nop			@ (mov r8, r8)

1000163c <divmod_s64s64_savestate>:
1000163c:	b5f0      	push	{r4, r5, r6, r7, lr}
1000163e:	4e46      	ldr	r6, [pc, #280]	@ (10001758 <udiv0+0x1a>)
10001640:	6e34      	ldr	r4, [r6, #96]	@ 0x60
10001642:	6e75      	ldr	r5, [r6, #100]	@ 0x64
10001644:	6f77      	ldr	r7, [r6, #116]	@ 0x74
10001646:	6f36      	ldr	r6, [r6, #112]	@ 0x70
10001648:	f000 f820 	bl	1000168c <divmod_s64s64_unsafe>
1000164c:	4694      	mov	ip, r2
1000164e:	4a42      	ldr	r2, [pc, #264]	@ (10001758 <udiv0+0x1a>)
10001650:	6614      	str	r4, [r2, #96]	@ 0x60
10001652:	6655      	str	r5, [r2, #100]	@ 0x64
10001654:	6757      	str	r7, [r2, #116]	@ 0x74
10001656:	6716      	str	r6, [r2, #112]	@ 0x70
10001658:	4662      	mov	r2, ip
1000165a:	bdf0      	pop	{r4, r5, r6, r7, pc}

1000165c <__wrap___aeabi_uldivmod>:
1000165c:	4694      	mov	ip, r2
1000165e:	4a3e      	ldr	r2, [pc, #248]	@ (10001758 <udiv0+0x1a>)
10001660:	6f92      	ldr	r2, [r2, #120]	@ 0x78
10001662:	0892      	lsrs	r2, r2, #2
10001664:	4662      	mov	r2, ip
10001666:	d201      	bcs.n	1000166c <divmod_u64u64_savestate>
10001668:	e054      	b.n	10001714 <divmod_u64u64_unsafe>
1000166a:	46c0      	nop			@ (mov r8, r8)

1000166c <divmod_u64u64_savestate>:
1000166c:	b5f0      	push	{r4, r5, r6, r7, lr}
1000166e:	4e3a      	ldr	r6, [pc, #232]	@ (10001758 <udiv0+0x1a>)
10001670:	6e34      	ldr	r4, [r6, #96]	@ 0x60
10001672:	6e75      	ldr	r5, [r6, #100]	@ 0x64
10001674:	6f77      	ldr	r7, [r6, #116]	@ 0x74
10001676:	6f36      	ldr	r6, [r6, #112]	@ 0x70
10001678:	f000 f84c 	bl	10001714 <divmod_u64u64_unsafe>
1000167c:	4694      	mov	ip, r2
1000167e:	4a36      	ldr	r2, [pc, #216]	@ (10001758 <udiv0+0x1a>)
10001680:	6614      	str	r4, [r2, #96]	@ 0x60
10001682:	6655      	str	r5, [r2, #100]	@ 0x64
10001684:	6757      	str	r7, [r2, #116]	@ 0x74
10001686:	6716      	str	r6, [r2, #112]	@ 0x70
10001688:	4662      	mov	r2, ip
1000168a:	bdf0      	pop	{r4, r5, r6, r7, pc}

1000168c <divmod_s64s64_unsafe>:
1000168c:	2b00      	cmp	r3, #0
1000168e:	db24      	blt.n	100016da <l42_1+0x26>
10001690:	d011      	beq.n	100016b6 <l42_1+0x2>
10001692:	2900      	cmp	r1, #0
10001694:	da3e      	bge.n	10001714 <divmod_u64u64_unsafe>
10001696:	b500      	push	{lr}
10001698:	43c9      	mvns	r1, r1
1000169a:	4240      	negs	r0, r0
1000169c:	d100      	bne.n	100016a0 <l40_1>
1000169e:	3101      	adds	r1, #1

100016a0 <l40_1>:
100016a0:	f000 f838 	bl	10001714 <divmod_u64u64_unsafe>
100016a4:	43c9      	mvns	r1, r1
100016a6:	4240      	negs	r0, r0
100016a8:	d100      	bne.n	100016ac <l41_1>
100016aa:	3101      	adds	r1, #1

100016ac <l41_1>:
100016ac:	43db      	mvns	r3, r3
100016ae:	4252      	negs	r2, r2
100016b0:	d100      	bne.n	100016b4 <l42_1>
100016b2:	3301      	adds	r3, #1

100016b4 <l42_1>:
100016b4:	bd00      	pop	{pc}
100016b6:	2a00      	cmp	r2, #0
100016b8:	d1eb      	bne.n	10001692 <divmod_s64s64_unsafe+0x6>
100016ba:	2800      	cmp	r0, #0
100016bc:	d101      	bne.n	100016c2 <l42_1+0xe>
100016be:	2900      	cmp	r1, #0
100016c0:	d005      	beq.n	100016ce <l42_1+0x1a>
100016c2:	2000      	movs	r0, #0
100016c4:	0fc9      	lsrs	r1, r1, #31
100016c6:	07c9      	lsls	r1, r1, #31
100016c8:	d101      	bne.n	100016ce <l42_1+0x1a>
100016ca:	43c0      	mvns	r0, r0
100016cc:	0841      	lsrs	r1, r0, #1
100016ce:	b500      	push	{lr}
100016d0:	f001 ff3a 	bl	10003548 <____aeabi_ldiv0_veneer>
100016d4:	2200      	movs	r2, #0
100016d6:	2300      	movs	r3, #0
100016d8:	bd00      	pop	{pc}
100016da:	b500      	push	{lr}
100016dc:	2900      	cmp	r1, #0
100016de:	db0a      	blt.n	100016f6 <l44_1+0x2>
100016e0:	43db      	mvns	r3, r3
100016e2:	4252      	negs	r2, r2
100016e4:	d100      	bne.n	100016e8 <l43_1>
100016e6:	3301      	adds	r3, #1

100016e8 <l43_1>:
100016e8:	f000 f814 	bl	10001714 <divmod_u64u64_unsafe>
100016ec:	43c9      	mvns	r1, r1
100016ee:	4240      	negs	r0, r0
100016f0:	d100      	bne.n	100016f4 <l44_1>
100016f2:	3101      	adds	r1, #1

100016f4 <l44_1>:
100016f4:	bd00      	pop	{pc}
100016f6:	43c9      	mvns	r1, r1
100016f8:	4240      	negs	r0, r0
100016fa:	d100      	bne.n	100016fe <l45_1>
100016fc:	3101      	adds	r1, #1

100016fe <l45_1>:
100016fe:	43db      	mvns	r3, r3
10001700:	4252      	negs	r2, r2
10001702:	d100      	bne.n	10001706 <l46_1>
10001704:	3301      	adds	r3, #1

10001706 <l46_1>:
10001706:	f000 f805 	bl	10001714 <divmod_u64u64_unsafe>
1000170a:	43db      	mvns	r3, r3
1000170c:	4252      	negs	r2, r2
1000170e:	d100      	bne.n	10001712 <l47_1>
10001710:	3301      	adds	r3, #1

10001712 <l47_1>:
10001712:	bd00      	pop	{pc}

10001714 <divmod_u64u64_unsafe>:
10001714:	2900      	cmp	r1, #0
10001716:	d123      	bne.n	10001760 <y64>
10001718:	2b00      	cmp	r3, #0
1000171a:	d118      	bne.n	1000174e <udiv0+0x10>
1000171c:	2a00      	cmp	r2, #0
1000171e:	d00c      	beq.n	1000173a <divmod_u64u64_unsafe+0x26>
10001720:	46bc      	mov	ip, r7
10001722:	4f0d      	ldr	r7, [pc, #52]	@ (10001758 <udiv0+0x1a>)
10001724:	6638      	str	r0, [r7, #96]	@ 0x60
10001726:	667a      	str	r2, [r7, #100]	@ 0x64
10001728:	2100      	movs	r1, #0
1000172a:	2300      	movs	r3, #0
1000172c:	e7ff      	b.n	1000172e <divmod_u64u64_unsafe+0x1a>
1000172e:	e7ff      	b.n	10001730 <divmod_u64u64_unsafe+0x1c>
10001730:	e7ff      	b.n	10001732 <divmod_u64u64_unsafe+0x1e>
10001732:	6f7a      	ldr	r2, [r7, #116]	@ 0x74
10001734:	6f38      	ldr	r0, [r7, #112]	@ 0x70
10001736:	4667      	mov	r7, ip
10001738:	4770      	bx	lr
1000173a:	2800      	cmp	r0, #0
1000173c:	d001      	beq.n	10001742 <udiv0+0x4>

1000173e <udiv0>:
1000173e:	4807      	ldr	r0, [pc, #28]	@ (1000175c <udiv0+0x1e>)
10001740:	0001      	movs	r1, r0
10001742:	b500      	push	{lr}
10001744:	f001 ff00 	bl	10003548 <____aeabi_ldiv0_veneer>
10001748:	2200      	movs	r2, #0
1000174a:	2300      	movs	r3, #0
1000174c:	bd00      	pop	{pc}
1000174e:	0002      	movs	r2, r0
10001750:	000b      	movs	r3, r1
10001752:	2000      	movs	r0, #0
10001754:	2100      	movs	r1, #0
10001756:	4770      	bx	lr
10001758:	d0000000 	.word	0xd0000000
1000175c:	ffffffff 	.word	0xffffffff

10001760 <y64>:
10001760:	2b00      	cmp	r3, #0
10001762:	d000      	beq.n	10001766 <y64+0x6>
10001764:	e0bf      	b.n	100018e6 <y64_x48>
10001766:	0c13      	lsrs	r3, r2, #16
10001768:	d128      	bne.n	100017bc <y64_x32>
1000176a:	2a00      	cmp	r2, #0
1000176c:	d0e7      	beq.n	1000173e <udiv0>
1000176e:	b480      	push	{r7}
10001770:	4f11      	ldr	r7, [pc, #68]	@ (100017b8 <y64+0x58>)
10001772:	6639      	str	r1, [r7, #96]	@ 0x60
10001774:	667a      	str	r2, [r7, #100]	@ 0x64
10001776:	e7ff      	b.n	10001778 <y64+0x18>
10001778:	e7ff      	b.n	1000177a <y64+0x1a>
1000177a:	b430      	push	{r4, r5}
1000177c:	0c04      	lsrs	r4, r0, #16
1000177e:	6f7b      	ldr	r3, [r7, #116]	@ 0x74
10001780:	6f39      	ldr	r1, [r7, #112]	@ 0x70
10001782:	041b      	lsls	r3, r3, #16
10001784:	4323      	orrs	r3, r4
10001786:	663b      	str	r3, [r7, #96]	@ 0x60
10001788:	667a      	str	r2, [r7, #100]	@ 0x64
1000178a:	e7ff      	b.n	1000178c <y64+0x2c>
1000178c:	e7ff      	b.n	1000178e <y64+0x2e>
1000178e:	e7ff      	b.n	10001790 <y64+0x30>
10001790:	46c0      	nop			@ (mov r8, r8)
10001792:	b284      	uxth	r4, r0
10001794:	6f7b      	ldr	r3, [r7, #116]	@ 0x74
10001796:	6f3d      	ldr	r5, [r7, #112]	@ 0x70
10001798:	041b      	lsls	r3, r3, #16
1000179a:	4323      	orrs	r3, r4
1000179c:	663b      	str	r3, [r7, #96]	@ 0x60
1000179e:	667a      	str	r2, [r7, #100]	@ 0x64
100017a0:	e7ff      	b.n	100017a2 <y64+0x42>
100017a2:	e7ff      	b.n	100017a4 <y64+0x44>
100017a4:	46c0      	nop			@ (mov r8, r8)
100017a6:	2300      	movs	r3, #0
100017a8:	042c      	lsls	r4, r5, #16
100017aa:	0c2d      	lsrs	r5, r5, #16
100017ac:	6f7a      	ldr	r2, [r7, #116]	@ 0x74
100017ae:	6f38      	ldr	r0, [r7, #112]	@ 0x70
100017b0:	1900      	adds	r0, r0, r4
100017b2:	4169      	adcs	r1, r5
100017b4:	bcb0      	pop	{r4, r5, r7}
100017b6:	4770      	bx	lr
100017b8:	d0000000 	.word	0xd0000000

100017bc <y64_x32>:
100017bc:	b5f0      	push	{r4, r5, r6, r7, lr}
100017be:	4694      	mov	ip, r2
100017c0:	2500      	movs	r5, #0
100017c2:	0e14      	lsrs	r4, r2, #24
100017c4:	d101      	bne.n	100017ca <y64_x32+0xe>
100017c6:	0212      	lsls	r2, r2, #8
100017c8:	3508      	adds	r5, #8
100017ca:	0f14      	lsrs	r4, r2, #28
100017cc:	d101      	bne.n	100017d2 <y64_x32+0x16>
100017ce:	0112      	lsls	r2, r2, #4
100017d0:	3504      	adds	r5, #4
100017d2:	0f94      	lsrs	r4, r2, #30
100017d4:	d101      	bne.n	100017da <y64_x32+0x1e>
100017d6:	0092      	lsls	r2, r2, #2
100017d8:	3502      	adds	r5, #2
100017da:	0fd4      	lsrs	r4, r2, #31
100017dc:	d101      	bne.n	100017e2 <y64_x32+0x26>
100017de:	0052      	lsls	r2, r2, #1
100017e0:	3501      	adds	r5, #1
100017e2:	0bd4      	lsrs	r4, r2, #15
100017e4:	3401      	adds	r4, #1
100017e6:	4f25      	ldr	r7, [pc, #148]	@ (1000187c <y64_x32+0xc0>)
100017e8:	667c      	str	r4, [r7, #100]	@ 0x64
100017ea:	4c25      	ldr	r4, [pc, #148]	@ (10001880 <y64_x32+0xc4>)
100017ec:	663c      	str	r4, [r7, #96]	@ 0x60
100017ee:	0c0e      	lsrs	r6, r1, #16
100017f0:	b293      	uxth	r3, r2
100017f2:	e7ff      	b.n	100017f4 <y64_x32+0x38>
100017f4:	e7ff      	b.n	100017f6 <y64_x32+0x3a>
100017f6:	e7ff      	b.n	100017f8 <y64_x32+0x3c>
100017f8:	6f3c      	ldr	r4, [r7, #112]	@ 0x70
100017fa:	4366      	muls	r6, r4
100017fc:	0c36      	lsrs	r6, r6, #16
100017fe:	0377      	lsls	r7, r6, #13
10001800:	46be      	mov	lr, r7
10001802:	4373      	muls	r3, r6
10001804:	0bdf      	lsrs	r7, r3, #15
10001806:	045b      	lsls	r3, r3, #17
10001808:	1ac0      	subs	r0, r0, r3
1000180a:	41b9      	sbcs	r1, r7
1000180c:	0c13      	lsrs	r3, r2, #16
1000180e:	4373      	muls	r3, r6
10001810:	18db      	adds	r3, r3, r3
10001812:	1ac9      	subs	r1, r1, r3
10001814:	08ce      	lsrs	r6, r1, #3
10001816:	4366      	muls	r6, r4
10001818:	0c36      	lsrs	r6, r6, #16
1000181a:	44b6      	add	lr, r6
1000181c:	b293      	uxth	r3, r2
1000181e:	4373      	muls	r3, r6
10001820:	0f1f      	lsrs	r7, r3, #28
10001822:	011b      	lsls	r3, r3, #4
10001824:	1ac0      	subs	r0, r0, r3
10001826:	41b9      	sbcs	r1, r7
10001828:	0c13      	lsrs	r3, r2, #16
1000182a:	4373      	muls	r3, r6
1000182c:	0b1f      	lsrs	r7, r3, #12
1000182e:	051b      	lsls	r3, r3, #20
10001830:	1ac0      	subs	r0, r0, r3
10001832:	41b9      	sbcs	r1, r7
10001834:	0d86      	lsrs	r6, r0, #22
10001836:	028f      	lsls	r7, r1, #10
10001838:	433e      	orrs	r6, r7
1000183a:	4366      	muls	r6, r4
1000183c:	0c36      	lsrs	r6, r6, #16
1000183e:	2d09      	cmp	r5, #9
10001840:	db24      	blt.n	1000188c <last0>
10001842:	0a52      	lsrs	r2, r2, #9
10001844:	4372      	muls	r2, r6
10001846:	1a80      	subs	r0, r0, r2
10001848:	0377      	lsls	r7, r6, #13
1000184a:	0a46      	lsrs	r6, r0, #9
1000184c:	4366      	muls	r6, r4
1000184e:	0c36      	lsrs	r6, r6, #16
10001850:	2316      	movs	r3, #22
10001852:	1b5b      	subs	r3, r3, r5
10001854:	40de      	lsrs	r6, r3
10001856:	40df      	lsrs	r7, r3
10001858:	19bf      	adds	r7, r7, r6
1000185a:	4664      	mov	r4, ip
1000185c:	4366      	muls	r6, r4
1000185e:	1b82      	subs	r2, r0, r6
10001860:	4670      	mov	r0, lr
10001862:	3504      	adds	r5, #4
10001864:	3306      	adds	r3, #6
10001866:	0001      	movs	r1, r0
10001868:	40d9      	lsrs	r1, r3
1000186a:	40a8      	lsls	r0, r5
1000186c:	19c0      	adds	r0, r0, r7
1000186e:	d300      	bcc.n	10001872 <y64_x32+0xb6>
10001870:	3101      	adds	r1, #1
10001872:	42a2      	cmp	r2, r4
10001874:	d206      	bcs.n	10001884 <y64_x32+0xc8>
10001876:	2300      	movs	r3, #0
10001878:	bdf0      	pop	{r4, r5, r6, r7, pc}
1000187a:	0000      	.short	0x0000
1000187c:	d0000000 	.word	0xd0000000
10001880:	ffffffff 	.word	0xffffffff
10001884:	1b12      	subs	r2, r2, r4
10001886:	3001      	adds	r0, #1
10001888:	d3f3      	bcc.n	10001872 <y64_x32+0xb6>
1000188a:	e7f1      	b.n	10001870 <y64_x32+0xb4>

1000188c <last0>:
1000188c:	2709      	movs	r7, #9
1000188e:	1b7f      	subs	r7, r7, r5
10001890:	40fe      	lsrs	r6, r7
10001892:	4664      	mov	r4, ip
10001894:	b2a2      	uxth	r2, r4
10001896:	4372      	muls	r2, r6
10001898:	1a80      	subs	r0, r0, r2
1000189a:	d200      	bcs.n	1000189e <last0+0x12>
1000189c:	3901      	subs	r1, #1
1000189e:	0c22      	lsrs	r2, r4, #16
100018a0:	4372      	muls	r2, r6
100018a2:	0c13      	lsrs	r3, r2, #16
100018a4:	0412      	lsls	r2, r2, #16
100018a6:	1a82      	subs	r2, r0, r2
100018a8:	4199      	sbcs	r1, r3
100018aa:	000b      	movs	r3, r1
100018ac:	4670      	mov	r0, lr
100018ae:	3504      	adds	r5, #4
100018b0:	3713      	adds	r7, #19
100018b2:	0001      	movs	r1, r0
100018b4:	40f9      	lsrs	r1, r7
100018b6:	40a8      	lsls	r0, r5
100018b8:	1980      	adds	r0, r0, r6
100018ba:	d300      	bcc.n	100018be <last0+0x32>
100018bc:	3101      	adds	r1, #1
100018be:	2b00      	cmp	r3, #0
100018c0:	d102      	bne.n	100018c8 <last0+0x3c>
100018c2:	42a2      	cmp	r2, r4
100018c4:	d20a      	bcs.n	100018dc <last0+0x50>
100018c6:	bdf0      	pop	{r4, r5, r6, r7, pc}
100018c8:	3001      	adds	r0, #1
100018ca:	d300      	bcc.n	100018ce <last0+0x42>
100018cc:	3101      	adds	r1, #1
100018ce:	1b12      	subs	r2, r2, r4
100018d0:	d2fa      	bcs.n	100018c8 <last0+0x3c>
100018d2:	3b01      	subs	r3, #1
100018d4:	d1f8      	bne.n	100018c8 <last0+0x3c>
100018d6:	42a2      	cmp	r2, r4
100018d8:	d200      	bcs.n	100018dc <last0+0x50>
100018da:	bdf0      	pop	{r4, r5, r6, r7, pc}
100018dc:	3001      	adds	r0, #1
100018de:	d300      	bcc.n	100018e2 <last0+0x56>
100018e0:	3101      	adds	r1, #1
100018e2:	1b12      	subs	r2, r2, r4
100018e4:	e7f7      	b.n	100018d6 <last0+0x4a>

100018e6 <y64_x48>:
100018e6:	b5f0      	push	{r4, r5, r6, r7, lr}
100018e8:	0c1c      	lsrs	r4, r3, #16
100018ea:	d000      	beq.n	100018ee <y64_x48+0x8>
100018ec:	e080      	b.n	100019f0 <y64_x64>
100018ee:	b40c      	push	{r2, r3}
100018f0:	2500      	movs	r5, #0
100018f2:	0a1c      	lsrs	r4, r3, #8
100018f4:	d104      	bne.n	10001900 <y64_x48+0x1a>
100018f6:	021b      	lsls	r3, r3, #8
100018f8:	0e16      	lsrs	r6, r2, #24
100018fa:	4333      	orrs	r3, r6
100018fc:	0212      	lsls	r2, r2, #8
100018fe:	3508      	adds	r5, #8
10001900:	0b1c      	lsrs	r4, r3, #12
10001902:	d104      	bne.n	1000190e <y64_x48+0x28>
10001904:	011b      	lsls	r3, r3, #4
10001906:	0f16      	lsrs	r6, r2, #28
10001908:	4333      	orrs	r3, r6
1000190a:	0112      	lsls	r2, r2, #4
1000190c:	3504      	adds	r5, #4
1000190e:	0b9c      	lsrs	r4, r3, #14
10001910:	d104      	bne.n	1000191c <y64_x48+0x36>
10001912:	009b      	lsls	r3, r3, #2
10001914:	0f96      	lsrs	r6, r2, #30
10001916:	4333      	orrs	r3, r6
10001918:	0092      	lsls	r2, r2, #2
1000191a:	3502      	adds	r5, #2
1000191c:	0bdc      	lsrs	r4, r3, #15
1000191e:	d102      	bne.n	10001926 <y64_x48+0x40>
10001920:	1892      	adds	r2, r2, r2
10001922:	415b      	adcs	r3, r3
10001924:	3501      	adds	r5, #1
10001926:	001c      	movs	r4, r3
10001928:	1897      	adds	r7, r2, r2
1000192a:	4164      	adcs	r4, r4
1000192c:	3401      	adds	r4, #1
1000192e:	4f46      	ldr	r7, [pc, #280]	@ (10001a48 <y64_x64+0x58>)
10001930:	667c      	str	r4, [r7, #100]	@ 0x64
10001932:	4c46      	ldr	r4, [pc, #280]	@ (10001a4c <y64_x64+0x5c>)
10001934:	663c      	str	r4, [r7, #96]	@ 0x60
10001936:	0c0e      	lsrs	r6, r1, #16
10001938:	e7ff      	b.n	1000193a <y64_x48+0x54>
1000193a:	e7ff      	b.n	1000193c <y64_x48+0x56>
1000193c:	e7ff      	b.n	1000193e <y64_x48+0x58>
1000193e:	46c0      	nop			@ (mov r8, r8)
10001940:	6f3c      	ldr	r4, [r7, #112]	@ 0x70
10001942:	4366      	muls	r6, r4
10001944:	0c36      	lsrs	r6, r6, #16
10001946:	0377      	lsls	r7, r6, #13
10001948:	46be      	mov	lr, r7
1000194a:	b297      	uxth	r7, r2
1000194c:	4377      	muls	r7, r6
1000194e:	1bc0      	subs	r0, r0, r7
10001950:	d200      	bcs.n	10001954 <y64_x48+0x6e>
10001952:	3901      	subs	r1, #1
10001954:	1bc0      	subs	r0, r0, r7
10001956:	d200      	bcs.n	1000195a <y64_x48+0x74>
10001958:	3901      	subs	r1, #1
1000195a:	b29f      	uxth	r7, r3
1000195c:	4377      	muls	r7, r6
1000195e:	1bc9      	subs	r1, r1, r7
10001960:	1bc9      	subs	r1, r1, r7
10001962:	0c17      	lsrs	r7, r2, #16
10001964:	4377      	muls	r7, r6
10001966:	047e      	lsls	r6, r7, #17
10001968:	0bff      	lsrs	r7, r7, #15
1000196a:	1b80      	subs	r0, r0, r6
1000196c:	41b9      	sbcs	r1, r7
1000196e:	08ce      	lsrs	r6, r1, #3
10001970:	4366      	muls	r6, r4
10001972:	0c36      	lsrs	r6, r6, #16
10001974:	2d0c      	cmp	r5, #12
10001976:	db33      	blt.n	100019e0 <last1>
10001978:	44b6      	add	lr, r6
1000197a:	0b12      	lsrs	r2, r2, #12
1000197c:	051f      	lsls	r7, r3, #20
1000197e:	433a      	orrs	r2, r7
10001980:	0b1b      	lsrs	r3, r3, #12
10001982:	b297      	uxth	r7, r2
10001984:	4377      	muls	r7, r6
10001986:	1bc0      	subs	r0, r0, r7
10001988:	d200      	bcs.n	1000198c <y64_x48+0xa6>
1000198a:	3901      	subs	r1, #1
1000198c:	b29f      	uxth	r7, r3
1000198e:	4377      	muls	r7, r6
10001990:	1bc9      	subs	r1, r1, r7
10001992:	0c17      	lsrs	r7, r2, #16
10001994:	4377      	muls	r7, r6
10001996:	043e      	lsls	r6, r7, #16
10001998:	0c3f      	lsrs	r7, r7, #16
1000199a:	1b80      	subs	r0, r0, r6
1000199c:	41b9      	sbcs	r1, r7
1000199e:	0d86      	lsrs	r6, r0, #22
100019a0:	028f      	lsls	r7, r1, #10
100019a2:	433e      	orrs	r6, r7
100019a4:	4366      	muls	r6, r4
100019a6:	2729      	movs	r7, #41	@ 0x29
100019a8:	1b7f      	subs	r7, r7, r5
100019aa:	40fe      	lsrs	r6, r7
100019ac:	3d0c      	subs	r5, #12
100019ae:	4677      	mov	r7, lr
100019b0:	40af      	lsls	r7, r5
100019b2:	19bf      	adds	r7, r7, r6
100019b4:	bc30      	pop	{r4, r5}
100019b6:	b2a2      	uxth	r2, r4
100019b8:	b2ab      	uxth	r3, r5
100019ba:	4372      	muls	r2, r6
100019bc:	4373      	muls	r3, r6
100019be:	1a80      	subs	r0, r0, r2
100019c0:	4199      	sbcs	r1, r3
100019c2:	0c22      	lsrs	r2, r4, #16
100019c4:	4372      	muls	r2, r6
100019c6:	0c13      	lsrs	r3, r2, #16
100019c8:	0412      	lsls	r2, r2, #16
100019ca:	1a80      	subs	r0, r0, r2
100019cc:	4199      	sbcs	r1, r3
100019ce:	0002      	movs	r2, r0
100019d0:	000b      	movs	r3, r1
100019d2:	3701      	adds	r7, #1
100019d4:	1b00      	subs	r0, r0, r4
100019d6:	41a9      	sbcs	r1, r5
100019d8:	d2f9      	bcs.n	100019ce <y64_x48+0xe8>
100019da:	1e78      	subs	r0, r7, #1
100019dc:	2100      	movs	r1, #0
100019de:	bdf0      	pop	{r4, r5, r6, r7, pc}

100019e0 <last1>:
100019e0:	270c      	movs	r7, #12
100019e2:	1b7f      	subs	r7, r7, r5
100019e4:	40fe      	lsrs	r6, r7
100019e6:	4677      	mov	r7, lr
100019e8:	0b7f      	lsrs	r7, r7, #13
100019ea:	40af      	lsls	r7, r5
100019ec:	19ff      	adds	r7, r7, r7
100019ee:	e7e0      	b.n	100019b2 <y64_x48+0xcc>

100019f0 <y64_x64>:
100019f0:	2400      	movs	r4, #0
100019f2:	1c5d      	adds	r5, r3, #1
100019f4:	d007      	beq.n	10001a06 <y64_x64+0x16>
100019f6:	4f14      	ldr	r7, [pc, #80]	@ (10001a48 <y64_x64+0x58>)
100019f8:	667d      	str	r5, [r7, #100]	@ 0x64
100019fa:	6639      	str	r1, [r7, #96]	@ 0x60
100019fc:	e7ff      	b.n	100019fe <y64_x64+0xe>
100019fe:	e7ff      	b.n	10001a00 <y64_x64+0x10>
10001a00:	e7ff      	b.n	10001a02 <y64_x64+0x12>
10001a02:	e7ff      	b.n	10001a04 <y64_x64+0x14>
10001a04:	6f3c      	ldr	r4, [r7, #112]	@ 0x70
10001a06:	b295      	uxth	r5, r2
10001a08:	b29e      	uxth	r6, r3
10001a0a:	4365      	muls	r5, r4
10001a0c:	4366      	muls	r6, r4
10001a0e:	1b40      	subs	r0, r0, r5
10001a10:	41b1      	sbcs	r1, r6
10001a12:	0c15      	lsrs	r5, r2, #16
10001a14:	0c1e      	lsrs	r6, r3, #16
10001a16:	4365      	muls	r5, r4
10001a18:	4366      	muls	r6, r4
10001a1a:	0436      	lsls	r6, r6, #16
10001a1c:	0c2f      	lsrs	r7, r5, #16
10001a1e:	433e      	orrs	r6, r7
10001a20:	042d      	lsls	r5, r5, #16
10001a22:	1b40      	subs	r0, r0, r5
10001a24:	41b1      	sbcs	r1, r6
10001a26:	4299      	cmp	r1, r3
10001a28:	d204      	bcs.n	10001a34 <y64_x64+0x44>
10001a2a:	0002      	movs	r2, r0
10001a2c:	000b      	movs	r3, r1
10001a2e:	0020      	movs	r0, r4
10001a30:	2100      	movs	r1, #0
10001a32:	bdf0      	pop	{r4, r5, r6, r7, pc}
10001a34:	d101      	bne.n	10001a3a <y64_x64+0x4a>
10001a36:	4290      	cmp	r0, r2
10001a38:	d3f7      	bcc.n	10001a2a <y64_x64+0x3a>
10001a3a:	1a80      	subs	r0, r0, r2
10001a3c:	4199      	sbcs	r1, r3
10001a3e:	3401      	adds	r4, #1
10001a40:	4299      	cmp	r1, r3
10001a42:	d3f2      	bcc.n	10001a2a <y64_x64+0x3a>
10001a44:	e7f6      	b.n	10001a34 <y64_x64+0x44>
10001a46:	0000      	.short	0x0000
10001a48:	d0000000 	.word	0xd0000000
10001a4c:	ffffffff 	.word	0xffffffff

10001a50 <__wrap___aeabi_drsub>:
10001a50:	4048      	eors	r0, r1
10001a52:	4041      	eors	r1, r0
10001a54:	4048      	eors	r0, r1

10001a56 <__wrap___aeabi_dsub>:
10001a56:	b418      	push	{r3, r4}
10001a58:	4b13      	ldr	r3, [pc, #76]	@ (10001aa8 <__wrap___aeabi_dmul+0xa>)
10001a5a:	685b      	ldr	r3, [r3, #4]
10001a5c:	9301      	str	r3, [sp, #4]
10001a5e:	bd08      	pop	{r3, pc}

10001a60 <__wrap___aeabi_dadd>:
10001a60:	b418      	push	{r3, r4}
10001a62:	4b11      	ldr	r3, [pc, #68]	@ (10001aa8 <__wrap___aeabi_dmul+0xa>)
10001a64:	681b      	ldr	r3, [r3, #0]
10001a66:	9301      	str	r3, [sp, #4]
10001a68:	bd08      	pop	{r3, pc}

10001a6a <__wrap___aeabi_ddiv>:
10001a6a:	4694      	mov	ip, r2
10001a6c:	4a0f      	ldr	r2, [pc, #60]	@ (10001aac <__wrap___aeabi_dmul+0xe>)
10001a6e:	6f92      	ldr	r2, [r2, #120]	@ 0x78
10001a70:	0892      	lsrs	r2, r2, #2
10001a72:	d205      	bcs.n	10001a80 <ddiv_save_state>
10001a74:	4662      	mov	r2, ip

10001a76 <ddiv_shim_call>:
10001a76:	b418      	push	{r3, r4}
10001a78:	4b0b      	ldr	r3, [pc, #44]	@ (10001aa8 <__wrap___aeabi_dmul+0xa>)
10001a7a:	68db      	ldr	r3, [r3, #12]
10001a7c:	9301      	str	r3, [sp, #4]
10001a7e:	bd08      	pop	{r3, pc}

10001a80 <ddiv_save_state>:
10001a80:	4a0a      	ldr	r2, [pc, #40]	@ (10001aac <__wrap___aeabi_dmul+0xe>)
10001a82:	b5f0      	push	{r4, r5, r6, r7, lr}
10001a84:	6e14      	ldr	r4, [r2, #96]	@ 0x60
10001a86:	6e55      	ldr	r5, [r2, #100]	@ 0x64
10001a88:	6f57      	ldr	r7, [r2, #116]	@ 0x74
10001a8a:	6f16      	ldr	r6, [r2, #112]	@ 0x70
10001a8c:	4662      	mov	r2, ip
10001a8e:	f7ff fff2 	bl	10001a76 <ddiv_shim_call>
10001a92:	4a06      	ldr	r2, [pc, #24]	@ (10001aac <__wrap___aeabi_dmul+0xe>)
10001a94:	6614      	str	r4, [r2, #96]	@ 0x60
10001a96:	6655      	str	r5, [r2, #100]	@ 0x64
10001a98:	6757      	str	r7, [r2, #116]	@ 0x74
10001a9a:	6716      	str	r6, [r2, #112]	@ 0x70
10001a9c:	bdf0      	pop	{r4, r5, r6, r7, pc}

10001a9e <__wrap___aeabi_dmul>:
10001a9e:	b418      	push	{r3, r4}
10001aa0:	4b01      	ldr	r3, [pc, #4]	@ (10001aa8 <__wrap___aeabi_dmul+0xa>)
10001aa2:	689b      	ldr	r3, [r3, #8]
10001aa4:	9301      	str	r3, [sp, #4]
10001aa6:	bd08      	pop	{r3, pc}
10001aa8:	200008e4 	.word	0x200008e4
10001aac:	d0000000 	.word	0xd0000000

10001ab0 <__wrap___aeabi_cdrcmple>:
10001ab0:	b5ff      	push	{r0, r1, r2, r3, r4, r5, r6, r7, lr}
10001ab2:	4050      	eors	r0, r2
10001ab4:	4042      	eors	r2, r0
10001ab6:	4050      	eors	r0, r2
10001ab8:	4059      	eors	r1, r3
10001aba:	404b      	eors	r3, r1
10001abc:	4059      	eors	r1, r3
10001abe:	e000      	b.n	10001ac2 <__aeabi_dfcmple_guts>

10001ac0 <__wrap___aeabi_cdcmpeq>:
10001ac0:	b5ff      	push	{r0, r1, r2, r3, r4, r5, r6, r7, lr}

10001ac2 <__aeabi_dfcmple_guts>:
10001ac2:	4f15      	ldr	r7, [pc, #84]	@ (10001b18 <__aeabi_dfcmple_guts+0x56>)
10001ac4:	004c      	lsls	r4, r1, #1
10001ac6:	0d64      	lsrs	r4, r4, #21
10001ac8:	d003      	beq.n	10001ad2 <__aeabi_dfcmple_guts+0x10>
10001aca:	42bc      	cmp	r4, r7
10001acc:	d104      	bne.n	10001ad8 <__aeabi_dfcmple_guts+0x16>
10001ace:	030c      	lsls	r4, r1, #12
10001ad0:	d814      	bhi.n	10001afc <__aeabi_dfcmple_guts+0x3a>
10001ad2:	2000      	movs	r0, #0
10001ad4:	0d09      	lsrs	r1, r1, #20
10001ad6:	0509      	lsls	r1, r1, #20
10001ad8:	005c      	lsls	r4, r3, #1
10001ada:	0d64      	lsrs	r4, r4, #21
10001adc:	d003      	beq.n	10001ae6 <__aeabi_dfcmple_guts+0x24>
10001ade:	42bc      	cmp	r4, r7
10001ae0:	d104      	bne.n	10001aec <__aeabi_dfcmple_guts+0x2a>
10001ae2:	031c      	lsls	r4, r3, #12
10001ae4:	d80a      	bhi.n	10001afc <__aeabi_dfcmple_guts+0x3a>
10001ae6:	2200      	movs	r2, #0
10001ae8:	0d1b      	lsrs	r3, r3, #20
10001aea:	051b      	lsls	r3, r3, #20
10001aec:	2601      	movs	r6, #1
10001aee:	404b      	eors	r3, r1
10001af0:	d409      	bmi.n	10001b06 <__aeabi_dfcmple_guts+0x44>
10001af2:	404b      	eors	r3, r1
10001af4:	d503      	bpl.n	10001afe <__aeabi_dfcmple_guts+0x3c>
10001af6:	428b      	cmp	r3, r1
10001af8:	d100      	bne.n	10001afc <__aeabi_dfcmple_guts+0x3a>
10001afa:	4282      	cmp	r2, r0
10001afc:	bdff      	pop	{r0, r1, r2, r3, r4, r5, r6, r7, pc}
10001afe:	4299      	cmp	r1, r3
10001b00:	d1fc      	bne.n	10001afc <__aeabi_dfcmple_guts+0x3a>
10001b02:	4290      	cmp	r0, r2
10001b04:	bdff      	pop	{r0, r1, r2, r3, r4, r5, r6, r7, pc}
10001b06:	430b      	orrs	r3, r1
10001b08:	18db      	adds	r3, r3, r3
10001b0a:	4303      	orrs	r3, r0
10001b0c:	4313      	orrs	r3, r2
10001b0e:	d0f5      	beq.n	10001afc <__aeabi_dfcmple_guts+0x3a>
10001b10:	43c9      	mvns	r1, r1
10001b12:	1849      	adds	r1, r1, r1
10001b14:	bdff      	pop	{r0, r1, r2, r3, r4, r5, r6, r7, pc}
10001b16:	0000      	.short	0x0000
10001b18:	000007ff 	.word	0x000007ff

10001b1c <__wrap___aeabi_dcmplt>:
10001b1c:	b500      	push	{lr}
10001b1e:	f7ff ffcf 	bl	10001ac0 <__wrap___aeabi_cdcmpeq>
10001b22:	4180      	sbcs	r0, r0
10001b24:	bd00      	pop	{pc}
10001b26:	46c0      	nop			@ (mov r8, r8)

10001b28 <__wrap___aeabi_dcmple>:
10001b28:	b500      	push	{lr}
10001b2a:	f7ff ffc9 	bl	10001ac0 <__wrap___aeabi_cdcmpeq>
10001b2e:	d901      	bls.n	10001b34 <__wrap___aeabi_dcmple+0xc>
10001b30:	2000      	movs	r0, #0
10001b32:	bd00      	pop	{pc}
10001b34:	2001      	movs	r0, #1
10001b36:	bd00      	pop	{pc}

10001b38 <__wrap___aeabi_dcmpge>:
10001b38:	b500      	push	{lr}
10001b3a:	f7ff ffb9 	bl	10001ab0 <__wrap___aeabi_cdrcmple>
10001b3e:	d901      	bls.n	10001b44 <__wrap___aeabi_dcmpge+0xc>
10001b40:	2000      	movs	r0, #0
10001b42:	bd00      	pop	{pc}
10001b44:	2001      	movs	r0, #1
10001b46:	bd00      	pop	{pc}

10001b48 <__wrap___aeabi_dcmpgt>:
10001b48:	b500      	push	{lr}
10001b4a:	f7ff ffb1 	bl	10001ab0 <__wrap___aeabi_cdrcmple>
10001b4e:	4180      	sbcs	r0, r0
10001b50:	bd00      	pop	{pc}

10001b52 <__wrap___aeabi_dcmpun>:
10001b52:	2001      	movs	r0, #1
10001b54:	0540      	lsls	r0, r0, #21
10001b56:	004a      	lsls	r2, r1, #1
10001b58:	1812      	adds	r2, r2, r0
10001b5a:	d804      	bhi.n	10001b66 <__wrap___aeabi_dcmpun+0x14>
10001b5c:	005a      	lsls	r2, r3, #1
10001b5e:	1812      	adds	r2, r2, r0
10001b60:	d801      	bhi.n	10001b66 <__wrap___aeabi_dcmpun+0x14>
10001b62:	2000      	movs	r0, #0
10001b64:	4770      	bx	lr
10001b66:	2001      	movs	r0, #1
10001b68:	4770      	bx	lr
	...

10001b6c <__wrap___aeabi_ui2d>:
10001b6c:	2100      	movs	r1, #0
10001b6e:	2800      	cmp	r0, #0
10001b70:	d105      	bne.n	10001b7e <__wrap___aeabi_i2d+0xa>
10001b72:	4770      	bx	lr

10001b74 <__wrap___aeabi_i2d>:
10001b74:	17c1      	asrs	r1, r0, #31
10001b76:	4048      	eors	r0, r1
10001b78:	1a40      	subs	r0, r0, r1
10001b7a:	d0fa      	beq.n	10001b72 <__wrap___aeabi_ui2d+0x6>
10001b7c:	07c9      	lsls	r1, r1, #31
10001b7e:	b513      	push	{r0, r1, r4, lr}
10001b80:	4b06      	ldr	r3, [pc, #24]	@ (10001b9c <__wrap___aeabi_i2d+0x28>)
10001b82:	681b      	ldr	r3, [r3, #0]
10001b84:	4798      	blx	r3
10001b86:	bc0c      	pop	{r2, r3}
10001b88:	1c44      	adds	r4, r0, #1
10001b8a:	40a2      	lsls	r2, r4
10001b8c:	0510      	lsls	r0, r2, #20
10001b8e:	0b12      	lsrs	r2, r2, #12
10001b90:	4903      	ldr	r1, [pc, #12]	@ (10001ba0 <__wrap___aeabi_i2d+0x2c>)
10001b92:	1b09      	subs	r1, r1, r4
10001b94:	0509      	lsls	r1, r1, #20
10001b96:	4319      	orrs	r1, r3
10001b98:	4311      	orrs	r1, r2
10001b9a:	bd10      	pop	{r4, pc}
10001b9c:	200009e4 	.word	0x200009e4
10001ba0:	0000041f 	.word	0x0000041f

10001ba4 <__wrap___aeabi_d2iz>:
10001ba4:	b510      	push	{r4, lr}
10001ba6:	004c      	lsls	r4, r1, #1
10001ba8:	0d62      	lsrs	r2, r4, #21
10001baa:	2380      	movs	r3, #128	@ 0x80
10001bac:	18d2      	adds	r2, r2, r3
10001bae:	00db      	lsls	r3, r3, #3
10001bb0:	1ad2      	subs	r2, r2, r3
10001bb2:	055b      	lsls	r3, r3, #21
10001bb4:	2a7e      	cmp	r2, #126	@ 0x7e
10001bb6:	dd10      	ble.n	10001bda <__wrap___aeabi_d2iz+0x36>
10001bb8:	3a9e      	subs	r2, #158	@ 0x9e
10001bba:	da13      	bge.n	10001be4 <__wrap___aeabi_d2iz+0x40>
10001bbc:	17cc      	asrs	r4, r1, #31
10001bbe:	0309      	lsls	r1, r1, #12
10001bc0:	0849      	lsrs	r1, r1, #1
10001bc2:	4319      	orrs	r1, r3
10001bc4:	4252      	negs	r2, r2
10001bc6:	40d1      	lsrs	r1, r2
10001bc8:	0064      	lsls	r4, r4, #1
10001bca:	3401      	adds	r4, #1
10001bcc:	3215      	adds	r2, #21
10001bce:	2a20      	cmp	r2, #32
10001bd0:	da05      	bge.n	10001bde <__wrap___aeabi_d2iz+0x3a>
10001bd2:	40d0      	lsrs	r0, r2
10001bd4:	4308      	orrs	r0, r1
10001bd6:	4360      	muls	r0, r4
10001bd8:	bd10      	pop	{r4, pc}
10001bda:	2000      	movs	r0, #0
10001bdc:	bd10      	pop	{r4, pc}
10001bde:	4608      	mov	r0, r1
10001be0:	4360      	muls	r0, r4
10001be2:	bd10      	pop	{r4, pc}
10001be4:	0fc8      	lsrs	r0, r1, #31
10001be6:	18c0      	adds	r0, r0, r3
10001be8:	3801      	subs	r0, #1
10001bea:	bd10      	pop	{r4, pc}

10001bec <__wrap___aeabi_d2uiz>:
10001bec:	b418      	push	{r3, r4}
10001bee:	4b02      	ldr	r3, [pc, #8]	@ (10001bf8 <__wrap___aeabi_d2uiz+0xc>)
10001bf0:	6a5b      	ldr	r3, [r3, #36]	@ 0x24
10001bf2:	9301      	str	r3, [sp, #4]
10001bf4:	bd08      	pop	{r3, pc}
10001bf6:	0000      	.short	0x0000
10001bf8:	200008e4 	.word	0x200008e4

10001bfc <missing_double_func_shim>:
10001bfc:	b510      	push	{r4, lr}
10001bfe:	4801      	ldr	r0, [pc, #4]	@ (10001c04 <missing_double_func_shim+0x8>)
10001c00:	f7fe fd14 	bl	1000062c <panic>
10001c04:	10003a1c 	.word	0x10003a1c

10001c08 <__aeabi_double_init>:
10001c08:	b570      	push	{r4, r5, r6, lr}
10001c0a:	2313      	movs	r3, #19
10001c0c:	781c      	ldrb	r4, [r3, #0]
10001c0e:	2c01      	cmp	r4, #1
10001c10:	d012      	beq.n	10001c38 <__aeabi_double_init+0x30>
10001c12:	2c01      	cmp	r4, #1
10001c14:	dc12      	bgt.n	10001c3c <__aeabi_double_init+0x34>
10001c16:	4b21      	ldr	r3, [pc, #132]	@ (10001c9c <__aeabi_double_init+0x94>)
10001c18:	4a21      	ldr	r2, [pc, #132]	@ (10001ca0 <__aeabi_double_init+0x98>)
10001c1a:	6493      	str	r3, [r2, #72]	@ 0x48
10001c1c:	4821      	ldr	r0, [pc, #132]	@ (10001ca4 <__aeabi_double_init+0x9c>)
10001c1e:	f7ff fb77 	bl	10001310 <rom_func_lookup>
10001c22:	4b21      	ldr	r3, [pc, #132]	@ (10001ca8 <__aeabi_double_init+0xa0>)
10001c24:	6018      	str	r0, [r3, #0]
10001c26:	bd70      	pop	{r4, r5, r6, pc}
10001c28:	4920      	ldr	r1, [pc, #128]	@ (10001cac <__aeabi_double_init+0xa4>)
10001c2a:	4a1d      	ldr	r2, [pc, #116]	@ (10001ca0 <__aeabi_double_init+0x98>)
10001c2c:	0098      	lsls	r0, r3, #2
10001c2e:	5081      	str	r1, [r0, r2]
10001c30:	3301      	adds	r3, #1
10001c32:	2b1f      	cmp	r3, #31
10001c34:	d9f8      	bls.n	10001c28 <__aeabi_double_init+0x20>
10001c36:	e7ec      	b.n	10001c12 <__aeabi_double_init+0xa>
10001c38:	2300      	movs	r3, #0
10001c3a:	e7fa      	b.n	10001c32 <__aeabi_double_init+0x2a>
10001c3c:	481c      	ldr	r0, [pc, #112]	@ (10001cb0 <__aeabi_double_init+0xa8>)
10001c3e:	f7ff fb6f 	bl	10001320 <rom_data_lookup>
10001c42:	0005      	movs	r5, r0
10001c44:	481b      	ldr	r0, [pc, #108]	@ (10001cb4 <__aeabi_double_init+0xac>)
10001c46:	f7ff fb6b 	bl	10001320 <rom_data_lookup>
10001c4a:	3802      	subs	r0, #2
10001c4c:	7803      	ldrb	r3, [r0, #0]
10001c4e:	009b      	lsls	r3, r3, #2
10001c50:	2b7f      	cmp	r3, #127	@ 0x7f
10001c52:	dd09      	ble.n	10001c68 <__aeabi_double_init+0x60>
10001c54:	4812      	ldr	r0, [pc, #72]	@ (10001ca0 <__aeabi_double_init+0x98>)
10001c56:	2280      	movs	r2, #128	@ 0x80
10001c58:	0029      	movs	r1, r5
10001c5a:	f000 f8cb 	bl	10001df4 <__wrap___aeabi_memcpy>
10001c5e:	2c02      	cmp	r4, #2
10001c60:	d008      	beq.n	10001c74 <__aeabi_double_init+0x6c>
10001c62:	2c02      	cmp	r4, #2
10001c64:	dcda      	bgt.n	10001c1c <__aeabi_double_init+0x14>
10001c66:	e7d6      	b.n	10001c16 <__aeabi_double_init+0xe>
10001c68:	4b13      	ldr	r3, [pc, #76]	@ (10001cb8 <__aeabi_double_init+0xb0>)
10001c6a:	4a14      	ldr	r2, [pc, #80]	@ (10001cbc <__aeabi_double_init+0xb4>)
10001c6c:	4814      	ldr	r0, [pc, #80]	@ (10001cc0 <__aeabi_double_init+0xb8>)
10001c6e:	2133      	movs	r1, #51	@ 0x33
10001c70:	f001 f9c0 	bl	10002ff4 <__assert_func>
10001c74:	4b13      	ldr	r3, [pc, #76]	@ (10001cc4 <__aeabi_double_init+0xbc>)
10001c76:	881a      	ldrh	r2, [r3, #0]
10001c78:	23b5      	movs	r3, #181	@ 0xb5
10001c7a:	021b      	lsls	r3, r3, #8
10001c7c:	429a      	cmp	r2, r3
10001c7e:	d109      	bne.n	10001c94 <__aeabi_double_init+0x8c>
10001c80:	4b11      	ldr	r3, [pc, #68]	@ (10001cc8 <__aeabi_double_init+0xc0>)
10001c82:	881a      	ldrh	r2, [r3, #0]
10001c84:	4b11      	ldr	r3, [pc, #68]	@ (10001ccc <__aeabi_double_init+0xc4>)
10001c86:	429a      	cmp	r2, r3
10001c88:	d104      	bne.n	10001c94 <__aeabi_double_init+0x8c>
10001c8a:	4b11      	ldr	r3, [pc, #68]	@ (10001cd0 <__aeabi_double_init+0xc8>)
10001c8c:	881a      	ldrh	r2, [r3, #0]
10001c8e:	4b11      	ldr	r3, [pc, #68]	@ (10001cd4 <__aeabi_double_init+0xcc>)
10001c90:	429a      	cmp	r2, r3
10001c92:	d0e6      	beq.n	10001c62 <__aeabi_double_init+0x5a>
10001c94:	2000      	movs	r0, #0
10001c96:	f7fe fcc9 	bl	1000062c <panic>
10001c9a:	46c0      	nop			@ (mov r8, r8)
10001c9c:	10001cd9 	.word	0x10001cd9
10001ca0:	200008e4 	.word	0x200008e4
10001ca4:	0000334c 	.word	0x0000334c
10001ca8:	200009e4 	.word	0x200009e4
10001cac:	10001bfd 	.word	0x10001bfd
10001cb0:	00004453 	.word	0x00004453
10001cb4:	00004653 	.word	0x00004653
10001cb8:	10003a34 	.word	0x10003a34
10001cbc:	10003f40 	.word	0x10003f40
10001cc0:	10003a78 	.word	0x10003a78
10001cc4:	00003854 	.word	0x00003854
10001cc8:	000038d8 	.word	0x000038d8
10001ccc:	00004649 	.word	0x00004649
10001cd0:	0000389c 	.word	0x0000389c
10001cd4:	00004659 	.word	0x00004659

10001cd8 <double_table_shim_on_use_helper>:
10001cd8:	b507      	push	{r0, r1, r2, lr}
10001cda:	4660      	mov	r0, ip
10001cdc:	2800      	cmp	r0, #0
10001cde:	d100      	bne.n	10001ce2 <double_table_shim_on_use_helper+0xa>
10001ce0:	be00      	bkpt	0x0000
10001ce2:	8801      	ldrh	r1, [r0, #0]
10001ce4:	0a0a      	lsrs	r2, r1, #8
10001ce6:	3002      	adds	r0, #2
10001ce8:	2adf      	cmp	r2, #223	@ 0xdf
10001cea:	d1fa      	bne.n	10001ce2 <double_table_shim_on_use_helper+0xa>
10001cec:	b2c9      	uxtb	r1, r1
10001cee:	0882      	lsrs	r2, r0, #2
10001cf0:	d304      	bcc.n	10001cfc <double_table_shim_on_use_helper+0x24>
10001cf2:	8802      	ldrh	r2, [r0, #0]
10001cf4:	8840      	ldrh	r0, [r0, #2]
10001cf6:	0400      	lsls	r0, r0, #16
10001cf8:	4310      	orrs	r0, r2
10001cfa:	e000      	b.n	10001cfe <double_table_shim_on_use_helper+0x26>
10001cfc:	6800      	ldr	r0, [r0, #0]
10001cfe:	4a02      	ldr	r2, [pc, #8]	@ (10001d08 <double_table_shim_on_use_helper+0x30>)
10001d00:	5050      	str	r0, [r2, r1]
10001d02:	9003      	str	r0, [sp, #12]
10001d04:	bd07      	pop	{r0, r1, r2, pc}
10001d06:	0000      	.short	0x0000
10001d08:	200008e4 	.word	0x200008e4

10001d0c <__wrap___aeabi_lmul>:
10001d0c:	4351      	muls	r1, r2
10001d0e:	4343      	muls	r3, r0
10001d10:	18c9      	adds	r1, r1, r3
10001d12:	468c      	mov	ip, r1
10001d14:	0c11      	lsrs	r1, r2, #16
10001d16:	b283      	uxth	r3, r0
10001d18:	434b      	muls	r3, r1
10001d1a:	b410      	push	{r4}
10001d1c:	0c04      	lsrs	r4, r0, #16
10001d1e:	4361      	muls	r1, r4
10001d20:	b292      	uxth	r2, r2
10001d22:	b280      	uxth	r0, r0
10001d24:	4350      	muls	r0, r2
10001d26:	4362      	muls	r2, r4
10001d28:	041c      	lsls	r4, r3, #16
10001d2a:	0c1b      	lsrs	r3, r3, #16
10001d2c:	1900      	adds	r0, r0, r4
10001d2e:	bc10      	pop	{r4}
10001d30:	4159      	adcs	r1, r3
10001d32:	0413      	lsls	r3, r2, #16
10001d34:	0c12      	lsrs	r2, r2, #16
10001d36:	18c0      	adds	r0, r0, r3
10001d38:	4151      	adcs	r1, r2
10001d3a:	4461      	add	r1, ip
10001d3c:	4770      	bx	lr
	...

10001d40 <missing_float_func_shim>:
10001d40:	b510      	push	{r4, lr}
10001d42:	4801      	ldr	r0, [pc, #4]	@ (10001d48 <missing_float_func_shim+0x8>)
10001d44:	f7fe fc72 	bl	1000062c <panic>
10001d48:	10003bdc 	.word	0x10003bdc

10001d4c <__aeabi_float_init>:
10001d4c:	b570      	push	{r4, r5, r6, lr}
10001d4e:	2313      	movs	r3, #19
10001d50:	781c      	ldrb	r4, [r3, #0]
10001d52:	4819      	ldr	r0, [pc, #100]	@ (10001db8 <__aeabi_float_init+0x6c>)
10001d54:	f7ff fae4 	bl	10001320 <rom_data_lookup>
10001d58:	0005      	movs	r5, r0
10001d5a:	2c01      	cmp	r4, #1
10001d5c:	d012      	beq.n	10001d84 <__aeabi_float_init+0x38>
10001d5e:	2c01      	cmp	r4, #1
10001d60:	dd0a      	ble.n	10001d78 <__aeabi_float_init+0x2c>
10001d62:	002b      	movs	r3, r5
10001d64:	3b02      	subs	r3, #2
10001d66:	781b      	ldrb	r3, [r3, #0]
10001d68:	009b      	lsls	r3, r3, #2
10001d6a:	2b7f      	cmp	r3, #127	@ 0x7f
10001d6c:	dd1e      	ble.n	10001dac <__aeabi_float_init+0x60>
10001d6e:	4813      	ldr	r0, [pc, #76]	@ (10001dbc <__aeabi_float_init+0x70>)
10001d70:	2280      	movs	r2, #128	@ 0x80
10001d72:	0029      	movs	r1, r5
10001d74:	f000 f83e 	bl	10001df4 <__wrap___aeabi_memcpy>
10001d78:	4811      	ldr	r0, [pc, #68]	@ (10001dc0 <__aeabi_float_init+0x74>)
10001d7a:	f7ff fac9 	bl	10001310 <rom_func_lookup>
10001d7e:	4b11      	ldr	r3, [pc, #68]	@ (10001dc4 <__aeabi_float_init+0x78>)
10001d80:	6018      	str	r0, [r3, #0]
10001d82:	bd70      	pop	{r4, r5, r6, pc}
10001d84:	480d      	ldr	r0, [pc, #52]	@ (10001dbc <__aeabi_float_init+0x70>)
10001d86:	2254      	movs	r2, #84	@ 0x54
10001d88:	0029      	movs	r1, r5
10001d8a:	f000 f833 	bl	10001df4 <__wrap___aeabi_memcpy>
10001d8e:	2300      	movs	r3, #0
10001d90:	e000      	b.n	10001d94 <__aeabi_float_init+0x48>
10001d92:	3301      	adds	r3, #1
10001d94:	2b1f      	cmp	r3, #31
10001d96:	d8e2      	bhi.n	10001d5e <__aeabi_float_init+0x12>
10001d98:	4a08      	ldr	r2, [pc, #32]	@ (10001dbc <__aeabi_float_init+0x70>)
10001d9a:	0099      	lsls	r1, r3, #2
10001d9c:	588a      	ldr	r2, [r1, r2]
10001d9e:	2a00      	cmp	r2, #0
10001da0:	d1f7      	bne.n	10001d92 <__aeabi_float_init+0x46>
10001da2:	4909      	ldr	r1, [pc, #36]	@ (10001dc8 <__aeabi_float_init+0x7c>)
10001da4:	4a05      	ldr	r2, [pc, #20]	@ (10001dbc <__aeabi_float_init+0x70>)
10001da6:	0098      	lsls	r0, r3, #2
10001da8:	5081      	str	r1, [r0, r2]
10001daa:	e7f2      	b.n	10001d92 <__aeabi_float_init+0x46>
10001dac:	4b07      	ldr	r3, [pc, #28]	@ (10001dcc <__aeabi_float_init+0x80>)
10001dae:	4a08      	ldr	r2, [pc, #32]	@ (10001dd0 <__aeabi_float_init+0x84>)
10001db0:	4808      	ldr	r0, [pc, #32]	@ (10001dd4 <__aeabi_float_init+0x88>)
10001db2:	2142      	movs	r1, #66	@ 0x42
10001db4:	f001 f91e 	bl	10002ff4 <__assert_func>
10001db8:	00004653 	.word	0x00004653
10001dbc:	200009e8 	.word	0x200009e8
10001dc0:	0000334c 	.word	0x0000334c
10001dc4:	200009e4 	.word	0x200009e4
10001dc8:	10001d41 	.word	0x10001d41
10001dcc:	10003ad4 	.word	0x10003ad4
10001dd0:	10003f54 	.word	0x10003f54
10001dd4:	10003b08 	.word	0x10003b08

10001dd8 <__aeabi_mem_init>:
10001dd8:	4801      	ldr	r0, [pc, #4]	@ (10001de0 <__aeabi_mem_init+0x8>)
10001dda:	2104      	movs	r1, #4
10001ddc:	4b01      	ldr	r3, [pc, #4]	@ (10001de4 <__aeabi_mem_init+0xc>)
10001dde:	4718      	bx	r3
10001de0:	200005e0 	.word	0x200005e0
10001de4:	10001331 	.word	0x10001331

10001de8 <__wrap_memset>:
10001de8:	4b01      	ldr	r3, [pc, #4]	@ (10001df0 <__wrap_memset+0x8>)
10001dea:	681b      	ldr	r3, [r3, #0]
10001dec:	4718      	bx	r3
10001dee:	0000      	.short	0x0000
10001df0:	200005e0 	.word	0x200005e0

10001df4 <__wrap___aeabi_memcpy>:
10001df4:	4b01      	ldr	r3, [pc, #4]	@ (10001dfc <__wrap___aeabi_memcpy+0x8>)
10001df6:	685b      	ldr	r3, [r3, #4]
10001df8:	4718      	bx	r3
10001dfa:	0000      	.short	0x0000
10001dfc:	200005e0 	.word	0x200005e0

10001e00 <_out_null>:
10001e00:	4770      	bx	lr

10001e02 <_out_fct>:
10001e02:	b510      	push	{r4, lr}
10001e04:	2800      	cmp	r0, #0
10001e06:	d002      	beq.n	10001e0e <_out_fct+0xc>
10001e08:	680b      	ldr	r3, [r1, #0]
10001e0a:	6849      	ldr	r1, [r1, #4]
10001e0c:	4798      	blx	r3
10001e0e:	bd10      	pop	{r4, pc}

10001e10 <_atoi>:
10001e10:	0001      	movs	r1, r0
10001e12:	2000      	movs	r0, #0
10001e14:	e007      	b.n	10001e26 <_atoi+0x16>
10001e16:	0083      	lsls	r3, r0, #2
10001e18:	181b      	adds	r3, r3, r0
10001e1a:	005b      	lsls	r3, r3, #1
10001e1c:	1c50      	adds	r0, r2, #1
10001e1e:	6008      	str	r0, [r1, #0]
10001e20:	7810      	ldrb	r0, [r2, #0]
10001e22:	18c0      	adds	r0, r0, r3
10001e24:	3830      	subs	r0, #48	@ 0x30
10001e26:	680a      	ldr	r2, [r1, #0]
10001e28:	7813      	ldrb	r3, [r2, #0]
10001e2a:	3b30      	subs	r3, #48	@ 0x30
10001e2c:	b2db      	uxtb	r3, r3
10001e2e:	2b09      	cmp	r3, #9
10001e30:	d9f1      	bls.n	10001e16 <_atoi+0x6>
10001e32:	4770      	bx	lr

10001e34 <_out_rev>:
10001e34:	b5f0      	push	{r4, r5, r6, r7, lr}
10001e36:	46d6      	mov	lr, sl
10001e38:	464f      	mov	r7, r9
10001e3a:	4646      	mov	r6, r8
10001e3c:	b5c0      	push	{r6, r7, lr}
10001e3e:	0005      	movs	r5, r0
10001e40:	000e      	movs	r6, r1
10001e42:	0010      	movs	r0, r2
10001e44:	4691      	mov	r9, r2
10001e46:	001f      	movs	r7, r3
10001e48:	9c09      	ldr	r4, [sp, #36]	@ 0x24
10001e4a:	9b0b      	ldr	r3, [sp, #44]	@ 0x2c
10001e4c:	2202      	movs	r2, #2
10001e4e:	0011      	movs	r1, r2
10001e50:	4019      	ands	r1, r3
10001e52:	468a      	mov	sl, r1
10001e54:	421a      	tst	r2, r3
10001e56:	d134      	bne.n	10001ec2 <_out_rev+0x8e>
10001e58:	07db      	lsls	r3, r3, #31
10001e5a:	d516      	bpl.n	10001e8a <_out_rev+0x56>
10001e5c:	0002      	movs	r2, r0
10001e5e:	46b8      	mov	r8, r7
10001e60:	0037      	movs	r7, r6
10001e62:	002e      	movs	r6, r5
10001e64:	e01f      	b.n	10001ea6 <_out_rev+0x72>
10001e66:	1c55      	adds	r5, r2, #1
10001e68:	0033      	movs	r3, r6
10001e6a:	4641      	mov	r1, r8
10001e6c:	2020      	movs	r0, #32
10001e6e:	47b8      	blx	r7
10001e70:	3401      	adds	r4, #1
10001e72:	002a      	movs	r2, r5
10001e74:	9b0a      	ldr	r3, [sp, #40]	@ 0x28
10001e76:	429c      	cmp	r4, r3
10001e78:	d3f5      	bcc.n	10001e66 <_out_rev+0x32>
10001e7a:	003d      	movs	r5, r7
10001e7c:	0037      	movs	r7, r6
10001e7e:	4646      	mov	r6, r8
10001e80:	9c09      	ldr	r4, [sp, #36]	@ 0x24
10001e82:	46b8      	mov	r8, r7
10001e84:	0037      	movs	r7, r6
10001e86:	002e      	movs	r6, r5
10001e88:	e00d      	b.n	10001ea6 <_out_rev+0x72>
10001e8a:	0002      	movs	r2, r0
10001e8c:	46b0      	mov	r8, r6
10001e8e:	003e      	movs	r6, r7
10001e90:	002f      	movs	r7, r5
10001e92:	9409      	str	r4, [sp, #36]	@ 0x24
10001e94:	e7ee      	b.n	10001e74 <_out_rev+0x40>
10001e96:	3c01      	subs	r4, #1
10001e98:	1c55      	adds	r5, r2, #1
10001e9a:	9b08      	ldr	r3, [sp, #32]
10001e9c:	5d18      	ldrb	r0, [r3, r4]
10001e9e:	4643      	mov	r3, r8
10001ea0:	0039      	movs	r1, r7
10001ea2:	47b0      	blx	r6
10001ea4:	002a      	movs	r2, r5
10001ea6:	2c00      	cmp	r4, #0
10001ea8:	d1f5      	bne.n	10001e96 <_out_rev+0x62>
10001eaa:	0035      	movs	r5, r6
10001eac:	003e      	movs	r6, r7
10001eae:	4647      	mov	r7, r8
10001eb0:	4653      	mov	r3, sl
10001eb2:	2b00      	cmp	r3, #0
10001eb4:	d116      	bne.n	10001ee4 <_out_rev+0xb0>
10001eb6:	0010      	movs	r0, r2
10001eb8:	bce0      	pop	{r5, r6, r7}
10001eba:	46ba      	mov	sl, r7
10001ebc:	46b1      	mov	r9, r6
10001ebe:	46a8      	mov	r8, r5
10001ec0:	bdf0      	pop	{r4, r5, r6, r7, pc}
10001ec2:	0002      	movs	r2, r0
10001ec4:	46b8      	mov	r8, r7
10001ec6:	0037      	movs	r7, r6
10001ec8:	002e      	movs	r6, r5
10001eca:	e7ec      	b.n	10001ea6 <_out_rev+0x72>
10001ecc:	1c54      	adds	r4, r2, #1
10001ece:	0033      	movs	r3, r6
10001ed0:	0029      	movs	r1, r5
10001ed2:	2020      	movs	r0, #32
10001ed4:	47b8      	blx	r7
10001ed6:	0022      	movs	r2, r4
10001ed8:	464b      	mov	r3, r9
10001eda:	1ad3      	subs	r3, r2, r3
10001edc:	990a      	ldr	r1, [sp, #40]	@ 0x28
10001ede:	428b      	cmp	r3, r1
10001ee0:	d3f4      	bcc.n	10001ecc <_out_rev+0x98>
10001ee2:	e7e8      	b.n	10001eb6 <_out_rev+0x82>
10001ee4:	003b      	movs	r3, r7
10001ee6:	002f      	movs	r7, r5
10001ee8:	0035      	movs	r5, r6
10001eea:	001e      	movs	r6, r3
10001eec:	e7f4      	b.n	10001ed8 <_out_rev+0xa4>

10001eee <_ntoa_format>:
10001eee:	b5f0      	push	{r4, r5, r6, r7, lr}
10001ef0:	46ce      	mov	lr, r9
10001ef2:	4647      	mov	r7, r8
10001ef4:	b580      	push	{r7, lr}
10001ef6:	b085      	sub	sp, #20
10001ef8:	0006      	movs	r6, r0
10001efa:	000f      	movs	r7, r1
10001efc:	4690      	mov	r8, r2
10001efe:	4699      	mov	r9, r3
10001f00:	9a0c      	ldr	r2, [sp, #48]	@ 0x30
10001f02:	9b0d      	ldr	r3, [sp, #52]	@ 0x34
10001f04:	a90e      	add	r1, sp, #56	@ 0x38
10001f06:	7809      	ldrb	r1, [r1, #0]
10001f08:	468c      	mov	ip, r1
10001f0a:	9d10      	ldr	r5, [sp, #64]	@ 0x40
10001f0c:	9c11      	ldr	r4, [sp, #68]	@ 0x44
10001f0e:	9912      	ldr	r1, [sp, #72]	@ 0x48
10001f10:	0788      	lsls	r0, r1, #30
10001f12:	d41c      	bmi.n	10001f4e <_ntoa_format+0x60>
10001f14:	2c00      	cmp	r4, #0
10001f16:	d00c      	beq.n	10001f32 <_ntoa_format+0x44>
10001f18:	07c8      	lsls	r0, r1, #31
10001f1a:	d50a      	bpl.n	10001f32 <_ntoa_format+0x44>
10001f1c:	4660      	mov	r0, ip
10001f1e:	2800      	cmp	r0, #0
10001f20:	d102      	bne.n	10001f28 <_ntoa_format+0x3a>
10001f22:	300c      	adds	r0, #12
10001f24:	4208      	tst	r0, r1
10001f26:	d004      	beq.n	10001f32 <_ntoa_format+0x44>
10001f28:	3c01      	subs	r4, #1
10001f2a:	e002      	b.n	10001f32 <_ntoa_format+0x44>
10001f2c:	2030      	movs	r0, #48	@ 0x30
10001f2e:	54d0      	strb	r0, [r2, r3]
10001f30:	3301      	adds	r3, #1
10001f32:	42ab      	cmp	r3, r5
10001f34:	d201      	bcs.n	10001f3a <_ntoa_format+0x4c>
10001f36:	2b1f      	cmp	r3, #31
10001f38:	d9f8      	bls.n	10001f2c <_ntoa_format+0x3e>
10001f3a:	07c8      	lsls	r0, r1, #31
10001f3c:	d507      	bpl.n	10001f4e <_ntoa_format+0x60>
10001f3e:	42a3      	cmp	r3, r4
10001f40:	d205      	bcs.n	10001f4e <_ntoa_format+0x60>
10001f42:	2b1f      	cmp	r3, #31
10001f44:	d803      	bhi.n	10001f4e <_ntoa_format+0x60>
10001f46:	2030      	movs	r0, #48	@ 0x30
10001f48:	54d0      	strb	r0, [r2, r3]
10001f4a:	3301      	adds	r3, #1
10001f4c:	e7f5      	b.n	10001f3a <_ntoa_format+0x4c>
10001f4e:	06c8      	lsls	r0, r1, #27
10001f50:	d512      	bpl.n	10001f78 <_ntoa_format+0x8a>
10001f52:	0548      	lsls	r0, r1, #21
10001f54:	d405      	bmi.n	10001f62 <_ntoa_format+0x74>
10001f56:	2b00      	cmp	r3, #0
10001f58:	d003      	beq.n	10001f62 <_ntoa_format+0x74>
10001f5a:	42ab      	cmp	r3, r5
10001f5c:	d023      	beq.n	10001fa6 <_ntoa_format+0xb8>
10001f5e:	42a3      	cmp	r3, r4
10001f60:	d021      	beq.n	10001fa6 <_ntoa_format+0xb8>
10001f62:	980f      	ldr	r0, [sp, #60]	@ 0x3c
10001f64:	2810      	cmp	r0, #16
10001f66:	d031      	beq.n	10001fcc <_ntoa_format+0xde>
10001f68:	980f      	ldr	r0, [sp, #60]	@ 0x3c
10001f6a:	2802      	cmp	r0, #2
10001f6c:	d038      	beq.n	10001fe0 <_ntoa_format+0xf2>
10001f6e:	2b1f      	cmp	r3, #31
10001f70:	d80a      	bhi.n	10001f88 <_ntoa_format+0x9a>
10001f72:	2030      	movs	r0, #48	@ 0x30
10001f74:	54d0      	strb	r0, [r2, r3]
10001f76:	3301      	adds	r3, #1
10001f78:	2b1f      	cmp	r3, #31
10001f7a:	d805      	bhi.n	10001f88 <_ntoa_format+0x9a>
10001f7c:	4660      	mov	r0, ip
10001f7e:	2800      	cmp	r0, #0
10001f80:	d034      	beq.n	10001fec <_ntoa_format+0xfe>
10001f82:	202d      	movs	r0, #45	@ 0x2d
10001f84:	54d0      	strb	r0, [r2, r3]
10001f86:	3301      	adds	r3, #1
10001f88:	9103      	str	r1, [sp, #12]
10001f8a:	9402      	str	r4, [sp, #8]
10001f8c:	9301      	str	r3, [sp, #4]
10001f8e:	9200      	str	r2, [sp, #0]
10001f90:	464b      	mov	r3, r9
10001f92:	4642      	mov	r2, r8
10001f94:	0039      	movs	r1, r7
10001f96:	0030      	movs	r0, r6
10001f98:	f7ff ff4c 	bl	10001e34 <_out_rev>
10001f9c:	b005      	add	sp, #20
10001f9e:	bcc0      	pop	{r6, r7}
10001fa0:	46b9      	mov	r9, r7
10001fa2:	46b0      	mov	r8, r6
10001fa4:	bdf0      	pop	{r4, r5, r6, r7, pc}
10001fa6:	1e58      	subs	r0, r3, #1
10001fa8:	2b01      	cmp	r3, #1
10001faa:	d017      	beq.n	10001fdc <_ntoa_format+0xee>
10001fac:	9d0f      	ldr	r5, [sp, #60]	@ 0x3c
10001fae:	2d10      	cmp	r5, #16
10001fb0:	d00b      	beq.n	10001fca <_ntoa_format+0xdc>
10001fb2:	0003      	movs	r3, r0
10001fb4:	980f      	ldr	r0, [sp, #60]	@ 0x3c
10001fb6:	2810      	cmp	r0, #16
10001fb8:	d1d6      	bne.n	10001f68 <_ntoa_format+0x7a>
10001fba:	0688      	lsls	r0, r1, #26
10001fbc:	d5d4      	bpl.n	10001f68 <_ntoa_format+0x7a>
10001fbe:	2b1f      	cmp	r3, #31
10001fc0:	d8d2      	bhi.n	10001f68 <_ntoa_format+0x7a>
10001fc2:	2058      	movs	r0, #88	@ 0x58
10001fc4:	54d0      	strb	r0, [r2, r3]
10001fc6:	3301      	adds	r3, #1
10001fc8:	e7d1      	b.n	10001f6e <_ntoa_format+0x80>
10001fca:	3b02      	subs	r3, #2
10001fcc:	0688      	lsls	r0, r1, #26
10001fce:	d4f1      	bmi.n	10001fb4 <_ntoa_format+0xc6>
10001fd0:	2b1f      	cmp	r3, #31
10001fd2:	d8ef      	bhi.n	10001fb4 <_ntoa_format+0xc6>
10001fd4:	2078      	movs	r0, #120	@ 0x78
10001fd6:	54d0      	strb	r0, [r2, r3]
10001fd8:	3301      	adds	r3, #1
10001fda:	e7c8      	b.n	10001f6e <_ntoa_format+0x80>
10001fdc:	0003      	movs	r3, r0
10001fde:	e7c0      	b.n	10001f62 <_ntoa_format+0x74>
10001fe0:	2b1f      	cmp	r3, #31
10001fe2:	d8d1      	bhi.n	10001f88 <_ntoa_format+0x9a>
10001fe4:	3060      	adds	r0, #96	@ 0x60
10001fe6:	54d0      	strb	r0, [r2, r3]
10001fe8:	3301      	adds	r3, #1
10001fea:	e7c0      	b.n	10001f6e <_ntoa_format+0x80>
10001fec:	0748      	lsls	r0, r1, #29
10001fee:	d503      	bpl.n	10001ff8 <_ntoa_format+0x10a>
10001ff0:	202b      	movs	r0, #43	@ 0x2b
10001ff2:	54d0      	strb	r0, [r2, r3]
10001ff4:	3301      	adds	r3, #1
10001ff6:	e7c7      	b.n	10001f88 <_ntoa_format+0x9a>
10001ff8:	0708      	lsls	r0, r1, #28
10001ffa:	d5c5      	bpl.n	10001f88 <_ntoa_format+0x9a>
10001ffc:	2020      	movs	r0, #32
10001ffe:	54d0      	strb	r0, [r2, r3]
10002000:	3301      	adds	r3, #1
10002002:	e7c1      	b.n	10001f88 <_ntoa_format+0x9a>

10002004 <_ntoa_long>:
10002004:	b5f0      	push	{r4, r5, r6, r7, lr}
10002006:	46de      	mov	lr, fp
10002008:	4657      	mov	r7, sl
1000200a:	464e      	mov	r6, r9
1000200c:	4645      	mov	r5, r8
1000200e:	b5e0      	push	{r5, r6, r7, lr}
10002010:	b093      	sub	sp, #76	@ 0x4c
10002012:	4680      	mov	r8, r0
10002014:	4689      	mov	r9, r1
10002016:	4692      	mov	sl, r2
10002018:	469b      	mov	fp, r3
1000201a:	ab1c      	add	r3, sp, #112	@ 0x70
1000201c:	cb10      	ldmia	r3!, {r4}
1000201e:	781b      	ldrb	r3, [r3, #0]
10002020:	9309      	str	r3, [sp, #36]	@ 0x24
10002022:	9d1e      	ldr	r5, [sp, #120]	@ 0x78
10002024:	2c00      	cmp	r4, #0
10002026:	d103      	bne.n	10002030 <_ntoa_long+0x2c>
10002028:	2310      	movs	r3, #16
1000202a:	9a21      	ldr	r2, [sp, #132]	@ 0x84
1000202c:	439a      	bics	r2, r3
1000202e:	9221      	str	r2, [sp, #132]	@ 0x84
10002030:	2380      	movs	r3, #128	@ 0x80
10002032:	00db      	lsls	r3, r3, #3
10002034:	9e21      	ldr	r6, [sp, #132]	@ 0x84
10002036:	401e      	ands	r6, r3
10002038:	9a21      	ldr	r2, [sp, #132]	@ 0x84
1000203a:	421a      	tst	r2, r3
1000203c:	d018      	beq.n	10002070 <_ntoa_long+0x6c>
1000203e:	2c00      	cmp	r4, #0
10002040:	d022      	beq.n	10002088 <_ntoa_long+0x84>
10002042:	2600      	movs	r6, #0
10002044:	e014      	b.n	10002070 <_ntoa_long+0x6c>
10002046:	9a21      	ldr	r2, [sp, #132]	@ 0x84
10002048:	0692      	lsls	r2, r2, #26
1000204a:	d51b      	bpl.n	10002084 <_ntoa_long+0x80>
1000204c:	2141      	movs	r1, #65	@ 0x41
1000204e:	18c9      	adds	r1, r1, r3
10002050:	b2c9      	uxtb	r1, r1
10002052:	390a      	subs	r1, #10
10002054:	b2c9      	uxtb	r1, r1
10002056:	1c77      	adds	r7, r6, #1
10002058:	ab0a      	add	r3, sp, #40	@ 0x28
1000205a:	5599      	strb	r1, [r3, r6]
1000205c:	0029      	movs	r1, r5
1000205e:	0020      	movs	r0, r4
10002060:	f7ff fabe 	bl	100015e0 <__wrap___aeabi_uidiv>
10002064:	42ac      	cmp	r4, r5
10002066:	d310      	bcc.n	1000208a <_ntoa_long+0x86>
10002068:	2f1f      	cmp	r7, #31
1000206a:	d80e      	bhi.n	1000208a <_ntoa_long+0x86>
1000206c:	003e      	movs	r6, r7
1000206e:	0004      	movs	r4, r0
10002070:	0029      	movs	r1, r5
10002072:	0020      	movs	r0, r4
10002074:	f7ff fab4 	bl	100015e0 <__wrap___aeabi_uidiv>
10002078:	b2cb      	uxtb	r3, r1
1000207a:	2b09      	cmp	r3, #9
1000207c:	d8e3      	bhi.n	10002046 <_ntoa_long+0x42>
1000207e:	3330      	adds	r3, #48	@ 0x30
10002080:	b2d9      	uxtb	r1, r3
10002082:	e7e8      	b.n	10002056 <_ntoa_long+0x52>
10002084:	2161      	movs	r1, #97	@ 0x61
10002086:	e7e2      	b.n	1000204e <_ntoa_long+0x4a>
10002088:	0027      	movs	r7, r4
1000208a:	9b21      	ldr	r3, [sp, #132]	@ 0x84
1000208c:	9306      	str	r3, [sp, #24]
1000208e:	9b20      	ldr	r3, [sp, #128]	@ 0x80
10002090:	9305      	str	r3, [sp, #20]
10002092:	9b1f      	ldr	r3, [sp, #124]	@ 0x7c
10002094:	9304      	str	r3, [sp, #16]
10002096:	9503      	str	r5, [sp, #12]
10002098:	9b09      	ldr	r3, [sp, #36]	@ 0x24
1000209a:	9302      	str	r3, [sp, #8]
1000209c:	9701      	str	r7, [sp, #4]
1000209e:	ab0a      	add	r3, sp, #40	@ 0x28
100020a0:	9300      	str	r3, [sp, #0]
100020a2:	465b      	mov	r3, fp
100020a4:	4652      	mov	r2, sl
100020a6:	4649      	mov	r1, r9
100020a8:	4640      	mov	r0, r8
100020aa:	f7ff ff20 	bl	10001eee <_ntoa_format>
100020ae:	b013      	add	sp, #76	@ 0x4c
100020b0:	bcf0      	pop	{r4, r5, r6, r7}
100020b2:	46bb      	mov	fp, r7
100020b4:	46b2      	mov	sl, r6
100020b6:	46a9      	mov	r9, r5
100020b8:	46a0      	mov	r8, r4
100020ba:	bdf0      	pop	{r4, r5, r6, r7, pc}

100020bc <_ntoa_long_long>:
100020bc:	b5f0      	push	{r4, r5, r6, r7, lr}
100020be:	46de      	mov	lr, fp
100020c0:	4657      	mov	r7, sl
100020c2:	464e      	mov	r6, r9
100020c4:	4645      	mov	r5, r8
100020c6:	b5e0      	push	{r5, r6, r7, lr}
100020c8:	b095      	sub	sp, #84	@ 0x54
100020ca:	4683      	mov	fp, r0
100020cc:	9108      	str	r1, [sp, #32]
100020ce:	9209      	str	r2, [sp, #36]	@ 0x24
100020d0:	930a      	str	r3, [sp, #40]	@ 0x28
100020d2:	9b1e      	ldr	r3, [sp, #120]	@ 0x78
100020d4:	4699      	mov	r9, r3
100020d6:	9f1f      	ldr	r7, [sp, #124]	@ 0x7c
100020d8:	ab20      	add	r3, sp, #128	@ 0x80
100020da:	781b      	ldrb	r3, [r3, #0]
100020dc:	930b      	str	r3, [sp, #44]	@ 0x2c
100020de:	9b22      	ldr	r3, [sp, #136]	@ 0x88
100020e0:	4698      	mov	r8, r3
100020e2:	9c23      	ldr	r4, [sp, #140]	@ 0x8c
100020e4:	464b      	mov	r3, r9
100020e6:	433b      	orrs	r3, r7
100020e8:	d103      	bne.n	100020f2 <_ntoa_long_long+0x36>
100020ea:	3310      	adds	r3, #16
100020ec:	9a26      	ldr	r2, [sp, #152]	@ 0x98
100020ee:	439a      	bics	r2, r3
100020f0:	9226      	str	r2, [sp, #152]	@ 0x98
100020f2:	2380      	movs	r3, #128	@ 0x80
100020f4:	00db      	lsls	r3, r3, #3
100020f6:	9d26      	ldr	r5, [sp, #152]	@ 0x98
100020f8:	401d      	ands	r5, r3
100020fa:	9a26      	ldr	r2, [sp, #152]	@ 0x98
100020fc:	421a      	tst	r2, r3
100020fe:	d008      	beq.n	10002112 <_ntoa_long_long+0x56>
10002100:	464b      	mov	r3, r9
10002102:	433b      	orrs	r3, r7
10002104:	d039      	beq.n	1000217a <_ntoa_long_long+0xbe>
10002106:	2500      	movs	r5, #0
10002108:	464e      	mov	r6, r9
1000210a:	0023      	movs	r3, r4
1000210c:	002c      	movs	r4, r5
1000210e:	001d      	movs	r5, r3
10002110:	e01f      	b.n	10002152 <_ntoa_long_long+0x96>
10002112:	464e      	mov	r6, r9
10002114:	0023      	movs	r3, r4
10002116:	002c      	movs	r4, r5
10002118:	001d      	movs	r5, r3
1000211a:	e01a      	b.n	10002152 <_ntoa_long_long+0x96>
1000211c:	9a26      	ldr	r2, [sp, #152]	@ 0x98
1000211e:	0692      	lsls	r2, r2, #26
10002120:	d523      	bpl.n	1000216a <_ntoa_long_long+0xae>
10002122:	2241      	movs	r2, #65	@ 0x41
10002124:	18d2      	adds	r2, r2, r3
10002126:	b2d2      	uxtb	r2, r2
10002128:	3a0a      	subs	r2, #10
1000212a:	b2d2      	uxtb	r2, r2
1000212c:	1c63      	adds	r3, r4, #1
1000212e:	469a      	mov	sl, r3
10002130:	ab0c      	add	r3, sp, #48	@ 0x30
10002132:	551a      	strb	r2, [r3, r4]
10002134:	4642      	mov	r2, r8
10002136:	002b      	movs	r3, r5
10002138:	0030      	movs	r0, r6
1000213a:	0039      	movs	r1, r7
1000213c:	f7ff fa8e 	bl	1000165c <__wrap___aeabi_uldivmod>
10002140:	42bd      	cmp	r5, r7
10002142:	d81c      	bhi.n	1000217e <_ntoa_long_long+0xc2>
10002144:	d013      	beq.n	1000216e <_ntoa_long_long+0xb2>
10002146:	4653      	mov	r3, sl
10002148:	2b1f      	cmp	r3, #31
1000214a:	d814      	bhi.n	10002176 <_ntoa_long_long+0xba>
1000214c:	4654      	mov	r4, sl
1000214e:	0006      	movs	r6, r0
10002150:	000f      	movs	r7, r1
10002152:	4642      	mov	r2, r8
10002154:	002b      	movs	r3, r5
10002156:	0030      	movs	r0, r6
10002158:	0039      	movs	r1, r7
1000215a:	f7ff fa7f 	bl	1000165c <__wrap___aeabi_uldivmod>
1000215e:	b2d3      	uxtb	r3, r2
10002160:	2b09      	cmp	r3, #9
10002162:	d8db      	bhi.n	1000211c <_ntoa_long_long+0x60>
10002164:	3330      	adds	r3, #48	@ 0x30
10002166:	b2da      	uxtb	r2, r3
10002168:	e7e0      	b.n	1000212c <_ntoa_long_long+0x70>
1000216a:	2261      	movs	r2, #97	@ 0x61
1000216c:	e7da      	b.n	10002124 <_ntoa_long_long+0x68>
1000216e:	45b0      	cmp	r8, r6
10002170:	d9e9      	bls.n	10002146 <_ntoa_long_long+0x8a>
10002172:	4656      	mov	r6, sl
10002174:	e004      	b.n	10002180 <_ntoa_long_long+0xc4>
10002176:	4656      	mov	r6, sl
10002178:	e002      	b.n	10002180 <_ntoa_long_long+0xc4>
1000217a:	2600      	movs	r6, #0
1000217c:	e000      	b.n	10002180 <_ntoa_long_long+0xc4>
1000217e:	4656      	mov	r6, sl
10002180:	9b26      	ldr	r3, [sp, #152]	@ 0x98
10002182:	9306      	str	r3, [sp, #24]
10002184:	9b25      	ldr	r3, [sp, #148]	@ 0x94
10002186:	9305      	str	r3, [sp, #20]
10002188:	9b24      	ldr	r3, [sp, #144]	@ 0x90
1000218a:	9304      	str	r3, [sp, #16]
1000218c:	4643      	mov	r3, r8
1000218e:	9303      	str	r3, [sp, #12]
10002190:	9b0b      	ldr	r3, [sp, #44]	@ 0x2c
10002192:	9302      	str	r3, [sp, #8]
10002194:	9601      	str	r6, [sp, #4]
10002196:	ab0c      	add	r3, sp, #48	@ 0x30
10002198:	9300      	str	r3, [sp, #0]
1000219a:	9b0a      	ldr	r3, [sp, #40]	@ 0x28
1000219c:	9a09      	ldr	r2, [sp, #36]	@ 0x24
1000219e:	9908      	ldr	r1, [sp, #32]
100021a0:	4658      	mov	r0, fp
100021a2:	f7ff fea4 	bl	10001eee <_ntoa_format>
100021a6:	b015      	add	sp, #84	@ 0x54
100021a8:	bcf0      	pop	{r4, r5, r6, r7}
100021aa:	46bb      	mov	fp, r7
100021ac:	46b2      	mov	sl, r6
100021ae:	46a9      	mov	r9, r5
100021b0:	46a0      	mov	r8, r4
100021b2:	bdf0      	pop	{r4, r5, r6, r7, pc}

100021b4 <_etoa>:
100021b4:	b5f0      	push	{r4, r5, r6, r7, lr}
100021b6:	46de      	mov	lr, fp
100021b8:	4657      	mov	r7, sl
100021ba:	464e      	mov	r6, r9
100021bc:	4645      	mov	r5, r8
100021be:	b5e0      	push	{r5, r6, r7, lr}
100021c0:	b095      	sub	sp, #84	@ 0x54
100021c2:	0004      	movs	r4, r0
100021c4:	468a      	mov	sl, r1
100021c6:	4693      	mov	fp, r2
100021c8:	4699      	mov	r9, r3
100021ca:	9e1e      	ldr	r6, [sp, #120]	@ 0x78
100021cc:	9f1f      	ldr	r7, [sp, #124]	@ 0x7c
100021ce:	0032      	movs	r2, r6
100021d0:	003b      	movs	r3, r7
100021d2:	0030      	movs	r0, r6
100021d4:	0039      	movs	r1, r7
100021d6:	f7ff fcbc 	bl	10001b52 <__wrap___aeabi_dcmpun>
100021da:	2800      	cmp	r0, #0
100021dc:	d000      	beq.n	100021e0 <_etoa+0x2c>
100021de:	e0fb      	b.n	100023d8 <_etoa+0x224>
100021e0:	2201      	movs	r2, #1
100021e2:	4252      	negs	r2, r2
100021e4:	4bd6      	ldr	r3, [pc, #856]	@ (10002540 <_etoa+0x38c>)
100021e6:	0030      	movs	r0, r6
100021e8:	0039      	movs	r1, r7
100021ea:	f7ff fcad 	bl	10001b48 <__wrap___aeabi_dcmpgt>
100021ee:	2800      	cmp	r0, #0
100021f0:	d000      	beq.n	100021f4 <_etoa+0x40>
100021f2:	e0f1      	b.n	100023d8 <_etoa+0x224>
100021f4:	2201      	movs	r2, #1
100021f6:	4252      	negs	r2, r2
100021f8:	4bd2      	ldr	r3, [pc, #840]	@ (10002544 <_etoa+0x390>)
100021fa:	0030      	movs	r0, r6
100021fc:	0039      	movs	r1, r7
100021fe:	f7ff fc8d 	bl	10001b1c <__wrap___aeabi_dcmplt>
10002202:	2800      	cmp	r0, #0
10002204:	d000      	beq.n	10002208 <_etoa+0x54>
10002206:	e0e7      	b.n	100023d8 <_etoa+0x224>
10002208:	2200      	movs	r2, #0
1000220a:	2300      	movs	r3, #0
1000220c:	0030      	movs	r0, r6
1000220e:	0039      	movs	r1, r7
10002210:	f7ff fc84 	bl	10001b1c <__wrap___aeabi_dcmplt>
10002214:	2800      	cmp	r0, #0
10002216:	d000      	beq.n	1000221a <_etoa+0x66>
10002218:	e0f3      	b.n	10002402 <_etoa+0x24e>
1000221a:	9606      	str	r6, [sp, #24]
1000221c:	9707      	str	r7, [sp, #28]
1000221e:	2380      	movs	r3, #128	@ 0x80
10002220:	00db      	lsls	r3, r3, #3
10002222:	9a22      	ldr	r2, [sp, #136]	@ 0x88
10002224:	401a      	ands	r2, r3
10002226:	9211      	str	r2, [sp, #68]	@ 0x44
10002228:	9a22      	ldr	r2, [sp, #136]	@ 0x88
1000222a:	421a      	tst	r2, r3
1000222c:	d101      	bne.n	10002232 <_etoa+0x7e>
1000222e:	2306      	movs	r3, #6
10002230:	9320      	str	r3, [sp, #128]	@ 0x80
10002232:	9806      	ldr	r0, [sp, #24]
10002234:	9907      	ldr	r1, [sp, #28]
10002236:	0002      	movs	r2, r0
10002238:	000b      	movs	r3, r1
1000223a:	920a      	str	r2, [sp, #40]	@ 0x28
1000223c:	930b      	str	r3, [sp, #44]	@ 0x2c
1000223e:	0003      	movs	r3, r0
10002240:	000a      	movs	r2, r1
10002242:	4302      	orrs	r2, r0
10002244:	d100      	bne.n	10002248 <_etoa+0x94>
10002246:	e0e8      	b.n	1000241a <_etoa+0x266>
10002248:	0d08      	lsrs	r0, r1, #20
1000224a:	0540      	lsls	r0, r0, #21
1000224c:	0d40      	lsrs	r0, r0, #21
1000224e:	4dbe      	ldr	r5, [pc, #760]	@ (10002548 <_etoa+0x394>)
10002250:	46ac      	mov	ip, r5
10002252:	4460      	add	r0, ip
10002254:	0005      	movs	r5, r0
10002256:	9807      	ldr	r0, [sp, #28]
10002258:	0302      	lsls	r2, r0, #12
1000225a:	0b12      	lsrs	r2, r2, #12
1000225c:	2000      	movs	r0, #0
1000225e:	2100      	movs	r1, #0
10002260:	9008      	str	r0, [sp, #32]
10002262:	9109      	str	r1, [sp, #36]	@ 0x24
10002264:	9308      	str	r3, [sp, #32]
10002266:	4bb9      	ldr	r3, [pc, #740]	@ (1000254c <_etoa+0x398>)
10002268:	4313      	orrs	r3, r2
1000226a:	9309      	str	r3, [sp, #36]	@ 0x24
1000226c:	0028      	movs	r0, r5
1000226e:	f7ff fc81 	bl	10001b74 <__wrap___aeabi_i2d>
10002272:	4ab7      	ldr	r2, [pc, #732]	@ (10002550 <_etoa+0x39c>)
10002274:	4bb7      	ldr	r3, [pc, #732]	@ (10002554 <_etoa+0x3a0>)
10002276:	f7ff fc12 	bl	10001a9e <__wrap___aeabi_dmul>
1000227a:	4ab7      	ldr	r2, [pc, #732]	@ (10002558 <_etoa+0x3a4>)
1000227c:	4bb7      	ldr	r3, [pc, #732]	@ (1000255c <_etoa+0x3a8>)
1000227e:	f7ff fbef 	bl	10001a60 <__wrap___aeabi_dadd>
10002282:	900a      	str	r0, [sp, #40]	@ 0x28
10002284:	910b      	str	r1, [sp, #44]	@ 0x2c
10002286:	2200      	movs	r2, #0
10002288:	4bb5      	ldr	r3, [pc, #724]	@ (10002560 <_etoa+0x3ac>)
1000228a:	9808      	ldr	r0, [sp, #32]
1000228c:	9909      	ldr	r1, [sp, #36]	@ 0x24
1000228e:	f7ff fbe2 	bl	10001a56 <__wrap___aeabi_dsub>
10002292:	4ab4      	ldr	r2, [pc, #720]	@ (10002564 <_etoa+0x3b0>)
10002294:	4bb4      	ldr	r3, [pc, #720]	@ (10002568 <_etoa+0x3b4>)
10002296:	f7ff fc02 	bl	10001a9e <__wrap___aeabi_dmul>
1000229a:	0002      	movs	r2, r0
1000229c:	000b      	movs	r3, r1
1000229e:	980a      	ldr	r0, [sp, #40]	@ 0x28
100022a0:	990b      	ldr	r1, [sp, #44]	@ 0x2c
100022a2:	f7ff fbdd 	bl	10001a60 <__wrap___aeabi_dadd>
100022a6:	f7ff fc7d 	bl	10001ba4 <__wrap___aeabi_d2iz>
100022aa:	4680      	mov	r8, r0
100022ac:	9008      	str	r0, [sp, #32]
100022ae:	f7ff fc61 	bl	10001b74 <__wrap___aeabi_i2d>
100022b2:	4aae      	ldr	r2, [pc, #696]	@ (1000256c <_etoa+0x3b8>)
100022b4:	4bae      	ldr	r3, [pc, #696]	@ (10002570 <_etoa+0x3bc>)
100022b6:	900a      	str	r0, [sp, #40]	@ 0x28
100022b8:	910b      	str	r1, [sp, #44]	@ 0x2c
100022ba:	f7ff fbf0 	bl	10001a9e <__wrap___aeabi_dmul>
100022be:	2200      	movs	r2, #0
100022c0:	4bac      	ldr	r3, [pc, #688]	@ (10002574 <_etoa+0x3c0>)
100022c2:	f7ff fbcd 	bl	10001a60 <__wrap___aeabi_dadd>
100022c6:	f7ff fc6d 	bl	10001ba4 <__wrap___aeabi_d2iz>
100022ca:	0005      	movs	r5, r0
100022cc:	4aaa      	ldr	r2, [pc, #680]	@ (10002578 <_etoa+0x3c4>)
100022ce:	4bab      	ldr	r3, [pc, #684]	@ (1000257c <_etoa+0x3c8>)
100022d0:	980a      	ldr	r0, [sp, #40]	@ 0x28
100022d2:	990b      	ldr	r1, [sp, #44]	@ 0x2c
100022d4:	f7ff fbe3 	bl	10001a9e <__wrap___aeabi_dmul>
100022d8:	900a      	str	r0, [sp, #40]	@ 0x28
100022da:	910b      	str	r1, [sp, #44]	@ 0x2c
100022dc:	0028      	movs	r0, r5
100022de:	f7ff fc49 	bl	10001b74 <__wrap___aeabi_i2d>
100022e2:	4aa7      	ldr	r2, [pc, #668]	@ (10002580 <_etoa+0x3cc>)
100022e4:	4ba7      	ldr	r3, [pc, #668]	@ (10002584 <_etoa+0x3d0>)
100022e6:	f7ff fbda 	bl	10001a9e <__wrap___aeabi_dmul>
100022ea:	0002      	movs	r2, r0
100022ec:	000b      	movs	r3, r1
100022ee:	980a      	ldr	r0, [sp, #40]	@ 0x28
100022f0:	990b      	ldr	r1, [sp, #44]	@ 0x2c
100022f2:	f7ff fbb0 	bl	10001a56 <__wrap___aeabi_dsub>
100022f6:	0002      	movs	r2, r0
100022f8:	000b      	movs	r3, r1
100022fa:	900a      	str	r0, [sp, #40]	@ 0x28
100022fc:	910b      	str	r1, [sp, #44]	@ 0x2c
100022fe:	f7ff fbce 	bl	10001a9e <__wrap___aeabi_dmul>
10002302:	900e      	str	r0, [sp, #56]	@ 0x38
10002304:	910f      	str	r1, [sp, #60]	@ 0x3c
10002306:	002b      	movs	r3, r5
10002308:	4d9f      	ldr	r5, [pc, #636]	@ (10002588 <_etoa+0x3d4>)
1000230a:	46ac      	mov	ip, r5
1000230c:	4463      	add	r3, ip
1000230e:	2100      	movs	r1, #0
10002310:	2200      	movs	r2, #0
10002312:	910c      	str	r1, [sp, #48]	@ 0x30
10002314:	920d      	str	r2, [sp, #52]	@ 0x34
10002316:	051b      	lsls	r3, r3, #20
10002318:	930d      	str	r3, [sp, #52]	@ 0x34
1000231a:	2300      	movs	r3, #0
1000231c:	930c      	str	r3, [sp, #48]	@ 0x30
1000231e:	980a      	ldr	r0, [sp, #40]	@ 0x28
10002320:	990b      	ldr	r1, [sp, #44]	@ 0x2c
10002322:	0002      	movs	r2, r0
10002324:	000b      	movs	r3, r1
10002326:	f7ff fb9b 	bl	10001a60 <__wrap___aeabi_dadd>
1000232a:	9012      	str	r0, [sp, #72]	@ 0x48
1000232c:	9113      	str	r1, [sp, #76]	@ 0x4c
1000232e:	9a0a      	ldr	r2, [sp, #40]	@ 0x28
10002330:	9b0b      	ldr	r3, [sp, #44]	@ 0x2c
10002332:	2000      	movs	r0, #0
10002334:	2180      	movs	r1, #128	@ 0x80
10002336:	05c9      	lsls	r1, r1, #23
10002338:	f7ff fb8d 	bl	10001a56 <__wrap___aeabi_dsub>
1000233c:	900a      	str	r0, [sp, #40]	@ 0x28
1000233e:	910b      	str	r1, [sp, #44]	@ 0x2c
10002340:	2200      	movs	r2, #0
10002342:	4b92      	ldr	r3, [pc, #584]	@ (1000258c <_etoa+0x3d8>)
10002344:	980e      	ldr	r0, [sp, #56]	@ 0x38
10002346:	990f      	ldr	r1, [sp, #60]	@ 0x3c
10002348:	f7ff fb8f 	bl	10001a6a <__wrap___aeabi_ddiv>
1000234c:	2200      	movs	r2, #0
1000234e:	4b90      	ldr	r3, [pc, #576]	@ (10002590 <_etoa+0x3dc>)
10002350:	f7ff fb86 	bl	10001a60 <__wrap___aeabi_dadd>
10002354:	0002      	movs	r2, r0
10002356:	000b      	movs	r3, r1
10002358:	980e      	ldr	r0, [sp, #56]	@ 0x38
1000235a:	990f      	ldr	r1, [sp, #60]	@ 0x3c
1000235c:	f7ff fb85 	bl	10001a6a <__wrap___aeabi_ddiv>
10002360:	2200      	movs	r2, #0
10002362:	4b8c      	ldr	r3, [pc, #560]	@ (10002594 <_etoa+0x3e0>)
10002364:	f7ff fb7c 	bl	10001a60 <__wrap___aeabi_dadd>
10002368:	0002      	movs	r2, r0
1000236a:	000b      	movs	r3, r1
1000236c:	980e      	ldr	r0, [sp, #56]	@ 0x38
1000236e:	990f      	ldr	r1, [sp, #60]	@ 0x3c
10002370:	f7ff fb7b 	bl	10001a6a <__wrap___aeabi_ddiv>
10002374:	0002      	movs	r2, r0
10002376:	000b      	movs	r3, r1
10002378:	980a      	ldr	r0, [sp, #40]	@ 0x28
1000237a:	990b      	ldr	r1, [sp, #44]	@ 0x2c
1000237c:	f7ff fb70 	bl	10001a60 <__wrap___aeabi_dadd>
10002380:	0002      	movs	r2, r0
10002382:	000b      	movs	r3, r1
10002384:	9812      	ldr	r0, [sp, #72]	@ 0x48
10002386:	9913      	ldr	r1, [sp, #76]	@ 0x4c
10002388:	f7ff fb6f 	bl	10001a6a <__wrap___aeabi_ddiv>
1000238c:	2200      	movs	r2, #0
1000238e:	4b6f      	ldr	r3, [pc, #444]	@ (1000254c <_etoa+0x398>)
10002390:	f7ff fb66 	bl	10001a60 <__wrap___aeabi_dadd>
10002394:	9a0c      	ldr	r2, [sp, #48]	@ 0x30
10002396:	9b0d      	ldr	r3, [sp, #52]	@ 0x34
10002398:	f7ff fb81 	bl	10001a9e <__wrap___aeabi_dmul>
1000239c:	0002      	movs	r2, r0
1000239e:	000b      	movs	r3, r1
100023a0:	920a      	str	r2, [sp, #40]	@ 0x28
100023a2:	930b      	str	r3, [sp, #44]	@ 0x2c
100023a4:	9a06      	ldr	r2, [sp, #24]
100023a6:	9b07      	ldr	r3, [sp, #28]
100023a8:	900c      	str	r0, [sp, #48]	@ 0x30
100023aa:	910d      	str	r1, [sp, #52]	@ 0x34
100023ac:	f7ff fbcc 	bl	10001b48 <__wrap___aeabi_dcmpgt>
100023b0:	2800      	cmp	r0, #0
100023b2:	d00a      	beq.n	100023ca <_etoa+0x216>
100023b4:	4643      	mov	r3, r8
100023b6:	3b01      	subs	r3, #1
100023b8:	9308      	str	r3, [sp, #32]
100023ba:	2200      	movs	r2, #0
100023bc:	4b74      	ldr	r3, [pc, #464]	@ (10002590 <_etoa+0x3dc>)
100023be:	980c      	ldr	r0, [sp, #48]	@ 0x30
100023c0:	990d      	ldr	r1, [sp, #52]	@ 0x34
100023c2:	f7ff fb52 	bl	10001a6a <__wrap___aeabi_ddiv>
100023c6:	900a      	str	r0, [sp, #40]	@ 0x28
100023c8:	910b      	str	r1, [sp, #44]	@ 0x2c
100023ca:	9b08      	ldr	r3, [sp, #32]
100023cc:	3363      	adds	r3, #99	@ 0x63
100023ce:	2bc6      	cmp	r3, #198	@ 0xc6
100023d0:	d849      	bhi.n	10002466 <_etoa+0x2b2>
100023d2:	2304      	movs	r3, #4
100023d4:	001d      	movs	r5, r3
100023d6:	e024      	b.n	10002422 <_etoa+0x26e>
100023d8:	9b22      	ldr	r3, [sp, #136]	@ 0x88
100023da:	9304      	str	r3, [sp, #16]
100023dc:	9b21      	ldr	r3, [sp, #132]	@ 0x84
100023de:	9303      	str	r3, [sp, #12]
100023e0:	9b20      	ldr	r3, [sp, #128]	@ 0x80
100023e2:	9302      	str	r3, [sp, #8]
100023e4:	9600      	str	r6, [sp, #0]
100023e6:	9701      	str	r7, [sp, #4]
100023e8:	464b      	mov	r3, r9
100023ea:	465a      	mov	r2, fp
100023ec:	4651      	mov	r1, sl
100023ee:	0020      	movs	r0, r4
100023f0:	f000 f904 	bl	100025fc <_ftoa>
100023f4:	b015      	add	sp, #84	@ 0x54
100023f6:	bcf0      	pop	{r4, r5, r6, r7}
100023f8:	46bb      	mov	fp, r7
100023fa:	46b2      	mov	sl, r6
100023fc:	46a9      	mov	r9, r5
100023fe:	46a0      	mov	r8, r4
10002400:	bdf0      	pop	{r4, r5, r6, r7, pc}
10002402:	2100      	movs	r1, #0
10002404:	2200      	movs	r2, #0
10002406:	9106      	str	r1, [sp, #24]
10002408:	9207      	str	r2, [sp, #28]
1000240a:	9606      	str	r6, [sp, #24]
1000240c:	2380      	movs	r3, #128	@ 0x80
1000240e:	061b      	lsls	r3, r3, #24
10002410:	469c      	mov	ip, r3
10002412:	44bc      	add	ip, r7
10002414:	4663      	mov	r3, ip
10002416:	9307      	str	r3, [sp, #28]
10002418:	e701      	b.n	1000221e <_etoa+0x6a>
1000241a:	2300      	movs	r3, #0
1000241c:	9308      	str	r3, [sp, #32]
1000241e:	3304      	adds	r3, #4
10002420:	001d      	movs	r5, r3
10002422:	9b22      	ldr	r3, [sp, #136]	@ 0x88
10002424:	051b      	lsls	r3, r3, #20
10002426:	d52b      	bpl.n	10002480 <_etoa+0x2cc>
10002428:	9a0a      	ldr	r2, [sp, #40]	@ 0x28
1000242a:	9b0b      	ldr	r3, [sp, #44]	@ 0x2c
1000242c:	0019      	movs	r1, r3
1000242e:	4311      	orrs	r1, r2
10002430:	d011      	beq.n	10002456 <_etoa+0x2a2>
10002432:	4a59      	ldr	r2, [pc, #356]	@ (10002598 <_etoa+0x3e4>)
10002434:	4b59      	ldr	r3, [pc, #356]	@ (1000259c <_etoa+0x3e8>)
10002436:	9806      	ldr	r0, [sp, #24]
10002438:	9907      	ldr	r1, [sp, #28]
1000243a:	f7ff fb7d 	bl	10001b38 <__wrap___aeabi_dcmpge>
1000243e:	2800      	cmp	r0, #0
10002440:	d100      	bne.n	10002444 <_etoa+0x290>
10002442:	e0b1      	b.n	100025a8 <_etoa+0x3f4>
10002444:	2200      	movs	r2, #0
10002446:	4b56      	ldr	r3, [pc, #344]	@ (100025a0 <_etoa+0x3ec>)
10002448:	9806      	ldr	r0, [sp, #24]
1000244a:	9907      	ldr	r1, [sp, #28]
1000244c:	f7ff fb66 	bl	10001b1c <__wrap___aeabi_dcmplt>
10002450:	2800      	cmp	r0, #0
10002452:	d100      	bne.n	10002456 <_etoa+0x2a2>
10002454:	e0a8      	b.n	100025a8 <_etoa+0x3f4>
10002456:	9a20      	ldr	r2, [sp, #128]	@ 0x80
10002458:	9b08      	ldr	r3, [sp, #32]
1000245a:	429a      	cmp	r2, r3
1000245c:	dd06      	ble.n	1000246c <_etoa+0x2b8>
1000245e:	1ad3      	subs	r3, r2, r3
10002460:	3b01      	subs	r3, #1
10002462:	9320      	str	r3, [sp, #128]	@ 0x80
10002464:	e004      	b.n	10002470 <_etoa+0x2bc>
10002466:	2305      	movs	r3, #5
10002468:	001d      	movs	r5, r3
1000246a:	e7da      	b.n	10002422 <_etoa+0x26e>
1000246c:	2300      	movs	r3, #0
1000246e:	9320      	str	r3, [sp, #128]	@ 0x80
10002470:	2380      	movs	r3, #128	@ 0x80
10002472:	00db      	lsls	r3, r3, #3
10002474:	9a22      	ldr	r2, [sp, #136]	@ 0x88
10002476:	431a      	orrs	r2, r3
10002478:	9222      	str	r2, [sp, #136]	@ 0x88
1000247a:	2300      	movs	r3, #0
1000247c:	001d      	movs	r5, r3
1000247e:	9308      	str	r3, [sp, #32]
10002480:	9a21      	ldr	r2, [sp, #132]	@ 0x84
10002482:	4295      	cmp	r5, r2
10002484:	d300      	bcc.n	10002488 <_etoa+0x2d4>
10002486:	e09b      	b.n	100025c0 <_etoa+0x40c>
10002488:	1b53      	subs	r3, r2, r5
1000248a:	4698      	mov	r8, r3
1000248c:	2302      	movs	r3, #2
1000248e:	9a22      	ldr	r2, [sp, #136]	@ 0x88
10002490:	401a      	ands	r2, r3
10002492:	920c      	str	r2, [sp, #48]	@ 0x30
10002494:	9a22      	ldr	r2, [sp, #136]	@ 0x88
10002496:	4213      	tst	r3, r2
10002498:	d003      	beq.n	100024a2 <_etoa+0x2ee>
1000249a:	2d00      	cmp	r5, #0
1000249c:	d001      	beq.n	100024a2 <_etoa+0x2ee>
1000249e:	2300      	movs	r3, #0
100024a0:	4698      	mov	r8, r3
100024a2:	9b08      	ldr	r3, [sp, #32]
100024a4:	2b00      	cmp	r3, #0
100024a6:	d007      	beq.n	100024b8 <_etoa+0x304>
100024a8:	9a0a      	ldr	r2, [sp, #40]	@ 0x28
100024aa:	9b0b      	ldr	r3, [sp, #44]	@ 0x2c
100024ac:	9806      	ldr	r0, [sp, #24]
100024ae:	9907      	ldr	r1, [sp, #28]
100024b0:	f7ff fadb 	bl	10001a6a <__wrap___aeabi_ddiv>
100024b4:	9006      	str	r0, [sp, #24]
100024b6:	9107      	str	r1, [sp, #28]
100024b8:	2200      	movs	r2, #0
100024ba:	2300      	movs	r3, #0
100024bc:	0030      	movs	r0, r6
100024be:	0039      	movs	r1, r7
100024c0:	f7ff fb2c 	bl	10001b1c <__wrap___aeabi_dcmplt>
100024c4:	2800      	cmp	r0, #0
100024c6:	d000      	beq.n	100024ca <_etoa+0x316>
100024c8:	e07d      	b.n	100025c6 <_etoa+0x412>
100024ca:	4b36      	ldr	r3, [pc, #216]	@ (100025a4 <_etoa+0x3f0>)
100024cc:	9a22      	ldr	r2, [sp, #136]	@ 0x88
100024ce:	4013      	ands	r3, r2
100024d0:	9304      	str	r3, [sp, #16]
100024d2:	4643      	mov	r3, r8
100024d4:	9303      	str	r3, [sp, #12]
100024d6:	9b20      	ldr	r3, [sp, #128]	@ 0x80
100024d8:	9302      	str	r3, [sp, #8]
100024da:	9a06      	ldr	r2, [sp, #24]
100024dc:	9b07      	ldr	r3, [sp, #28]
100024de:	9200      	str	r2, [sp, #0]
100024e0:	9301      	str	r3, [sp, #4]
100024e2:	464b      	mov	r3, r9
100024e4:	465a      	mov	r2, fp
100024e6:	4651      	mov	r1, sl
100024e8:	0020      	movs	r0, r4
100024ea:	f000 f887 	bl	100025fc <_ftoa>
100024ee:	2d00      	cmp	r5, #0
100024f0:	d100      	bne.n	100024f4 <_etoa+0x340>
100024f2:	e77f      	b.n	100023f4 <_etoa+0x240>
100024f4:	9b22      	ldr	r3, [sp, #136]	@ 0x88
100024f6:	069b      	lsls	r3, r3, #26
100024f8:	d571      	bpl.n	100025de <_etoa+0x42a>
100024fa:	2745      	movs	r7, #69	@ 0x45
100024fc:	1c46      	adds	r6, r0, #1
100024fe:	464b      	mov	r3, r9
10002500:	0002      	movs	r2, r0
10002502:	4651      	mov	r1, sl
10002504:	0038      	movs	r0, r7
10002506:	47a0      	blx	r4
10002508:	9808      	ldr	r0, [sp, #32]
1000250a:	17c3      	asrs	r3, r0, #31
1000250c:	18c2      	adds	r2, r0, r3
1000250e:	405a      	eors	r2, r3
10002510:	2305      	movs	r3, #5
10002512:	9305      	str	r3, [sp, #20]
10002514:	3d01      	subs	r5, #1
10002516:	9504      	str	r5, [sp, #16]
10002518:	2300      	movs	r3, #0
1000251a:	9303      	str	r3, [sp, #12]
1000251c:	330a      	adds	r3, #10
1000251e:	9302      	str	r3, [sp, #8]
10002520:	0fc3      	lsrs	r3, r0, #31
10002522:	9301      	str	r3, [sp, #4]
10002524:	9200      	str	r2, [sp, #0]
10002526:	464b      	mov	r3, r9
10002528:	0032      	movs	r2, r6
1000252a:	4651      	mov	r1, sl
1000252c:	0020      	movs	r0, r4
1000252e:	f7ff fd69 	bl	10002004 <_ntoa_long>
10002532:	9b0c      	ldr	r3, [sp, #48]	@ 0x30
10002534:	2b00      	cmp	r3, #0
10002536:	d100      	bne.n	1000253a <_etoa+0x386>
10002538:	e75c      	b.n	100023f4 <_etoa+0x240>
1000253a:	0002      	movs	r2, r0
1000253c:	9f21      	ldr	r7, [sp, #132]	@ 0x84
1000253e:	e056      	b.n	100025ee <_etoa+0x43a>
10002540:	7fefffff 	.word	0x7fefffff
10002544:	ffefffff 	.word	0xffefffff
10002548:	fffffc01 	.word	0xfffffc01
1000254c:	3ff00000 	.word	0x3ff00000
10002550:	509f79fb 	.word	0x509f79fb
10002554:	3fd34413 	.word	0x3fd34413
10002558:	8b60c8b3 	.word	0x8b60c8b3
1000255c:	3fc68a28 	.word	0x3fc68a28
10002560:	3ff80000 	.word	0x3ff80000
10002564:	636f4361 	.word	0x636f4361
10002568:	3fd287a7 	.word	0x3fd287a7
1000256c:	0979a371 	.word	0x0979a371
10002570:	400a934f 	.word	0x400a934f
10002574:	3fe00000 	.word	0x3fe00000
10002578:	bbb55516 	.word	0xbbb55516
1000257c:	40026bb1 	.word	0x40026bb1
10002580:	fefa39ef 	.word	0xfefa39ef
10002584:	3fe62e42 	.word	0x3fe62e42
10002588:	000003ff 	.word	0x000003ff
1000258c:	402c0000 	.word	0x402c0000
10002590:	40240000 	.word	0x40240000
10002594:	40180000 	.word	0x40180000
10002598:	eb1c432d 	.word	0xeb1c432d
1000259c:	3f1a36e2 	.word	0x3f1a36e2
100025a0:	412e8480 	.word	0x412e8480
100025a4:	fffff7ff 	.word	0xfffff7ff
100025a8:	9b20      	ldr	r3, [sp, #128]	@ 0x80
100025aa:	2b00      	cmp	r3, #0
100025ac:	d100      	bne.n	100025b0 <_etoa+0x3fc>
100025ae:	e767      	b.n	10002480 <_etoa+0x2cc>
100025b0:	9b11      	ldr	r3, [sp, #68]	@ 0x44
100025b2:	2b00      	cmp	r3, #0
100025b4:	d100      	bne.n	100025b8 <_etoa+0x404>
100025b6:	e763      	b.n	10002480 <_etoa+0x2cc>
100025b8:	9b20      	ldr	r3, [sp, #128]	@ 0x80
100025ba:	3b01      	subs	r3, #1
100025bc:	9320      	str	r3, [sp, #128]	@ 0x80
100025be:	e75f      	b.n	10002480 <_etoa+0x2cc>
100025c0:	2300      	movs	r3, #0
100025c2:	4698      	mov	r8, r3
100025c4:	e762      	b.n	1000248c <_etoa+0x2d8>
100025c6:	9e06      	ldr	r6, [sp, #24]
100025c8:	9f07      	ldr	r7, [sp, #28]
100025ca:	0032      	movs	r2, r6
100025cc:	0039      	movs	r1, r7
100025ce:	2080      	movs	r0, #128	@ 0x80
100025d0:	0600      	lsls	r0, r0, #24
100025d2:	4684      	mov	ip, r0
100025d4:	4461      	add	r1, ip
100025d6:	000b      	movs	r3, r1
100025d8:	9206      	str	r2, [sp, #24]
100025da:	9307      	str	r3, [sp, #28]
100025dc:	e775      	b.n	100024ca <_etoa+0x316>
100025de:	2765      	movs	r7, #101	@ 0x65
100025e0:	e78c      	b.n	100024fc <_etoa+0x348>
100025e2:	1c56      	adds	r6, r2, #1
100025e4:	464b      	mov	r3, r9
100025e6:	4651      	mov	r1, sl
100025e8:	2020      	movs	r0, #32
100025ea:	47a0      	blx	r4
100025ec:	0032      	movs	r2, r6
100025ee:	465b      	mov	r3, fp
100025f0:	1ad3      	subs	r3, r2, r3
100025f2:	42bb      	cmp	r3, r7
100025f4:	d3f5      	bcc.n	100025e2 <_etoa+0x42e>
100025f6:	0010      	movs	r0, r2
100025f8:	e6fc      	b.n	100023f4 <_etoa+0x240>
100025fa:	46c0      	nop			@ (mov r8, r8)

100025fc <_ftoa>:
100025fc:	b5f0      	push	{r4, r5, r6, r7, lr}
100025fe:	46de      	mov	lr, fp
10002600:	4657      	mov	r7, sl
10002602:	464e      	mov	r6, r9
10002604:	4645      	mov	r5, r8
10002606:	b5e0      	push	{r5, r6, r7, lr}
10002608:	b095      	sub	sp, #84	@ 0x54
1000260a:	4681      	mov	r9, r0
1000260c:	468a      	mov	sl, r1
1000260e:	4693      	mov	fp, r2
10002610:	930a      	str	r3, [sp, #40]	@ 0x28
10002612:	9f20      	ldr	r7, [sp, #128]	@ 0x80
10002614:	9a1e      	ldr	r2, [sp, #120]	@ 0x78
10002616:	9b1f      	ldr	r3, [sp, #124]	@ 0x7c
10002618:	0010      	movs	r0, r2
1000261a:	0019      	movs	r1, r3
1000261c:	f7ff fa99 	bl	10001b52 <__wrap___aeabi_dcmpun>
10002620:	2800      	cmp	r0, #0
10002622:	d131      	bne.n	10002688 <_ftoa+0x8c>
10002624:	2201      	movs	r2, #1
10002626:	4252      	negs	r2, r2
10002628:	4bba      	ldr	r3, [pc, #744]	@ (10002914 <_ftoa+0x318>)
1000262a:	981e      	ldr	r0, [sp, #120]	@ 0x78
1000262c:	991f      	ldr	r1, [sp, #124]	@ 0x7c
1000262e:	f7ff fa75 	bl	10001b1c <__wrap___aeabi_dcmplt>
10002632:	2800      	cmp	r0, #0
10002634:	d137      	bne.n	100026a6 <_ftoa+0xaa>
10002636:	2201      	movs	r2, #1
10002638:	4252      	negs	r2, r2
1000263a:	4bb7      	ldr	r3, [pc, #732]	@ (10002918 <_ftoa+0x31c>)
1000263c:	981e      	ldr	r0, [sp, #120]	@ 0x78
1000263e:	991f      	ldr	r1, [sp, #124]	@ 0x7c
10002640:	f7ff fa82 	bl	10001b48 <__wrap___aeabi_dcmpgt>
10002644:	2800      	cmp	r0, #0
10002646:	d13d      	bne.n	100026c4 <_ftoa+0xc8>
10002648:	2200      	movs	r2, #0
1000264a:	4bb4      	ldr	r3, [pc, #720]	@ (1000291c <_ftoa+0x320>)
1000264c:	981e      	ldr	r0, [sp, #120]	@ 0x78
1000264e:	991f      	ldr	r1, [sp, #124]	@ 0x7c
10002650:	f7ff fa7a 	bl	10001b48 <__wrap___aeabi_dcmpgt>
10002654:	2800      	cmp	r0, #0
10002656:	d14a      	bne.n	100026ee <_ftoa+0xf2>
10002658:	2200      	movs	r2, #0
1000265a:	4bb1      	ldr	r3, [pc, #708]	@ (10002920 <_ftoa+0x324>)
1000265c:	981e      	ldr	r0, [sp, #120]	@ 0x78
1000265e:	991f      	ldr	r1, [sp, #124]	@ 0x7c
10002660:	f7ff fa5c 	bl	10001b1c <__wrap___aeabi_dcmplt>
10002664:	2800      	cmp	r0, #0
10002666:	d142      	bne.n	100026ee <_ftoa+0xf2>
10002668:	2200      	movs	r2, #0
1000266a:	2300      	movs	r3, #0
1000266c:	981e      	ldr	r0, [sp, #120]	@ 0x78
1000266e:	991f      	ldr	r1, [sp, #124]	@ 0x7c
10002670:	f7ff fa54 	bl	10001b1c <__wrap___aeabi_dcmplt>
10002674:	2800      	cmp	r0, #0
10002676:	d14a      	bne.n	1000270e <_ftoa+0x112>
10002678:	2300      	movs	r3, #0
1000267a:	930b      	str	r3, [sp, #44]	@ 0x2c
1000267c:	9b22      	ldr	r3, [sp, #136]	@ 0x88
1000267e:	055b      	lsls	r3, r3, #21
10002680:	d400      	bmi.n	10002684 <_ftoa+0x88>
10002682:	e0af      	b.n	100027e4 <_ftoa+0x1e8>
10002684:	2400      	movs	r4, #0
10002686:	e052      	b.n	1000272e <_ftoa+0x132>
10002688:	9b22      	ldr	r3, [sp, #136]	@ 0x88
1000268a:	9303      	str	r3, [sp, #12]
1000268c:	9b21      	ldr	r3, [sp, #132]	@ 0x84
1000268e:	9302      	str	r3, [sp, #8]
10002690:	2303      	movs	r3, #3
10002692:	9301      	str	r3, [sp, #4]
10002694:	4ba3      	ldr	r3, [pc, #652]	@ (10002924 <_ftoa+0x328>)
10002696:	9300      	str	r3, [sp, #0]
10002698:	9b0a      	ldr	r3, [sp, #40]	@ 0x28
1000269a:	465a      	mov	r2, fp
1000269c:	4651      	mov	r1, sl
1000269e:	4648      	mov	r0, r9
100026a0:	f7ff fbc8 	bl	10001e34 <_out_rev>
100026a4:	e11f      	b.n	100028e6 <_ftoa+0x2ea>
100026a6:	9b22      	ldr	r3, [sp, #136]	@ 0x88
100026a8:	9303      	str	r3, [sp, #12]
100026aa:	9b21      	ldr	r3, [sp, #132]	@ 0x84
100026ac:	9302      	str	r3, [sp, #8]
100026ae:	2304      	movs	r3, #4
100026b0:	9301      	str	r3, [sp, #4]
100026b2:	4b9d      	ldr	r3, [pc, #628]	@ (10002928 <_ftoa+0x32c>)
100026b4:	9300      	str	r3, [sp, #0]
100026b6:	9b0a      	ldr	r3, [sp, #40]	@ 0x28
100026b8:	465a      	mov	r2, fp
100026ba:	4651      	mov	r1, sl
100026bc:	4648      	mov	r0, r9
100026be:	f7ff fbb9 	bl	10001e34 <_out_rev>
100026c2:	e110      	b.n	100028e6 <_ftoa+0x2ea>
100026c4:	9b22      	ldr	r3, [sp, #136]	@ 0x88
100026c6:	075b      	lsls	r3, r3, #29
100026c8:	d50e      	bpl.n	100026e8 <_ftoa+0xec>
100026ca:	4b98      	ldr	r3, [pc, #608]	@ (1000292c <_ftoa+0x330>)
100026cc:	2204      	movs	r2, #4
100026ce:	9922      	ldr	r1, [sp, #136]	@ 0x88
100026d0:	9103      	str	r1, [sp, #12]
100026d2:	9921      	ldr	r1, [sp, #132]	@ 0x84
100026d4:	9102      	str	r1, [sp, #8]
100026d6:	9201      	str	r2, [sp, #4]
100026d8:	9300      	str	r3, [sp, #0]
100026da:	9b0a      	ldr	r3, [sp, #40]	@ 0x28
100026dc:	465a      	mov	r2, fp
100026de:	4651      	mov	r1, sl
100026e0:	4648      	mov	r0, r9
100026e2:	f7ff fba7 	bl	10001e34 <_out_rev>
100026e6:	e0fe      	b.n	100028e6 <_ftoa+0x2ea>
100026e8:	4b91      	ldr	r3, [pc, #580]	@ (10002930 <_ftoa+0x334>)
100026ea:	2203      	movs	r2, #3
100026ec:	e7ef      	b.n	100026ce <_ftoa+0xd2>
100026ee:	9b22      	ldr	r3, [sp, #136]	@ 0x88
100026f0:	9304      	str	r3, [sp, #16]
100026f2:	9b21      	ldr	r3, [sp, #132]	@ 0x84
100026f4:	9303      	str	r3, [sp, #12]
100026f6:	9702      	str	r7, [sp, #8]
100026f8:	9b1e      	ldr	r3, [sp, #120]	@ 0x78
100026fa:	9c1f      	ldr	r4, [sp, #124]	@ 0x7c
100026fc:	9300      	str	r3, [sp, #0]
100026fe:	9401      	str	r4, [sp, #4]
10002700:	9b0a      	ldr	r3, [sp, #40]	@ 0x28
10002702:	465a      	mov	r2, fp
10002704:	4651      	mov	r1, sl
10002706:	4648      	mov	r0, r9
10002708:	f7ff fd54 	bl	100021b4 <_etoa>
1000270c:	e0eb      	b.n	100028e6 <_ftoa+0x2ea>
1000270e:	9a1e      	ldr	r2, [sp, #120]	@ 0x78
10002710:	9b1f      	ldr	r3, [sp, #124]	@ 0x7c
10002712:	2000      	movs	r0, #0
10002714:	2100      	movs	r1, #0
10002716:	f7ff f99e 	bl	10001a56 <__wrap___aeabi_dsub>
1000271a:	901e      	str	r0, [sp, #120]	@ 0x78
1000271c:	911f      	str	r1, [sp, #124]	@ 0x7c
1000271e:	2301      	movs	r3, #1
10002720:	930b      	str	r3, [sp, #44]	@ 0x2c
10002722:	e7ab      	b.n	1000267c <_ftoa+0x80>
10002724:	ab0c      	add	r3, sp, #48	@ 0x30
10002726:	2230      	movs	r2, #48	@ 0x30
10002728:	551a      	strb	r2, [r3, r4]
1000272a:	3f01      	subs	r7, #1
1000272c:	3401      	adds	r4, #1
1000272e:	2c1f      	cmp	r4, #31
10002730:	d801      	bhi.n	10002736 <_ftoa+0x13a>
10002732:	2f09      	cmp	r7, #9
10002734:	d8f6      	bhi.n	10002724 <_ftoa+0x128>
10002736:	981e      	ldr	r0, [sp, #120]	@ 0x78
10002738:	991f      	ldr	r1, [sp, #124]	@ 0x7c
1000273a:	f7ff fa33 	bl	10001ba4 <__wrap___aeabi_d2iz>
1000273e:	0005      	movs	r5, r0
10002740:	f7ff fa18 	bl	10001b74 <__wrap___aeabi_i2d>
10002744:	0002      	movs	r2, r0
10002746:	000b      	movs	r3, r1
10002748:	981e      	ldr	r0, [sp, #120]	@ 0x78
1000274a:	991f      	ldr	r1, [sp, #124]	@ 0x7c
1000274c:	f7ff f983 	bl	10001a56 <__wrap___aeabi_dsub>
10002750:	4b78      	ldr	r3, [pc, #480]	@ (10002934 <_ftoa+0x338>)
10002752:	00fa      	lsls	r2, r7, #3
10002754:	189b      	adds	r3, r3, r2
10002756:	cb0c      	ldmia	r3, {r2, r3}
10002758:	9208      	str	r2, [sp, #32]
1000275a:	9309      	str	r3, [sp, #36]	@ 0x24
1000275c:	f7ff f99f 	bl	10001a9e <__wrap___aeabi_dmul>
10002760:	9006      	str	r0, [sp, #24]
10002762:	9107      	str	r1, [sp, #28]
10002764:	f7ff fa42 	bl	10001bec <__wrap___aeabi_d2uiz>
10002768:	0006      	movs	r6, r0
1000276a:	f7ff f9ff 	bl	10001b6c <__wrap___aeabi_ui2d>
1000276e:	0002      	movs	r2, r0
10002770:	000b      	movs	r3, r1
10002772:	9806      	ldr	r0, [sp, #24]
10002774:	9907      	ldr	r1, [sp, #28]
10002776:	f7ff f96e 	bl	10001a56 <__wrap___aeabi_dsub>
1000277a:	9006      	str	r0, [sp, #24]
1000277c:	9107      	str	r1, [sp, #28]
1000277e:	2200      	movs	r2, #0
10002780:	4b6d      	ldr	r3, [pc, #436]	@ (10002938 <_ftoa+0x33c>)
10002782:	f7ff f9e1 	bl	10001b48 <__wrap___aeabi_dcmpgt>
10002786:	2800      	cmp	r0, #0
10002788:	d02e      	beq.n	100027e8 <_ftoa+0x1ec>
1000278a:	3601      	adds	r6, #1
1000278c:	0030      	movs	r0, r6
1000278e:	f7ff f9ed 	bl	10001b6c <__wrap___aeabi_ui2d>
10002792:	0002      	movs	r2, r0
10002794:	000b      	movs	r3, r1
10002796:	9808      	ldr	r0, [sp, #32]
10002798:	9909      	ldr	r1, [sp, #36]	@ 0x24
1000279a:	f7ff f9c5 	bl	10001b28 <__wrap___aeabi_dcmple>
1000279e:	2800      	cmp	r0, #0
100027a0:	d001      	beq.n	100027a6 <_ftoa+0x1aa>
100027a2:	3501      	adds	r5, #1
100027a4:	2600      	movs	r6, #0
100027a6:	2f00      	cmp	r7, #0
100027a8:	d12c      	bne.n	10002804 <_ftoa+0x208>
100027aa:	0028      	movs	r0, r5
100027ac:	f7ff f9e2 	bl	10001b74 <__wrap___aeabi_i2d>
100027b0:	0002      	movs	r2, r0
100027b2:	000b      	movs	r3, r1
100027b4:	981e      	ldr	r0, [sp, #120]	@ 0x78
100027b6:	991f      	ldr	r1, [sp, #124]	@ 0x7c
100027b8:	f7ff f94d 	bl	10001a56 <__wrap___aeabi_dsub>
100027bc:	0006      	movs	r6, r0
100027be:	000f      	movs	r7, r1
100027c0:	2200      	movs	r2, #0
100027c2:	4b5d      	ldr	r3, [pc, #372]	@ (10002938 <_ftoa+0x33c>)
100027c4:	f7ff f9aa 	bl	10001b1c <__wrap___aeabi_dcmplt>
100027c8:	2800      	cmp	r0, #0
100027ca:	d146      	bne.n	1000285a <_ftoa+0x25e>
100027cc:	2200      	movs	r2, #0
100027ce:	4b5a      	ldr	r3, [pc, #360]	@ (10002938 <_ftoa+0x33c>)
100027d0:	0030      	movs	r0, r6
100027d2:	0039      	movs	r1, r7
100027d4:	f7ff f9b8 	bl	10001b48 <__wrap___aeabi_dcmpgt>
100027d8:	2800      	cmp	r0, #0
100027da:	d13e      	bne.n	1000285a <_ftoa+0x25e>
100027dc:	07eb      	lsls	r3, r5, #31
100027de:	d53c      	bpl.n	1000285a <_ftoa+0x25e>
100027e0:	3501      	adds	r5, #1
100027e2:	e03a      	b.n	1000285a <_ftoa+0x25e>
100027e4:	2706      	movs	r7, #6
100027e6:	e74d      	b.n	10002684 <_ftoa+0x88>
100027e8:	2200      	movs	r2, #0
100027ea:	4b53      	ldr	r3, [pc, #332]	@ (10002938 <_ftoa+0x33c>)
100027ec:	9806      	ldr	r0, [sp, #24]
100027ee:	9907      	ldr	r1, [sp, #28]
100027f0:	f7ff f994 	bl	10001b1c <__wrap___aeabi_dcmplt>
100027f4:	2800      	cmp	r0, #0
100027f6:	d1d6      	bne.n	100027a6 <_ftoa+0x1aa>
100027f8:	2e00      	cmp	r6, #0
100027fa:	d001      	beq.n	10002800 <_ftoa+0x204>
100027fc:	07f3      	lsls	r3, r6, #31
100027fe:	d5d2      	bpl.n	100027a6 <_ftoa+0x1aa>
10002800:	3601      	adds	r6, #1
10002802:	e7d0      	b.n	100027a6 <_ftoa+0x1aa>
10002804:	46a8      	mov	r8, r5
10002806:	2c1f      	cmp	r4, #31
10002808:	d811      	bhi.n	1000282e <_ftoa+0x232>
1000280a:	3f01      	subs	r7, #1
1000280c:	210a      	movs	r1, #10
1000280e:	0030      	movs	r0, r6
10002810:	f7fe fee6 	bl	100015e0 <__wrap___aeabi_uidiv>
10002814:	1c65      	adds	r5, r4, #1
10002816:	3130      	adds	r1, #48	@ 0x30
10002818:	ab0c      	add	r3, sp, #48	@ 0x30
1000281a:	5519      	strb	r1, [r3, r4]
1000281c:	210a      	movs	r1, #10
1000281e:	0030      	movs	r0, r6
10002820:	f7fe fede 	bl	100015e0 <__wrap___aeabi_uidiv>
10002824:	2e09      	cmp	r6, #9
10002826:	d90e      	bls.n	10002846 <_ftoa+0x24a>
10002828:	0006      	movs	r6, r0
1000282a:	002c      	movs	r4, r5
1000282c:	e7eb      	b.n	10002806 <_ftoa+0x20a>
1000282e:	4645      	mov	r5, r8
10002830:	2c1f      	cmp	r4, #31
10002832:	d80c      	bhi.n	1000284e <_ftoa+0x252>
10002834:	1e7b      	subs	r3, r7, #1
10002836:	2f00      	cmp	r7, #0
10002838:	d009      	beq.n	1000284e <_ftoa+0x252>
1000283a:	aa0c      	add	r2, sp, #48	@ 0x30
1000283c:	2130      	movs	r1, #48	@ 0x30
1000283e:	5511      	strb	r1, [r2, r4]
10002840:	001f      	movs	r7, r3
10002842:	3401      	adds	r4, #1
10002844:	e7f4      	b.n	10002830 <_ftoa+0x234>
10002846:	002b      	movs	r3, r5
10002848:	4645      	mov	r5, r8
1000284a:	001c      	movs	r4, r3
1000284c:	e7f0      	b.n	10002830 <_ftoa+0x234>
1000284e:	2c1f      	cmp	r4, #31
10002850:	d803      	bhi.n	1000285a <_ftoa+0x25e>
10002852:	ab0c      	add	r3, sp, #48	@ 0x30
10002854:	222e      	movs	r2, #46	@ 0x2e
10002856:	551a      	strb	r2, [r3, r4]
10002858:	3401      	adds	r4, #1
1000285a:	2c1f      	cmp	r4, #31
1000285c:	d810      	bhi.n	10002880 <_ftoa+0x284>
1000285e:	210a      	movs	r1, #10
10002860:	0028      	movs	r0, r5
10002862:	f7fe fe95 	bl	10001590 <__wrap___aeabi_idiv>
10002866:	1c66      	adds	r6, r4, #1
10002868:	3130      	adds	r1, #48	@ 0x30
1000286a:	ab0c      	add	r3, sp, #48	@ 0x30
1000286c:	5519      	strb	r1, [r3, r4]
1000286e:	210a      	movs	r1, #10
10002870:	0028      	movs	r0, r5
10002872:	f7fe fe8d 	bl	10001590 <__wrap___aeabi_idiv>
10002876:	1e05      	subs	r5, r0, #0
10002878:	d001      	beq.n	1000287e <_ftoa+0x282>
1000287a:	0034      	movs	r4, r6
1000287c:	e7ed      	b.n	1000285a <_ftoa+0x25e>
1000287e:	0034      	movs	r4, r6
10002880:	9b22      	ldr	r3, [sp, #136]	@ 0x88
10002882:	079b      	lsls	r3, r3, #30
10002884:	d419      	bmi.n	100028ba <_ftoa+0x2be>
10002886:	9b22      	ldr	r3, [sp, #136]	@ 0x88
10002888:	07db      	lsls	r3, r3, #31
1000288a:	d516      	bpl.n	100028ba <_ftoa+0x2be>
1000288c:	9b21      	ldr	r3, [sp, #132]	@ 0x84
1000288e:	2b00      	cmp	r3, #0
10002890:	d00e      	beq.n	100028b0 <_ftoa+0x2b4>
10002892:	9b0b      	ldr	r3, [sp, #44]	@ 0x2c
10002894:	2b00      	cmp	r3, #0
10002896:	d103      	bne.n	100028a0 <_ftoa+0x2a4>
10002898:	330c      	adds	r3, #12
1000289a:	9a22      	ldr	r2, [sp, #136]	@ 0x88
1000289c:	4213      	tst	r3, r2
1000289e:	d007      	beq.n	100028b0 <_ftoa+0x2b4>
100028a0:	9b21      	ldr	r3, [sp, #132]	@ 0x84
100028a2:	3b01      	subs	r3, #1
100028a4:	9321      	str	r3, [sp, #132]	@ 0x84
100028a6:	e003      	b.n	100028b0 <_ftoa+0x2b4>
100028a8:	ab0c      	add	r3, sp, #48	@ 0x30
100028aa:	2230      	movs	r2, #48	@ 0x30
100028ac:	551a      	strb	r2, [r3, r4]
100028ae:	3401      	adds	r4, #1
100028b0:	9b21      	ldr	r3, [sp, #132]	@ 0x84
100028b2:	429c      	cmp	r4, r3
100028b4:	d201      	bcs.n	100028ba <_ftoa+0x2be>
100028b6:	2c1f      	cmp	r4, #31
100028b8:	d9f6      	bls.n	100028a8 <_ftoa+0x2ac>
100028ba:	2c1f      	cmp	r4, #31
100028bc:	d806      	bhi.n	100028cc <_ftoa+0x2d0>
100028be:	9b0b      	ldr	r3, [sp, #44]	@ 0x2c
100028c0:	2b00      	cmp	r3, #0
100028c2:	d017      	beq.n	100028f4 <_ftoa+0x2f8>
100028c4:	ab0c      	add	r3, sp, #48	@ 0x30
100028c6:	222d      	movs	r2, #45	@ 0x2d
100028c8:	551a      	strb	r2, [r3, r4]
100028ca:	3401      	adds	r4, #1
100028cc:	9b22      	ldr	r3, [sp, #136]	@ 0x88
100028ce:	9303      	str	r3, [sp, #12]
100028d0:	9b21      	ldr	r3, [sp, #132]	@ 0x84
100028d2:	9302      	str	r3, [sp, #8]
100028d4:	9401      	str	r4, [sp, #4]
100028d6:	ab0c      	add	r3, sp, #48	@ 0x30
100028d8:	9300      	str	r3, [sp, #0]
100028da:	9b0a      	ldr	r3, [sp, #40]	@ 0x28
100028dc:	465a      	mov	r2, fp
100028de:	4651      	mov	r1, sl
100028e0:	4648      	mov	r0, r9
100028e2:	f7ff faa7 	bl	10001e34 <_out_rev>
100028e6:	b015      	add	sp, #84	@ 0x54
100028e8:	bcf0      	pop	{r4, r5, r6, r7}
100028ea:	46bb      	mov	fp, r7
100028ec:	46b2      	mov	sl, r6
100028ee:	46a9      	mov	r9, r5
100028f0:	46a0      	mov	r8, r4
100028f2:	bdf0      	pop	{r4, r5, r6, r7, pc}
100028f4:	9b22      	ldr	r3, [sp, #136]	@ 0x88
100028f6:	075b      	lsls	r3, r3, #29
100028f8:	d504      	bpl.n	10002904 <_ftoa+0x308>
100028fa:	ab0c      	add	r3, sp, #48	@ 0x30
100028fc:	222b      	movs	r2, #43	@ 0x2b
100028fe:	551a      	strb	r2, [r3, r4]
10002900:	3401      	adds	r4, #1
10002902:	e7e3      	b.n	100028cc <_ftoa+0x2d0>
10002904:	9b22      	ldr	r3, [sp, #136]	@ 0x88
10002906:	071b      	lsls	r3, r3, #28
10002908:	d5e0      	bpl.n	100028cc <_ftoa+0x2d0>
1000290a:	ab0c      	add	r3, sp, #48	@ 0x30
1000290c:	2220      	movs	r2, #32
1000290e:	551a      	strb	r2, [r3, r4]
10002910:	3401      	adds	r4, #1
10002912:	e7db      	b.n	100028cc <_ftoa+0x2d0>
10002914:	ffefffff 	.word	0xffefffff
10002918:	7fefffff 	.word	0x7fefffff
1000291c:	41cdcd65 	.word	0x41cdcd65
10002920:	c1cdcd65 	.word	0xc1cdcd65
10002924:	10003bc4 	.word	0x10003bc4
10002928:	10003bc8 	.word	0x10003bc8
1000292c:	10003bb8 	.word	0x10003bb8
10002930:	10003bc0 	.word	0x10003bc0
10002934:	10003fc0 	.word	0x10003fc0
10002938:	3fe00000 	.word	0x3fe00000

1000293c <_vsnprintf>:
1000293c:	b5f0      	push	{r4, r5, r6, r7, lr}
1000293e:	46de      	mov	lr, fp
10002940:	4657      	mov	r7, sl
10002942:	464e      	mov	r6, r9
10002944:	4645      	mov	r5, r8
10002946:	b5e0      	push	{r5, r6, r7, lr}
10002948:	b093      	sub	sp, #76	@ 0x4c
1000294a:	4683      	mov	fp, r0
1000294c:	468a      	mov	sl, r1
1000294e:	4690      	mov	r8, r2
10002950:	9311      	str	r3, [sp, #68]	@ 0x44
10002952:	2900      	cmp	r1, #0
10002954:	d100      	bne.n	10002958 <_vsnprintf+0x1c>
10002956:	e31a      	b.n	10002f8e <_vsnprintf+0x652>
10002958:	2500      	movs	r5, #0
1000295a:	465e      	mov	r6, fp
1000295c:	9b11      	ldr	r3, [sp, #68]	@ 0x44
1000295e:	7818      	ldrb	r0, [r3, #0]
10002960:	2800      	cmp	r0, #0
10002962:	d100      	bne.n	10002966 <_vsnprintf+0x2a>
10002964:	e316      	b.n	10002f94 <_vsnprintf+0x658>
10002966:	2825      	cmp	r0, #37	@ 0x25
10002968:	d009      	beq.n	1000297e <_vsnprintf+0x42>
1000296a:	1c6c      	adds	r4, r5, #1
1000296c:	4643      	mov	r3, r8
1000296e:	002a      	movs	r2, r5
10002970:	4651      	mov	r1, sl
10002972:	47b0      	blx	r6
10002974:	9b11      	ldr	r3, [sp, #68]	@ 0x44
10002976:	3301      	adds	r3, #1
10002978:	9311      	str	r3, [sp, #68]	@ 0x44
1000297a:	0025      	movs	r5, r4
1000297c:	e7ee      	b.n	1000295c <_vsnprintf+0x20>
1000297e:	3301      	adds	r3, #1
10002980:	9311      	str	r3, [sp, #68]	@ 0x44
10002982:	2700      	movs	r7, #0
10002984:	e012      	b.n	100029ac <_vsnprintf+0x70>
10002986:	2a20      	cmp	r2, #32
10002988:	d025      	beq.n	100029d6 <_vsnprintf+0x9a>
1000298a:	2a23      	cmp	r2, #35	@ 0x23
1000298c:	d105      	bne.n	1000299a <_vsnprintf+0x5e>
1000298e:	2210      	movs	r2, #16
10002990:	4317      	orrs	r7, r2
10002992:	3301      	adds	r3, #1
10002994:	9311      	str	r3, [sp, #68]	@ 0x44
10002996:	2401      	movs	r4, #1
10002998:	e006      	b.n	100029a8 <_vsnprintf+0x6c>
1000299a:	2400      	movs	r4, #0
1000299c:	e004      	b.n	100029a8 <_vsnprintf+0x6c>
1000299e:	2202      	movs	r2, #2
100029a0:	4317      	orrs	r7, r2
100029a2:	3301      	adds	r3, #1
100029a4:	9311      	str	r3, [sp, #68]	@ 0x44
100029a6:	2401      	movs	r4, #1
100029a8:	2c00      	cmp	r4, #0
100029aa:	d01c      	beq.n	100029e6 <_vsnprintf+0xaa>
100029ac:	9b11      	ldr	r3, [sp, #68]	@ 0x44
100029ae:	781a      	ldrb	r2, [r3, #0]
100029b0:	2a2b      	cmp	r2, #43	@ 0x2b
100029b2:	d00a      	beq.n	100029ca <_vsnprintf+0x8e>
100029b4:	d9e7      	bls.n	10002986 <_vsnprintf+0x4a>
100029b6:	2a2d      	cmp	r2, #45	@ 0x2d
100029b8:	d0f1      	beq.n	1000299e <_vsnprintf+0x62>
100029ba:	2a30      	cmp	r2, #48	@ 0x30
100029bc:	d111      	bne.n	100029e2 <_vsnprintf+0xa6>
100029be:	3a2f      	subs	r2, #47	@ 0x2f
100029c0:	4317      	orrs	r7, r2
100029c2:	3301      	adds	r3, #1
100029c4:	9311      	str	r3, [sp, #68]	@ 0x44
100029c6:	2401      	movs	r4, #1
100029c8:	e7ee      	b.n	100029a8 <_vsnprintf+0x6c>
100029ca:	2204      	movs	r2, #4
100029cc:	4317      	orrs	r7, r2
100029ce:	3301      	adds	r3, #1
100029d0:	9311      	str	r3, [sp, #68]	@ 0x44
100029d2:	2401      	movs	r4, #1
100029d4:	e7e8      	b.n	100029a8 <_vsnprintf+0x6c>
100029d6:	2208      	movs	r2, #8
100029d8:	4317      	orrs	r7, r2
100029da:	3301      	adds	r3, #1
100029dc:	9311      	str	r3, [sp, #68]	@ 0x44
100029de:	2401      	movs	r4, #1
100029e0:	e7e2      	b.n	100029a8 <_vsnprintf+0x6c>
100029e2:	2400      	movs	r4, #0
100029e4:	e7e0      	b.n	100029a8 <_vsnprintf+0x6c>
100029e6:	9b11      	ldr	r3, [sp, #68]	@ 0x44
100029e8:	781a      	ldrb	r2, [r3, #0]
100029ea:	0013      	movs	r3, r2
100029ec:	3b30      	subs	r3, #48	@ 0x30
100029ee:	b2db      	uxtb	r3, r3
100029f0:	2b09      	cmp	r3, #9
100029f2:	d915      	bls.n	10002a20 <_vsnprintf+0xe4>
100029f4:	2a2a      	cmp	r2, #42	@ 0x2a
100029f6:	d018      	beq.n	10002a2a <_vsnprintf+0xee>
100029f8:	940b      	str	r4, [sp, #44]	@ 0x2c
100029fa:	9b11      	ldr	r3, [sp, #68]	@ 0x44
100029fc:	781a      	ldrb	r2, [r3, #0]
100029fe:	2a2e      	cmp	r2, #46	@ 0x2e
10002a00:	d023      	beq.n	10002a4a <_vsnprintf+0x10e>
10002a02:	9b11      	ldr	r3, [sp, #68]	@ 0x44
10002a04:	781a      	ldrb	r2, [r3, #0]
10002a06:	2a6c      	cmp	r2, #108	@ 0x6c
10002a08:	d047      	beq.n	10002a9a <_vsnprintf+0x15e>
10002a0a:	d93c      	bls.n	10002a86 <_vsnprintf+0x14a>
10002a0c:	2a74      	cmp	r2, #116	@ 0x74
10002a0e:	d062      	beq.n	10002ad6 <_vsnprintf+0x19a>
10002a10:	2a7a      	cmp	r2, #122	@ 0x7a
10002a12:	d165      	bne.n	10002ae0 <_vsnprintf+0x1a4>
10002a14:	2280      	movs	r2, #128	@ 0x80
10002a16:	0052      	lsls	r2, r2, #1
10002a18:	4317      	orrs	r7, r2
10002a1a:	3301      	adds	r3, #1
10002a1c:	9311      	str	r3, [sp, #68]	@ 0x44
10002a1e:	e05f      	b.n	10002ae0 <_vsnprintf+0x1a4>
10002a20:	a811      	add	r0, sp, #68	@ 0x44
10002a22:	f7ff f9f5 	bl	10001e10 <_atoi>
10002a26:	900b      	str	r0, [sp, #44]	@ 0x2c
10002a28:	e7e7      	b.n	100029fa <_vsnprintf+0xbe>
10002a2a:	9b1c      	ldr	r3, [sp, #112]	@ 0x70
10002a2c:	1d1a      	adds	r2, r3, #4
10002a2e:	921c      	str	r2, [sp, #112]	@ 0x70
10002a30:	681b      	ldr	r3, [r3, #0]
10002a32:	2b00      	cmp	r3, #0
10002a34:	db04      	blt.n	10002a40 <_vsnprintf+0x104>
10002a36:	930b      	str	r3, [sp, #44]	@ 0x2c
10002a38:	9b11      	ldr	r3, [sp, #68]	@ 0x44
10002a3a:	3301      	adds	r3, #1
10002a3c:	9311      	str	r3, [sp, #68]	@ 0x44
10002a3e:	e7dc      	b.n	100029fa <_vsnprintf+0xbe>
10002a40:	2202      	movs	r2, #2
10002a42:	4317      	orrs	r7, r2
10002a44:	425b      	negs	r3, r3
10002a46:	930b      	str	r3, [sp, #44]	@ 0x2c
10002a48:	e7f6      	b.n	10002a38 <_vsnprintf+0xfc>
10002a4a:	2280      	movs	r2, #128	@ 0x80
10002a4c:	00d2      	lsls	r2, r2, #3
10002a4e:	4317      	orrs	r7, r2
10002a50:	1c5a      	adds	r2, r3, #1
10002a52:	9211      	str	r2, [sp, #68]	@ 0x44
10002a54:	785a      	ldrb	r2, [r3, #1]
10002a56:	0013      	movs	r3, r2
10002a58:	3b30      	subs	r3, #48	@ 0x30
10002a5a:	b2db      	uxtb	r3, r3
10002a5c:	2b09      	cmp	r3, #9
10002a5e:	d90b      	bls.n	10002a78 <_vsnprintf+0x13c>
10002a60:	2a2a      	cmp	r2, #42	@ 0x2a
10002a62:	d1ce      	bne.n	10002a02 <_vsnprintf+0xc6>
10002a64:	9b1c      	ldr	r3, [sp, #112]	@ 0x70
10002a66:	1d1a      	adds	r2, r3, #4
10002a68:	921c      	str	r2, [sp, #112]	@ 0x70
10002a6a:	681c      	ldr	r4, [r3, #0]
10002a6c:	2c00      	cmp	r4, #0
10002a6e:	db08      	blt.n	10002a82 <_vsnprintf+0x146>
10002a70:	9b11      	ldr	r3, [sp, #68]	@ 0x44
10002a72:	3301      	adds	r3, #1
10002a74:	9311      	str	r3, [sp, #68]	@ 0x44
10002a76:	e7c4      	b.n	10002a02 <_vsnprintf+0xc6>
10002a78:	a811      	add	r0, sp, #68	@ 0x44
10002a7a:	f7ff f9c9 	bl	10001e10 <_atoi>
10002a7e:	0004      	movs	r4, r0
10002a80:	e7bf      	b.n	10002a02 <_vsnprintf+0xc6>
10002a82:	2400      	movs	r4, #0
10002a84:	e7f4      	b.n	10002a70 <_vsnprintf+0x134>
10002a86:	2a68      	cmp	r2, #104	@ 0x68
10002a88:	d017      	beq.n	10002aba <_vsnprintf+0x17e>
10002a8a:	2a6a      	cmp	r2, #106	@ 0x6a
10002a8c:	d128      	bne.n	10002ae0 <_vsnprintf+0x1a4>
10002a8e:	2280      	movs	r2, #128	@ 0x80
10002a90:	0092      	lsls	r2, r2, #2
10002a92:	4317      	orrs	r7, r2
10002a94:	3301      	adds	r3, #1
10002a96:	9311      	str	r3, [sp, #68]	@ 0x44
10002a98:	e022      	b.n	10002ae0 <_vsnprintf+0x1a4>
10002a9a:	2280      	movs	r2, #128	@ 0x80
10002a9c:	0052      	lsls	r2, r2, #1
10002a9e:	433a      	orrs	r2, r7
10002aa0:	1c59      	adds	r1, r3, #1
10002aa2:	9111      	str	r1, [sp, #68]	@ 0x44
10002aa4:	7859      	ldrb	r1, [r3, #1]
10002aa6:	296c      	cmp	r1, #108	@ 0x6c
10002aa8:	d001      	beq.n	10002aae <_vsnprintf+0x172>
10002aaa:	0017      	movs	r7, r2
10002aac:	e018      	b.n	10002ae0 <_vsnprintf+0x1a4>
10002aae:	22c0      	movs	r2, #192	@ 0xc0
10002ab0:	0092      	lsls	r2, r2, #2
10002ab2:	4317      	orrs	r7, r2
10002ab4:	3302      	adds	r3, #2
10002ab6:	9311      	str	r3, [sp, #68]	@ 0x44
10002ab8:	e012      	b.n	10002ae0 <_vsnprintf+0x1a4>
10002aba:	2280      	movs	r2, #128	@ 0x80
10002abc:	433a      	orrs	r2, r7
10002abe:	1c59      	adds	r1, r3, #1
10002ac0:	9111      	str	r1, [sp, #68]	@ 0x44
10002ac2:	7859      	ldrb	r1, [r3, #1]
10002ac4:	2968      	cmp	r1, #104	@ 0x68
10002ac6:	d001      	beq.n	10002acc <_vsnprintf+0x190>
10002ac8:	0017      	movs	r7, r2
10002aca:	e009      	b.n	10002ae0 <_vsnprintf+0x1a4>
10002acc:	22c0      	movs	r2, #192	@ 0xc0
10002ace:	4317      	orrs	r7, r2
10002ad0:	3302      	adds	r3, #2
10002ad2:	9311      	str	r3, [sp, #68]	@ 0x44
10002ad4:	e004      	b.n	10002ae0 <_vsnprintf+0x1a4>
10002ad6:	2280      	movs	r2, #128	@ 0x80
10002ad8:	0052      	lsls	r2, r2, #1
10002ada:	4317      	orrs	r7, r2
10002adc:	3301      	adds	r3, #1
10002ade:	9311      	str	r3, [sp, #68]	@ 0x44
10002ae0:	9b11      	ldr	r3, [sp, #68]	@ 0x44
10002ae2:	7818      	ldrb	r0, [r3, #0]
10002ae4:	2865      	cmp	r0, #101	@ 0x65
10002ae6:	d040      	beq.n	10002b6a <_vsnprintf+0x22e>
10002ae8:	d877      	bhi.n	10002bda <_vsnprintf+0x29e>
10002aea:	2846      	cmp	r0, #70	@ 0x46
10002aec:	d100      	bne.n	10002af0 <_vsnprintf+0x1b4>
10002aee:	e08b      	b.n	10002c08 <_vsnprintf+0x2cc>
10002af0:	d91b      	bls.n	10002b2a <_vsnprintf+0x1ee>
10002af2:	2863      	cmp	r0, #99	@ 0x63
10002af4:	d131      	bne.n	10002b5a <_vsnprintf+0x21e>
10002af6:	2302      	movs	r3, #2
10002af8:	001a      	movs	r2, r3
10002afa:	403a      	ands	r2, r7
10002afc:	4691      	mov	r9, r2
10002afe:	423b      	tst	r3, r7
10002b00:	d100      	bne.n	10002b04 <_vsnprintf+0x1c8>
10002b02:	e1b0      	b.n	10002e66 <_vsnprintf+0x52a>
10002b04:	2401      	movs	r4, #1
10002b06:	9b1c      	ldr	r3, [sp, #112]	@ 0x70
10002b08:	1d1a      	adds	r2, r3, #4
10002b0a:	921c      	str	r2, [sp, #112]	@ 0x70
10002b0c:	1c6f      	adds	r7, r5, #1
10002b0e:	7818      	ldrb	r0, [r3, #0]
10002b10:	4643      	mov	r3, r8
10002b12:	002a      	movs	r2, r5
10002b14:	4651      	mov	r1, sl
10002b16:	47b0      	blx	r6
10002b18:	464b      	mov	r3, r9
10002b1a:	2b00      	cmp	r3, #0
10002b1c:	d000      	beq.n	10002b20 <_vsnprintf+0x1e4>
10002b1e:	e1a6      	b.n	10002e6e <_vsnprintf+0x532>
10002b20:	9b11      	ldr	r3, [sp, #68]	@ 0x44
10002b22:	3301      	adds	r3, #1
10002b24:	9311      	str	r3, [sp, #68]	@ 0x44
10002b26:	003d      	movs	r5, r7
10002b28:	e718      	b.n	1000295c <_vsnprintf+0x20>
10002b2a:	2825      	cmp	r0, #37	@ 0x25
10002b2c:	d109      	bne.n	10002b42 <_vsnprintf+0x206>
10002b2e:	1c6c      	adds	r4, r5, #1
10002b30:	4643      	mov	r3, r8
10002b32:	002a      	movs	r2, r5
10002b34:	4651      	mov	r1, sl
10002b36:	47b0      	blx	r6
10002b38:	9b11      	ldr	r3, [sp, #68]	@ 0x44
10002b3a:	3301      	adds	r3, #1
10002b3c:	9311      	str	r3, [sp, #68]	@ 0x44
10002b3e:	0025      	movs	r5, r4
10002b40:	e70c      	b.n	1000295c <_vsnprintf+0x20>
10002b42:	2845      	cmp	r0, #69	@ 0x45
10002b44:	d011      	beq.n	10002b6a <_vsnprintf+0x22e>
10002b46:	1c6c      	adds	r4, r5, #1
10002b48:	4643      	mov	r3, r8
10002b4a:	002a      	movs	r2, r5
10002b4c:	4651      	mov	r1, sl
10002b4e:	47b0      	blx	r6
10002b50:	9b11      	ldr	r3, [sp, #68]	@ 0x44
10002b52:	3301      	adds	r3, #1
10002b54:	9311      	str	r3, [sp, #68]	@ 0x44
10002b56:	0025      	movs	r5, r4
10002b58:	e700      	b.n	1000295c <_vsnprintf+0x20>
10002b5a:	2863      	cmp	r0, #99	@ 0x63
10002b5c:	d82b      	bhi.n	10002bb6 <_vsnprintf+0x27a>
10002b5e:	2858      	cmp	r0, #88	@ 0x58
10002b60:	d02b      	beq.n	10002bba <_vsnprintf+0x27e>
10002b62:	2862      	cmp	r0, #98	@ 0x62
10002b64:	d029      	beq.n	10002bba <_vsnprintf+0x27e>
10002b66:	2847      	cmp	r0, #71	@ 0x47
10002b68:	d1ed      	bne.n	10002b46 <_vsnprintf+0x20a>
10002b6a:	2867      	cmp	r0, #103	@ 0x67
10002b6c:	d001      	beq.n	10002b72 <_vsnprintf+0x236>
10002b6e:	2847      	cmp	r0, #71	@ 0x47
10002b70:	d102      	bne.n	10002b78 <_vsnprintf+0x23c>
10002b72:	2380      	movs	r3, #128	@ 0x80
10002b74:	011b      	lsls	r3, r3, #4
10002b76:	431f      	orrs	r7, r3
10002b78:	2845      	cmp	r0, #69	@ 0x45
10002b7a:	d001      	beq.n	10002b80 <_vsnprintf+0x244>
10002b7c:	2847      	cmp	r0, #71	@ 0x47
10002b7e:	d101      	bne.n	10002b84 <_vsnprintf+0x248>
10002b80:	2320      	movs	r3, #32
10002b82:	431f      	orrs	r7, r3
10002b84:	9b1c      	ldr	r3, [sp, #112]	@ 0x70
10002b86:	3307      	adds	r3, #7
10002b88:	2207      	movs	r2, #7
10002b8a:	4393      	bics	r3, r2
10002b8c:	001a      	movs	r2, r3
10002b8e:	3208      	adds	r2, #8
10002b90:	921c      	str	r2, [sp, #112]	@ 0x70
10002b92:	9704      	str	r7, [sp, #16]
10002b94:	9a0b      	ldr	r2, [sp, #44]	@ 0x2c
10002b96:	9203      	str	r2, [sp, #12]
10002b98:	9402      	str	r4, [sp, #8]
10002b9a:	cb0c      	ldmia	r3, {r2, r3}
10002b9c:	9200      	str	r2, [sp, #0]
10002b9e:	9301      	str	r3, [sp, #4]
10002ba0:	4643      	mov	r3, r8
10002ba2:	002a      	movs	r2, r5
10002ba4:	4651      	mov	r1, sl
10002ba6:	0030      	movs	r0, r6
10002ba8:	f7ff fb04 	bl	100021b4 <_etoa>
10002bac:	0005      	movs	r5, r0
10002bae:	9b11      	ldr	r3, [sp, #68]	@ 0x44
10002bb0:	3301      	adds	r3, #1
10002bb2:	9311      	str	r3, [sp, #68]	@ 0x44
10002bb4:	e6d2      	b.n	1000295c <_vsnprintf+0x20>
10002bb6:	2864      	cmp	r0, #100	@ 0x64
10002bb8:	d1c5      	bne.n	10002b46 <_vsnprintf+0x20a>
10002bba:	2878      	cmp	r0, #120	@ 0x78
10002bbc:	d04d      	beq.n	10002c5a <_vsnprintf+0x31e>
10002bbe:	2858      	cmp	r0, #88	@ 0x58
10002bc0:	d100      	bne.n	10002bc4 <_vsnprintf+0x288>
10002bc2:	e07c      	b.n	10002cbe <_vsnprintf+0x382>
10002bc4:	286f      	cmp	r0, #111	@ 0x6f
10002bc6:	d100      	bne.n	10002bca <_vsnprintf+0x28e>
10002bc8:	e07c      	b.n	10002cc4 <_vsnprintf+0x388>
10002bca:	2862      	cmp	r0, #98	@ 0x62
10002bcc:	d100      	bne.n	10002bd0 <_vsnprintf+0x294>
10002bce:	e07c      	b.n	10002cca <_vsnprintf+0x38e>
10002bd0:	2310      	movs	r3, #16
10002bd2:	439f      	bics	r7, r3
10002bd4:	3b06      	subs	r3, #6
10002bd6:	469c      	mov	ip, r3
10002bd8:	e041      	b.n	10002c5e <_vsnprintf+0x322>
10002bda:	2870      	cmp	r0, #112	@ 0x70
10002bdc:	d100      	bne.n	10002be0 <_vsnprintf+0x2a4>
10002bde:	e1bc      	b.n	10002f5a <_vsnprintf+0x61e>
10002be0:	d90d      	bls.n	10002bfe <_vsnprintf+0x2c2>
10002be2:	2873      	cmp	r0, #115	@ 0x73
10002be4:	d131      	bne.n	10002c4a <_vsnprintf+0x30e>
10002be6:	9b1c      	ldr	r3, [sp, #112]	@ 0x70
10002be8:	1d1a      	adds	r2, r3, #4
10002bea:	921c      	str	r2, [sp, #112]	@ 0x70
10002bec:	681b      	ldr	r3, [r3, #0]
10002bee:	469b      	mov	fp, r3
10002bf0:	2c00      	cmp	r4, #0
10002bf2:	d000      	beq.n	10002bf6 <_vsnprintf+0x2ba>
10002bf4:	e16e      	b.n	10002ed4 <_vsnprintf+0x598>
10002bf6:	2201      	movs	r2, #1
10002bf8:	4252      	negs	r2, r2
10002bfa:	465b      	mov	r3, fp
10002bfc:	e14a      	b.n	10002e94 <_vsnprintf+0x558>
10002bfe:	2867      	cmp	r0, #103	@ 0x67
10002c00:	d0b3      	beq.n	10002b6a <_vsnprintf+0x22e>
10002c02:	d81d      	bhi.n	10002c40 <_vsnprintf+0x304>
10002c04:	2866      	cmp	r0, #102	@ 0x66
10002c06:	d19e      	bne.n	10002b46 <_vsnprintf+0x20a>
10002c08:	2846      	cmp	r0, #70	@ 0x46
10002c0a:	d100      	bne.n	10002c0e <_vsnprintf+0x2d2>
10002c0c:	e11c      	b.n	10002e48 <_vsnprintf+0x50c>
10002c0e:	9b1c      	ldr	r3, [sp, #112]	@ 0x70
10002c10:	3307      	adds	r3, #7
10002c12:	2207      	movs	r2, #7
10002c14:	4393      	bics	r3, r2
10002c16:	001a      	movs	r2, r3
10002c18:	3208      	adds	r2, #8
10002c1a:	921c      	str	r2, [sp, #112]	@ 0x70
10002c1c:	9704      	str	r7, [sp, #16]
10002c1e:	9a0b      	ldr	r2, [sp, #44]	@ 0x2c
10002c20:	9203      	str	r2, [sp, #12]
10002c22:	9402      	str	r4, [sp, #8]
10002c24:	cb0c      	ldmia	r3, {r2, r3}
10002c26:	9200      	str	r2, [sp, #0]
10002c28:	9301      	str	r3, [sp, #4]
10002c2a:	4643      	mov	r3, r8
10002c2c:	002a      	movs	r2, r5
10002c2e:	4651      	mov	r1, sl
10002c30:	0030      	movs	r0, r6
10002c32:	f7ff fce3 	bl	100025fc <_ftoa>
10002c36:	0005      	movs	r5, r0
10002c38:	9b11      	ldr	r3, [sp, #68]	@ 0x44
10002c3a:	3301      	adds	r3, #1
10002c3c:	9311      	str	r3, [sp, #68]	@ 0x44
10002c3e:	e68d      	b.n	1000295c <_vsnprintf+0x20>
10002c40:	2869      	cmp	r0, #105	@ 0x69
10002c42:	d0ba      	beq.n	10002bba <_vsnprintf+0x27e>
10002c44:	286f      	cmp	r0, #111	@ 0x6f
10002c46:	d0b8      	beq.n	10002bba <_vsnprintf+0x27e>
10002c48:	e77d      	b.n	10002b46 <_vsnprintf+0x20a>
10002c4a:	2873      	cmp	r0, #115	@ 0x73
10002c4c:	d200      	bcs.n	10002c50 <_vsnprintf+0x314>
10002c4e:	e77a      	b.n	10002b46 <_vsnprintf+0x20a>
10002c50:	2875      	cmp	r0, #117	@ 0x75
10002c52:	d0b2      	beq.n	10002bba <_vsnprintf+0x27e>
10002c54:	2878      	cmp	r0, #120	@ 0x78
10002c56:	d0b0      	beq.n	10002bba <_vsnprintf+0x27e>
10002c58:	e775      	b.n	10002b46 <_vsnprintf+0x20a>
10002c5a:	2310      	movs	r3, #16
10002c5c:	469c      	mov	ip, r3
10002c5e:	2858      	cmp	r0, #88	@ 0x58
10002c60:	d036      	beq.n	10002cd0 <_vsnprintf+0x394>
10002c62:	2869      	cmp	r0, #105	@ 0x69
10002c64:	d003      	beq.n	10002c6e <_vsnprintf+0x332>
10002c66:	2864      	cmp	r0, #100	@ 0x64
10002c68:	d001      	beq.n	10002c6e <_vsnprintf+0x332>
10002c6a:	220c      	movs	r2, #12
10002c6c:	4397      	bics	r7, r2
10002c6e:	057a      	lsls	r2, r7, #21
10002c70:	d501      	bpl.n	10002c76 <_vsnprintf+0x33a>
10002c72:	2201      	movs	r2, #1
10002c74:	4397      	bics	r7, r2
10002c76:	2869      	cmp	r0, #105	@ 0x69
10002c78:	d02d      	beq.n	10002cd6 <_vsnprintf+0x39a>
10002c7a:	2864      	cmp	r0, #100	@ 0x64
10002c7c:	d02b      	beq.n	10002cd6 <_vsnprintf+0x39a>
10002c7e:	05ba      	lsls	r2, r7, #22
10002c80:	d500      	bpl.n	10002c84 <_vsnprintf+0x348>
10002c82:	e0a3      	b.n	10002dcc <_vsnprintf+0x490>
10002c84:	05fa      	lsls	r2, r7, #23
10002c86:	d500      	bpl.n	10002c8a <_vsnprintf+0x34e>
10002c88:	e0bb      	b.n	10002e02 <_vsnprintf+0x4c6>
10002c8a:	067a      	lsls	r2, r7, #25
10002c8c:	d400      	bmi.n	10002c90 <_vsnprintf+0x354>
10002c8e:	e0cd      	b.n	10002e2c <_vsnprintf+0x4f0>
10002c90:	9a1c      	ldr	r2, [sp, #112]	@ 0x70
10002c92:	1d11      	adds	r1, r2, #4
10002c94:	911c      	str	r1, [sp, #112]	@ 0x70
10002c96:	6811      	ldr	r1, [r2, #0]
10002c98:	22ff      	movs	r2, #255	@ 0xff
10002c9a:	400a      	ands	r2, r1
10002c9c:	9705      	str	r7, [sp, #20]
10002c9e:	9b0b      	ldr	r3, [sp, #44]	@ 0x2c
10002ca0:	9304      	str	r3, [sp, #16]
10002ca2:	9403      	str	r4, [sp, #12]
10002ca4:	4663      	mov	r3, ip
10002ca6:	9302      	str	r3, [sp, #8]
10002ca8:	2300      	movs	r3, #0
10002caa:	9301      	str	r3, [sp, #4]
10002cac:	9200      	str	r2, [sp, #0]
10002cae:	4643      	mov	r3, r8
10002cb0:	002a      	movs	r2, r5
10002cb2:	4651      	mov	r1, sl
10002cb4:	0030      	movs	r0, r6
10002cb6:	f7ff f9a5 	bl	10002004 <_ntoa_long>
10002cba:	0005      	movs	r5, r0
10002cbc:	e02a      	b.n	10002d14 <_vsnprintf+0x3d8>
10002cbe:	2310      	movs	r3, #16
10002cc0:	469c      	mov	ip, r3
10002cc2:	e7cc      	b.n	10002c5e <_vsnprintf+0x322>
10002cc4:	2308      	movs	r3, #8
10002cc6:	469c      	mov	ip, r3
10002cc8:	e7c9      	b.n	10002c5e <_vsnprintf+0x322>
10002cca:	2302      	movs	r3, #2
10002ccc:	469c      	mov	ip, r3
10002cce:	e7c6      	b.n	10002c5e <_vsnprintf+0x322>
10002cd0:	2220      	movs	r2, #32
10002cd2:	4317      	orrs	r7, r2
10002cd4:	e7c5      	b.n	10002c62 <_vsnprintf+0x326>
10002cd6:	05ba      	lsls	r2, r7, #22
10002cd8:	d420      	bmi.n	10002d1c <_vsnprintf+0x3e0>
10002cda:	05fa      	lsls	r2, r7, #23
10002cdc:	d451      	bmi.n	10002d82 <_vsnprintf+0x446>
10002cde:	067a      	lsls	r2, r7, #25
10002ce0:	d567      	bpl.n	10002db2 <_vsnprintf+0x476>
10002ce2:	9a1c      	ldr	r2, [sp, #112]	@ 0x70
10002ce4:	1d11      	adds	r1, r2, #4
10002ce6:	911c      	str	r1, [sp, #112]	@ 0x70
10002ce8:	6811      	ldr	r1, [r2, #0]
10002cea:	22ff      	movs	r2, #255	@ 0xff
10002cec:	400a      	ands	r2, r1
10002cee:	17d0      	asrs	r0, r2, #31
10002cf0:	1811      	adds	r1, r2, r0
10002cf2:	4041      	eors	r1, r0
10002cf4:	9705      	str	r7, [sp, #20]
10002cf6:	9b0b      	ldr	r3, [sp, #44]	@ 0x2c
10002cf8:	9304      	str	r3, [sp, #16]
10002cfa:	9403      	str	r4, [sp, #12]
10002cfc:	4663      	mov	r3, ip
10002cfe:	9302      	str	r3, [sp, #8]
10002d00:	0fd2      	lsrs	r2, r2, #31
10002d02:	9201      	str	r2, [sp, #4]
10002d04:	9100      	str	r1, [sp, #0]
10002d06:	4643      	mov	r3, r8
10002d08:	002a      	movs	r2, r5
10002d0a:	4651      	mov	r1, sl
10002d0c:	0030      	movs	r0, r6
10002d0e:	f7ff f979 	bl	10002004 <_ntoa_long>
10002d12:	0005      	movs	r5, r0
10002d14:	9b11      	ldr	r3, [sp, #68]	@ 0x44
10002d16:	3301      	adds	r3, #1
10002d18:	9311      	str	r3, [sp, #68]	@ 0x44
10002d1a:	e61f      	b.n	1000295c <_vsnprintf+0x20>
10002d1c:	9a1c      	ldr	r2, [sp, #112]	@ 0x70
10002d1e:	3207      	adds	r2, #7
10002d20:	2107      	movs	r1, #7
10002d22:	438a      	bics	r2, r1
10002d24:	0011      	movs	r1, r2
10002d26:	3108      	adds	r1, #8
10002d28:	911c      	str	r1, [sp, #112]	@ 0x70
10002d2a:	6811      	ldr	r1, [r2, #0]
10002d2c:	6853      	ldr	r3, [r2, #4]
10002d2e:	4699      	mov	r9, r3
10002d30:	17db      	asrs	r3, r3, #31
10002d32:	930c      	str	r3, [sp, #48]	@ 0x30
10002d34:	930d      	str	r3, [sp, #52]	@ 0x34
10002d36:	9a0c      	ldr	r2, [sp, #48]	@ 0x30
10002d38:	9b0d      	ldr	r3, [sp, #52]	@ 0x34
10002d3a:	0010      	movs	r0, r2
10002d3c:	4048      	eors	r0, r1
10002d3e:	900e      	str	r0, [sp, #56]	@ 0x38
10002d40:	9b0d      	ldr	r3, [sp, #52]	@ 0x34
10002d42:	4649      	mov	r1, r9
10002d44:	404b      	eors	r3, r1
10002d46:	930f      	str	r3, [sp, #60]	@ 0x3c
10002d48:	980e      	ldr	r0, [sp, #56]	@ 0x38
10002d4a:	990f      	ldr	r1, [sp, #60]	@ 0x3c
10002d4c:	9a0c      	ldr	r2, [sp, #48]	@ 0x30
10002d4e:	9b0d      	ldr	r3, [sp, #52]	@ 0x34
10002d50:	1a80      	subs	r0, r0, r2
10002d52:	4199      	sbcs	r1, r3
10002d54:	900e      	str	r0, [sp, #56]	@ 0x38
10002d56:	910f      	str	r1, [sp, #60]	@ 0x3c
10002d58:	9708      	str	r7, [sp, #32]
10002d5a:	9b0b      	ldr	r3, [sp, #44]	@ 0x2c
10002d5c:	9307      	str	r3, [sp, #28]
10002d5e:	9406      	str	r4, [sp, #24]
10002d60:	4663      	mov	r3, ip
10002d62:	9304      	str	r3, [sp, #16]
10002d64:	2300      	movs	r3, #0
10002d66:	9305      	str	r3, [sp, #20]
10002d68:	464b      	mov	r3, r9
10002d6a:	0fda      	lsrs	r2, r3, #31
10002d6c:	9202      	str	r2, [sp, #8]
10002d6e:	9000      	str	r0, [sp, #0]
10002d70:	9101      	str	r1, [sp, #4]
10002d72:	4643      	mov	r3, r8
10002d74:	002a      	movs	r2, r5
10002d76:	4651      	mov	r1, sl
10002d78:	0030      	movs	r0, r6
10002d7a:	f7ff f99f 	bl	100020bc <_ntoa_long_long>
10002d7e:	0005      	movs	r5, r0
10002d80:	e7c8      	b.n	10002d14 <_vsnprintf+0x3d8>
10002d82:	9a1c      	ldr	r2, [sp, #112]	@ 0x70
10002d84:	1d11      	adds	r1, r2, #4
10002d86:	911c      	str	r1, [sp, #112]	@ 0x70
10002d88:	6812      	ldr	r2, [r2, #0]
10002d8a:	17d0      	asrs	r0, r2, #31
10002d8c:	1811      	adds	r1, r2, r0
10002d8e:	4041      	eors	r1, r0
10002d90:	9705      	str	r7, [sp, #20]
10002d92:	9b0b      	ldr	r3, [sp, #44]	@ 0x2c
10002d94:	9304      	str	r3, [sp, #16]
10002d96:	9403      	str	r4, [sp, #12]
10002d98:	4663      	mov	r3, ip
10002d9a:	9302      	str	r3, [sp, #8]
10002d9c:	0fd2      	lsrs	r2, r2, #31
10002d9e:	9201      	str	r2, [sp, #4]
10002da0:	9100      	str	r1, [sp, #0]
10002da2:	4643      	mov	r3, r8
10002da4:	002a      	movs	r2, r5
10002da6:	4651      	mov	r1, sl
10002da8:	0030      	movs	r0, r6
10002daa:	f7ff f92b 	bl	10002004 <_ntoa_long>
10002dae:	0005      	movs	r5, r0
10002db0:	e7b0      	b.n	10002d14 <_vsnprintf+0x3d8>
10002db2:	063a      	lsls	r2, r7, #24
10002db4:	d505      	bpl.n	10002dc2 <_vsnprintf+0x486>
10002db6:	9a1c      	ldr	r2, [sp, #112]	@ 0x70
10002db8:	1d11      	adds	r1, r2, #4
10002dba:	911c      	str	r1, [sp, #112]	@ 0x70
10002dbc:	2300      	movs	r3, #0
10002dbe:	5ed2      	ldrsh	r2, [r2, r3]
10002dc0:	e795      	b.n	10002cee <_vsnprintf+0x3b2>
10002dc2:	9a1c      	ldr	r2, [sp, #112]	@ 0x70
10002dc4:	1d11      	adds	r1, r2, #4
10002dc6:	911c      	str	r1, [sp, #112]	@ 0x70
10002dc8:	6812      	ldr	r2, [r2, #0]
10002dca:	e790      	b.n	10002cee <_vsnprintf+0x3b2>
10002dcc:	9a1c      	ldr	r2, [sp, #112]	@ 0x70
10002dce:	3207      	adds	r2, #7
10002dd0:	2107      	movs	r1, #7
10002dd2:	438a      	bics	r2, r1
10002dd4:	0011      	movs	r1, r2
10002dd6:	3108      	adds	r1, #8
10002dd8:	911c      	str	r1, [sp, #112]	@ 0x70
10002dda:	9708      	str	r7, [sp, #32]
10002ddc:	9b0b      	ldr	r3, [sp, #44]	@ 0x2c
10002dde:	9307      	str	r3, [sp, #28]
10002de0:	9406      	str	r4, [sp, #24]
10002de2:	4663      	mov	r3, ip
10002de4:	9304      	str	r3, [sp, #16]
10002de6:	2300      	movs	r3, #0
10002de8:	9305      	str	r3, [sp, #20]
10002dea:	9302      	str	r3, [sp, #8]
10002dec:	ca0c      	ldmia	r2, {r2, r3}
10002dee:	9200      	str	r2, [sp, #0]
10002df0:	9301      	str	r3, [sp, #4]
10002df2:	4643      	mov	r3, r8
10002df4:	002a      	movs	r2, r5
10002df6:	4651      	mov	r1, sl
10002df8:	0030      	movs	r0, r6
10002dfa:	f7ff f95f 	bl	100020bc <_ntoa_long_long>
10002dfe:	0005      	movs	r5, r0
10002e00:	e788      	b.n	10002d14 <_vsnprintf+0x3d8>
10002e02:	9a1c      	ldr	r2, [sp, #112]	@ 0x70
10002e04:	1d11      	adds	r1, r2, #4
10002e06:	911c      	str	r1, [sp, #112]	@ 0x70
10002e08:	9705      	str	r7, [sp, #20]
10002e0a:	9b0b      	ldr	r3, [sp, #44]	@ 0x2c
10002e0c:	9304      	str	r3, [sp, #16]
10002e0e:	9403      	str	r4, [sp, #12]
10002e10:	4663      	mov	r3, ip
10002e12:	9302      	str	r3, [sp, #8]
10002e14:	2300      	movs	r3, #0
10002e16:	9301      	str	r3, [sp, #4]
10002e18:	6813      	ldr	r3, [r2, #0]
10002e1a:	9300      	str	r3, [sp, #0]
10002e1c:	4643      	mov	r3, r8
10002e1e:	002a      	movs	r2, r5
10002e20:	4651      	mov	r1, sl
10002e22:	0030      	movs	r0, r6
10002e24:	f7ff f8ee 	bl	10002004 <_ntoa_long>
10002e28:	0005      	movs	r5, r0
10002e2a:	e773      	b.n	10002d14 <_vsnprintf+0x3d8>
10002e2c:	063a      	lsls	r2, r7, #24
10002e2e:	d506      	bpl.n	10002e3e <_vsnprintf+0x502>
10002e30:	9a1c      	ldr	r2, [sp, #112]	@ 0x70
10002e32:	1d11      	adds	r1, r2, #4
10002e34:	911c      	str	r1, [sp, #112]	@ 0x70
10002e36:	6812      	ldr	r2, [r2, #0]
10002e38:	0412      	lsls	r2, r2, #16
10002e3a:	0c12      	lsrs	r2, r2, #16
10002e3c:	e72e      	b.n	10002c9c <_vsnprintf+0x360>
10002e3e:	9a1c      	ldr	r2, [sp, #112]	@ 0x70
10002e40:	1d11      	adds	r1, r2, #4
10002e42:	911c      	str	r1, [sp, #112]	@ 0x70
10002e44:	6812      	ldr	r2, [r2, #0]
10002e46:	e729      	b.n	10002c9c <_vsnprintf+0x360>
10002e48:	2320      	movs	r3, #32
10002e4a:	431f      	orrs	r7, r3
10002e4c:	e6df      	b.n	10002c0e <_vsnprintf+0x2d2>
10002e4e:	1c57      	adds	r7, r2, #1
10002e50:	4643      	mov	r3, r8
10002e52:	4651      	mov	r1, sl
10002e54:	2020      	movs	r0, #32
10002e56:	47b0      	blx	r6
10002e58:	0023      	movs	r3, r4
10002e5a:	003a      	movs	r2, r7
10002e5c:	1c5c      	adds	r4, r3, #1
10002e5e:	429d      	cmp	r5, r3
10002e60:	d8f5      	bhi.n	10002e4e <_vsnprintf+0x512>
10002e62:	0015      	movs	r5, r2
10002e64:	e64f      	b.n	10002b06 <_vsnprintf+0x1ca>
10002e66:	2301      	movs	r3, #1
10002e68:	002a      	movs	r2, r5
10002e6a:	9d0b      	ldr	r5, [sp, #44]	@ 0x2c
10002e6c:	e7f6      	b.n	10002e5c <_vsnprintf+0x520>
10002e6e:	003a      	movs	r2, r7
10002e70:	46b1      	mov	r9, r6
10002e72:	9e0b      	ldr	r6, [sp, #44]	@ 0x2c
10002e74:	e006      	b.n	10002e84 <_vsnprintf+0x548>
10002e76:	1c57      	adds	r7, r2, #1
10002e78:	4643      	mov	r3, r8
10002e7a:	4651      	mov	r1, sl
10002e7c:	2020      	movs	r0, #32
10002e7e:	47c8      	blx	r9
10002e80:	002c      	movs	r4, r5
10002e82:	003a      	movs	r2, r7
10002e84:	1c65      	adds	r5, r4, #1
10002e86:	42a6      	cmp	r6, r4
10002e88:	d8f5      	bhi.n	10002e76 <_vsnprintf+0x53a>
10002e8a:	0017      	movs	r7, r2
10002e8c:	464e      	mov	r6, r9
10002e8e:	e647      	b.n	10002b20 <_vsnprintf+0x1e4>
10002e90:	3301      	adds	r3, #1
10002e92:	000a      	movs	r2, r1
10002e94:	7819      	ldrb	r1, [r3, #0]
10002e96:	2900      	cmp	r1, #0
10002e98:	d002      	beq.n	10002ea0 <_vsnprintf+0x564>
10002e9a:	1e51      	subs	r1, r2, #1
10002e9c:	2a00      	cmp	r2, #0
10002e9e:	d1f7      	bne.n	10002e90 <_vsnprintf+0x554>
10002ea0:	465a      	mov	r2, fp
10002ea2:	1a9b      	subs	r3, r3, r2
10002ea4:	2280      	movs	r2, #128	@ 0x80
10002ea6:	00d2      	lsls	r2, r2, #3
10002ea8:	0039      	movs	r1, r7
10002eaa:	4011      	ands	r1, r2
10002eac:	4689      	mov	r9, r1
10002eae:	4217      	tst	r7, r2
10002eb0:	d002      	beq.n	10002eb8 <_vsnprintf+0x57c>
10002eb2:	42a3      	cmp	r3, r4
10002eb4:	d900      	bls.n	10002eb8 <_vsnprintf+0x57c>
10002eb6:	0023      	movs	r3, r4
10002eb8:	2202      	movs	r2, #2
10002eba:	0011      	movs	r1, r2
10002ebc:	4039      	ands	r1, r7
10002ebe:	9110      	str	r1, [sp, #64]	@ 0x40
10002ec0:	423a      	tst	r2, r7
10002ec2:	d009      	beq.n	10002ed8 <_vsnprintf+0x59c>
10002ec4:	002a      	movs	r2, r5
10002ec6:	0025      	movs	r5, r4
10002ec8:	465f      	mov	r7, fp
10002eca:	469b      	mov	fp, r3
10002ecc:	0033      	movs	r3, r6
10002ece:	464e      	mov	r6, r9
10002ed0:	4699      	mov	r9, r3
10002ed2:	e021      	b.n	10002f18 <_vsnprintf+0x5dc>
10002ed4:	0022      	movs	r2, r4
10002ed6:	e690      	b.n	10002bfa <_vsnprintf+0x2be>
10002ed8:	002a      	movs	r2, r5
10002eda:	4655      	mov	r5, sl
10002edc:	46a2      	mov	sl, r4
10002ede:	e006      	b.n	10002eee <_vsnprintf+0x5b2>
10002ee0:	1c54      	adds	r4, r2, #1
10002ee2:	4643      	mov	r3, r8
10002ee4:	0029      	movs	r1, r5
10002ee6:	2020      	movs	r0, #32
10002ee8:	47b0      	blx	r6
10002eea:	003b      	movs	r3, r7
10002eec:	0022      	movs	r2, r4
10002eee:	1c5f      	adds	r7, r3, #1
10002ef0:	990b      	ldr	r1, [sp, #44]	@ 0x2c
10002ef2:	4299      	cmp	r1, r3
10002ef4:	d8f4      	bhi.n	10002ee0 <_vsnprintf+0x5a4>
10002ef6:	4654      	mov	r4, sl
10002ef8:	46aa      	mov	sl, r5
10002efa:	003b      	movs	r3, r7
10002efc:	0025      	movs	r5, r4
10002efe:	465f      	mov	r7, fp
10002f00:	469b      	mov	fp, r3
10002f02:	0033      	movs	r3, r6
10002f04:	464e      	mov	r6, r9
10002f06:	4699      	mov	r9, r3
10002f08:	e006      	b.n	10002f18 <_vsnprintf+0x5dc>
10002f0a:	001d      	movs	r5, r3
10002f0c:	3701      	adds	r7, #1
10002f0e:	1c54      	adds	r4, r2, #1
10002f10:	4643      	mov	r3, r8
10002f12:	4651      	mov	r1, sl
10002f14:	47c8      	blx	r9
10002f16:	0022      	movs	r2, r4
10002f18:	7838      	ldrb	r0, [r7, #0]
10002f1a:	2800      	cmp	r0, #0
10002f1c:	d004      	beq.n	10002f28 <_vsnprintf+0x5ec>
10002f1e:	2e00      	cmp	r6, #0
10002f20:	d0f4      	beq.n	10002f0c <_vsnprintf+0x5d0>
10002f22:	1e6b      	subs	r3, r5, #1
10002f24:	2d00      	cmp	r5, #0
10002f26:	d1f0      	bne.n	10002f0a <_vsnprintf+0x5ce>
10002f28:	0015      	movs	r5, r2
10002f2a:	465b      	mov	r3, fp
10002f2c:	464e      	mov	r6, r9
10002f2e:	9a10      	ldr	r2, [sp, #64]	@ 0x40
10002f30:	2a00      	cmp	r2, #0
10002f32:	d103      	bne.n	10002f3c <_vsnprintf+0x600>
10002f34:	9b11      	ldr	r3, [sp, #68]	@ 0x44
10002f36:	3301      	adds	r3, #1
10002f38:	9311      	str	r3, [sp, #68]	@ 0x44
10002f3a:	e50f      	b.n	1000295c <_vsnprintf+0x20>
10002f3c:	002a      	movs	r2, r5
10002f3e:	9f0b      	ldr	r7, [sp, #44]	@ 0x2c
10002f40:	e006      	b.n	10002f50 <_vsnprintf+0x614>
10002f42:	1c55      	adds	r5, r2, #1
10002f44:	4643      	mov	r3, r8
10002f46:	4651      	mov	r1, sl
10002f48:	2020      	movs	r0, #32
10002f4a:	47b0      	blx	r6
10002f4c:	0023      	movs	r3, r4
10002f4e:	002a      	movs	r2, r5
10002f50:	1c5c      	adds	r4, r3, #1
10002f52:	429f      	cmp	r7, r3
10002f54:	d8f5      	bhi.n	10002f42 <_vsnprintf+0x606>
10002f56:	0015      	movs	r5, r2
10002f58:	e7ec      	b.n	10002f34 <_vsnprintf+0x5f8>
10002f5a:	2321      	movs	r3, #33	@ 0x21
10002f5c:	433b      	orrs	r3, r7
10002f5e:	9a1c      	ldr	r2, [sp, #112]	@ 0x70
10002f60:	1d11      	adds	r1, r2, #4
10002f62:	911c      	str	r1, [sp, #112]	@ 0x70
10002f64:	6812      	ldr	r2, [r2, #0]
10002f66:	9305      	str	r3, [sp, #20]
10002f68:	2308      	movs	r3, #8
10002f6a:	9304      	str	r3, [sp, #16]
10002f6c:	9403      	str	r4, [sp, #12]
10002f6e:	3308      	adds	r3, #8
10002f70:	9302      	str	r3, [sp, #8]
10002f72:	2300      	movs	r3, #0
10002f74:	9301      	str	r3, [sp, #4]
10002f76:	9200      	str	r2, [sp, #0]
10002f78:	4643      	mov	r3, r8
10002f7a:	002a      	movs	r2, r5
10002f7c:	4651      	mov	r1, sl
10002f7e:	0030      	movs	r0, r6
10002f80:	f7ff f840 	bl	10002004 <_ntoa_long>
10002f84:	0005      	movs	r5, r0
10002f86:	9b11      	ldr	r3, [sp, #68]	@ 0x44
10002f88:	3301      	adds	r3, #1
10002f8a:	9311      	str	r3, [sp, #68]	@ 0x44
10002f8c:	e4e6      	b.n	1000295c <_vsnprintf+0x20>
10002f8e:	4b0b      	ldr	r3, [pc, #44]	@ (10002fbc <_vsnprintf+0x680>)
10002f90:	469b      	mov	fp, r3
10002f92:	e4e1      	b.n	10002958 <_vsnprintf+0x1c>
10002f94:	46b3      	mov	fp, r6
10002f96:	4545      	cmp	r5, r8
10002f98:	d30d      	bcc.n	10002fb6 <_vsnprintf+0x67a>
10002f9a:	4643      	mov	r3, r8
10002f9c:	1e5a      	subs	r2, r3, #1
10002f9e:	4643      	mov	r3, r8
10002fa0:	4651      	mov	r1, sl
10002fa2:	2000      	movs	r0, #0
10002fa4:	47d8      	blx	fp
10002fa6:	0028      	movs	r0, r5
10002fa8:	b013      	add	sp, #76	@ 0x4c
10002faa:	bcf0      	pop	{r4, r5, r6, r7}
10002fac:	46bb      	mov	fp, r7
10002fae:	46b2      	mov	sl, r6
10002fb0:	46a9      	mov	r9, r5
10002fb2:	46a0      	mov	r8, r4
10002fb4:	bdf0      	pop	{r4, r5, r6, r7, pc}
10002fb6:	002a      	movs	r2, r5
10002fb8:	e7f1      	b.n	10002f9e <_vsnprintf+0x662>
10002fba:	46c0      	nop			@ (mov r8, r8)
10002fbc:	10001e01 	.word	0x10001e01

10002fc0 <vfctprintf>:
10002fc0:	b500      	push	{lr}
10002fc2:	b085      	sub	sp, #20
10002fc4:	468c      	mov	ip, r1
10002fc6:	a902      	add	r1, sp, #8
10002fc8:	9002      	str	r0, [sp, #8]
10002fca:	4660      	mov	r0, ip
10002fcc:	6048      	str	r0, [r1, #4]
10002fce:	2001      	movs	r0, #1
10002fd0:	4684      	mov	ip, r0
10002fd2:	4804      	ldr	r0, [pc, #16]	@ (10002fe4 <vfctprintf+0x24>)
10002fd4:	9300      	str	r3, [sp, #0]
10002fd6:	0013      	movs	r3, r2
10002fd8:	4662      	mov	r2, ip
10002fda:	4252      	negs	r2, r2
10002fdc:	f7ff fcae 	bl	1000293c <_vsnprintf>
10002fe0:	b005      	add	sp, #20
10002fe2:	bd00      	pop	{pc}
10002fe4:	10001e03 	.word	0x10001e03

10002fe8 <_exit>:
10002fe8:	be00      	bkpt	0x0000
10002fea:	e7fd      	b.n	10002fe8 <_exit>

10002fec <exit>:
10002fec:	b510      	push	{r4, lr}
10002fee:	f7ff fffb 	bl	10002fe8 <_exit>
	...

10002ff4 <__assert_func>:
10002ff4:	b510      	push	{r4, lr}
10002ff6:	b082      	sub	sp, #8
10002ff8:	4684      	mov	ip, r0
10002ffa:	000c      	movs	r4, r1
10002ffc:	0019      	movs	r1, r3
10002ffe:	2a00      	cmp	r2, #0
10003000:	d00a      	beq.n	10003018 <__assert_func+0x24>
10003002:	4b07      	ldr	r3, [pc, #28]	@ (10003020 <__assert_func+0x2c>)
10003004:	4807      	ldr	r0, [pc, #28]	@ (10003024 <__assert_func+0x30>)
10003006:	9201      	str	r2, [sp, #4]
10003008:	9300      	str	r3, [sp, #0]
1000300a:	0023      	movs	r3, r4
1000300c:	4662      	mov	r2, ip
1000300e:	f000 f943 	bl	10003298 <__wrap_printf>
10003012:	2001      	movs	r0, #1
10003014:	f7ff ffe8 	bl	10002fe8 <_exit>
10003018:	4b03      	ldr	r3, [pc, #12]	@ (10003028 <__assert_func+0x34>)
1000301a:	001a      	movs	r2, r3
1000301c:	e7f2      	b.n	10003004 <__assert_func+0x10>
1000301e:	46c0      	nop			@ (mov r8, r8)
10003020:	10003bd0 	.word	0x10003bd0
10003024:	10003be0 	.word	0x10003be0
10003028:	10003bdc 	.word	0x10003bdc

1000302c <runtime_init>:
1000302c:	b510      	push	{r4, lr}
1000302e:	f3ef 8305 	mrs	r3, IPSR
10003032:	2b00      	cmp	r3, #0
10003034:	d000      	beq.n	10003038 <runtime_init+0xc>
10003036:	be00      	bkpt	0x0000
10003038:	f7fe f9ba 	bl	100013b0 <runtime_run_initializers>
1000303c:	4c03      	ldr	r4, [pc, #12]	@ (1000304c <runtime_init+0x20>)
1000303e:	e001      	b.n	10003044 <runtime_init+0x18>
10003040:	cc08      	ldmia	r4!, {r3}
10003042:	4798      	blx	r3
10003044:	4b02      	ldr	r3, [pc, #8]	@ (10003050 <runtime_init+0x24>)
10003046:	429c      	cmp	r4, r3
10003048:	d3fa      	bcc.n	10003040 <runtime_init+0x14>
1000304a:	bd10      	pop	{r4, pc}
1000304c:	100035d4 	.word	0x100035d4
10003050:	100035dc 	.word	0x100035dc

10003054 <stdio_out_chars_no_crlf>:
10003054:	b510      	push	{r4, lr}
10003056:	0003      	movs	r3, r0
10003058:	0008      	movs	r0, r1
1000305a:	0011      	movs	r1, r2
1000305c:	681b      	ldr	r3, [r3, #0]
1000305e:	4798      	blx	r3
10003060:	bd10      	pop	{r4, pc}
	...

10003064 <stdio_out_chars_crlf>:
10003064:	b5f8      	push	{r3, r4, r5, r6, r7, lr}
10003066:	0007      	movs	r7, r0
10003068:	000d      	movs	r5, r1
1000306a:	0016      	movs	r6, r2
1000306c:	7d43      	ldrb	r3, [r0, #21]
1000306e:	2b00      	cmp	r3, #0
10003070:	d002      	beq.n	10003078 <stdio_out_chars_crlf+0x14>
10003072:	2400      	movs	r4, #0
10003074:	2000      	movs	r0, #0
10003076:	e00c      	b.n	10003092 <stdio_out_chars_crlf+0x2e>
10003078:	6803      	ldr	r3, [r0, #0]
1000307a:	0011      	movs	r1, r2
1000307c:	0028      	movs	r0, r5
1000307e:	4798      	blx	r3
10003080:	e02b      	b.n	100030da <stdio_out_chars_crlf+0x76>
10003082:	7d3b      	ldrb	r3, [r7, #20]
10003084:	e00f      	b.n	100030a6 <stdio_out_chars_crlf+0x42>
10003086:	683b      	ldr	r3, [r7, #0]
10003088:	4814      	ldr	r0, [pc, #80]	@ (100030dc <stdio_out_chars_crlf+0x78>)
1000308a:	2102      	movs	r1, #2
1000308c:	4798      	blx	r3
1000308e:	1c60      	adds	r0, r4, #1
10003090:	3401      	adds	r4, #1
10003092:	42b4      	cmp	r4, r6
10003094:	da13      	bge.n	100030be <stdio_out_chars_crlf+0x5a>
10003096:	2c00      	cmp	r4, #0
10003098:	ddf3      	ble.n	10003082 <stdio_out_chars_crlf+0x1e>
1000309a:	1e63      	subs	r3, r4, #1
1000309c:	5ceb      	ldrb	r3, [r5, r3]
1000309e:	3b0d      	subs	r3, #13
100030a0:	425a      	negs	r2, r3
100030a2:	4153      	adcs	r3, r2
100030a4:	b2db      	uxtb	r3, r3
100030a6:	5d2a      	ldrb	r2, [r5, r4]
100030a8:	2a0a      	cmp	r2, #10
100030aa:	d1f1      	bne.n	10003090 <stdio_out_chars_crlf+0x2c>
100030ac:	2b00      	cmp	r3, #0
100030ae:	d1ef      	bne.n	10003090 <stdio_out_chars_crlf+0x2c>
100030b0:	42a0      	cmp	r0, r4
100030b2:	dae8      	bge.n	10003086 <stdio_out_chars_crlf+0x22>
100030b4:	683b      	ldr	r3, [r7, #0]
100030b6:	1a21      	subs	r1, r4, r0
100030b8:	1828      	adds	r0, r5, r0
100030ba:	4798      	blx	r3
100030bc:	e7e3      	b.n	10003086 <stdio_out_chars_crlf+0x22>
100030be:	42b0      	cmp	r0, r6
100030c0:	da03      	bge.n	100030ca <stdio_out_chars_crlf+0x66>
100030c2:	683b      	ldr	r3, [r7, #0]
100030c4:	1a31      	subs	r1, r6, r0
100030c6:	1828      	adds	r0, r5, r0
100030c8:	4798      	blx	r3
100030ca:	2e00      	cmp	r6, #0
100030cc:	dd05      	ble.n	100030da <stdio_out_chars_crlf+0x76>
100030ce:	3e01      	subs	r6, #1
100030d0:	5dab      	ldrb	r3, [r5, r6]
100030d2:	3b0d      	subs	r3, #13
100030d4:	425a      	negs	r2, r3
100030d6:	4153      	adcs	r3, r2
100030d8:	753b      	strb	r3, [r7, #20]
100030da:	bdf8      	pop	{r3, r4, r5, r6, r7, pc}
100030dc:	10004010 	.word	0x10004010

100030e0 <stdio_stack_buffer_flush>:
100030e0:	b570      	push	{r4, r5, r6, lr}
100030e2:	0005      	movs	r5, r0
100030e4:	6803      	ldr	r3, [r0, #0]
100030e6:	2b00      	cmp	r3, #0
100030e8:	d016      	beq.n	10003118 <stdio_stack_buffer_flush+0x38>
100030ea:	4b0c      	ldr	r3, [pc, #48]	@ (1000311c <stdio_stack_buffer_flush+0x3c>)
100030ec:	681c      	ldr	r4, [r3, #0]
100030ee:	e005      	b.n	100030fc <stdio_stack_buffer_flush+0x1c>
100030f0:	0029      	movs	r1, r5
100030f2:	c904      	ldmia	r1!, {r2}
100030f4:	0020      	movs	r0, r4
100030f6:	f7ff ffb5 	bl	10003064 <stdio_out_chars_crlf>
100030fa:	6924      	ldr	r4, [r4, #16]
100030fc:	2c00      	cmp	r4, #0
100030fe:	d009      	beq.n	10003114 <stdio_stack_buffer_flush+0x34>
10003100:	6823      	ldr	r3, [r4, #0]
10003102:	2b00      	cmp	r3, #0
10003104:	d0f9      	beq.n	100030fa <stdio_stack_buffer_flush+0x1a>
10003106:	4b06      	ldr	r3, [pc, #24]	@ (10003120 <stdio_stack_buffer_flush+0x40>)
10003108:	681b      	ldr	r3, [r3, #0]
1000310a:	2b00      	cmp	r3, #0
1000310c:	d0f0      	beq.n	100030f0 <stdio_stack_buffer_flush+0x10>
1000310e:	42a3      	cmp	r3, r4
10003110:	d1f3      	bne.n	100030fa <stdio_stack_buffer_flush+0x1a>
10003112:	e7ed      	b.n	100030f0 <stdio_stack_buffer_flush+0x10>
10003114:	2300      	movs	r3, #0
10003116:	602b      	str	r3, [r5, #0]
10003118:	bd70      	pop	{r4, r5, r6, pc}
1000311a:	46c0      	nop			@ (mov r8, r8)
1000311c:	200008ac 	.word	0x200008ac
10003120:	200008b0 	.word	0x200008b0

10003124 <stdio_buffered_printer>:
10003124:	b570      	push	{r4, r5, r6, lr}
10003126:	0005      	movs	r5, r0
10003128:	000c      	movs	r4, r1
1000312a:	680b      	ldr	r3, [r1, #0]
1000312c:	2b80      	cmp	r3, #128	@ 0x80
1000312e:	d005      	beq.n	1000313c <stdio_buffered_printer+0x18>
10003130:	6823      	ldr	r3, [r4, #0]
10003132:	1c5a      	adds	r2, r3, #1
10003134:	6022      	str	r2, [r4, #0]
10003136:	18e4      	adds	r4, r4, r3
10003138:	7125      	strb	r5, [r4, #4]
1000313a:	bd70      	pop	{r4, r5, r6, pc}
1000313c:	0008      	movs	r0, r1
1000313e:	f7ff ffcf 	bl	100030e0 <stdio_stack_buffer_flush>
10003142:	e7f5      	b.n	10003130 <stdio_buffered_printer+0xc>

10003144 <stdout_serialize_begin>:
10003144:	b510      	push	{r4, lr}
10003146:	f7fd ffb3 	bl	100010b0 <time_us_64>
1000314a:	4a07      	ldr	r2, [pc, #28]	@ (10003168 <stdout_serialize_begin+0x24>)
1000314c:	2300      	movs	r3, #0
1000314e:	1812      	adds	r2, r2, r0
10003150:	414b      	adcs	r3, r1
10003152:	2b00      	cmp	r3, #0
10003154:	db03      	blt.n	1000315e <stdout_serialize_begin+0x1a>
10003156:	4805      	ldr	r0, [pc, #20]	@ (1000316c <stdout_serialize_begin+0x28>)
10003158:	f000 fa16 	bl	10003588 <__mutex_try_enter_block_until_veneer>
1000315c:	bd10      	pop	{r4, pc}
1000315e:	2201      	movs	r2, #1
10003160:	4252      	negs	r2, r2
10003162:	4b03      	ldr	r3, [pc, #12]	@ (10003170 <stdout_serialize_begin+0x2c>)
10003164:	e7f7      	b.n	10003156 <stdout_serialize_begin+0x12>
10003166:	46c0      	nop			@ (mov r8, r8)
10003168:	000f4240 	.word	0x000f4240
1000316c:	200005f8 	.word	0x200005f8
10003170:	7fffffff 	.word	0x7fffffff

10003174 <stdout_serialize_end>:
10003174:	b510      	push	{r4, lr}
10003176:	4802      	ldr	r0, [pc, #8]	@ (10003180 <stdout_serialize_end+0xc>)
10003178:	f000 f9de 	bl	10003538 <__mutex_exit_veneer>
1000317c:	bd10      	pop	{r4, pc}
1000317e:	46c0      	nop			@ (mov r8, r8)
10003180:	200005f8 	.word	0x200005f8

10003184 <stdio_put_string>:
10003184:	b5f0      	push	{r4, r5, r6, r7, lr}
10003186:	46ce      	mov	lr, r9
10003188:	4647      	mov	r7, r8
1000318a:	b580      	push	{r7, lr}
1000318c:	b083      	sub	sp, #12
1000318e:	4680      	mov	r8, r0
10003190:	000d      	movs	r5, r1
10003192:	0016      	movs	r6, r2
10003194:	001c      	movs	r4, r3
10003196:	f7ff ffd5 	bl	10003144 <stdout_serialize_begin>
1000319a:	4681      	mov	r9, r0
1000319c:	1c6b      	adds	r3, r5, #1
1000319e:	d005      	beq.n	100031ac <stdio_put_string+0x28>
100031a0:	2c00      	cmp	r4, #0
100031a2:	d008      	beq.n	100031b6 <stdio_put_string+0x32>
100031a4:	4f18      	ldr	r7, [pc, #96]	@ (10003208 <stdio_put_string+0x84>)
100031a6:	4b19      	ldr	r3, [pc, #100]	@ (1000320c <stdio_put_string+0x88>)
100031a8:	681c      	ldr	r4, [r3, #0]
100031aa:	e007      	b.n	100031bc <stdio_put_string+0x38>
100031ac:	4640      	mov	r0, r8
100031ae:	f000 f987 	bl	100034c0 <strlen>
100031b2:	0005      	movs	r5, r0
100031b4:	e7f4      	b.n	100031a0 <stdio_put_string+0x1c>
100031b6:	4f16      	ldr	r7, [pc, #88]	@ (10003210 <stdio_put_string+0x8c>)
100031b8:	e7f5      	b.n	100031a6 <stdio_put_string+0x22>
100031ba:	6924      	ldr	r4, [r4, #16]
100031bc:	2c00      	cmp	r4, #0
100031be:	d016      	beq.n	100031ee <stdio_put_string+0x6a>
100031c0:	6823      	ldr	r3, [r4, #0]
100031c2:	2b00      	cmp	r3, #0
100031c4:	d0f9      	beq.n	100031ba <stdio_put_string+0x36>
100031c6:	4b13      	ldr	r3, [pc, #76]	@ (10003214 <stdio_put_string+0x90>)
100031c8:	681b      	ldr	r3, [r3, #0]
100031ca:	2b00      	cmp	r3, #0
100031cc:	d001      	beq.n	100031d2 <stdio_put_string+0x4e>
100031ce:	42a3      	cmp	r3, r4
100031d0:	d1f3      	bne.n	100031ba <stdio_put_string+0x36>
100031d2:	002a      	movs	r2, r5
100031d4:	4641      	mov	r1, r8
100031d6:	0020      	movs	r0, r4
100031d8:	47b8      	blx	r7
100031da:	2e00      	cmp	r6, #0
100031dc:	d0ed      	beq.n	100031ba <stdio_put_string+0x36>
100031de:	466b      	mov	r3, sp
100031e0:	1dd9      	adds	r1, r3, #7
100031e2:	230a      	movs	r3, #10
100031e4:	700b      	strb	r3, [r1, #0]
100031e6:	2201      	movs	r2, #1
100031e8:	0020      	movs	r0, r4
100031ea:	47b8      	blx	r7
100031ec:	e7e5      	b.n	100031ba <stdio_put_string+0x36>
100031ee:	464b      	mov	r3, r9
100031f0:	2b00      	cmp	r3, #0
100031f2:	d105      	bne.n	10003200 <stdio_put_string+0x7c>
100031f4:	0028      	movs	r0, r5
100031f6:	b003      	add	sp, #12
100031f8:	bcc0      	pop	{r6, r7}
100031fa:	46b9      	mov	r9, r7
100031fc:	46b0      	mov	r8, r6
100031fe:	bdf0      	pop	{r4, r5, r6, r7, pc}
10003200:	f7ff ffb8 	bl	10003174 <stdout_serialize_end>
10003204:	e7f6      	b.n	100031f4 <stdio_put_string+0x70>
10003206:	46c0      	nop			@ (mov r8, r8)
10003208:	10003065 	.word	0x10003065
1000320c:	200008ac 	.word	0x200008ac
10003210:	10003055 	.word	0x10003055
10003214:	200008b0 	.word	0x200008b0

10003218 <stdio_flush>:
10003218:	b510      	push	{r4, lr}
1000321a:	4b06      	ldr	r3, [pc, #24]	@ (10003234 <stdio_flush+0x1c>)
1000321c:	681c      	ldr	r4, [r3, #0]
1000321e:	e000      	b.n	10003222 <stdio_flush+0xa>
10003220:	6924      	ldr	r4, [r4, #16]
10003222:	2c00      	cmp	r4, #0
10003224:	d004      	beq.n	10003230 <stdio_flush+0x18>
10003226:	6863      	ldr	r3, [r4, #4]
10003228:	2b00      	cmp	r3, #0
1000322a:	d0f9      	beq.n	10003220 <stdio_flush+0x8>
1000322c:	4798      	blx	r3
1000322e:	e7f7      	b.n	10003220 <stdio_flush+0x8>
10003230:	bd10      	pop	{r4, pc}
10003232:	46c0      	nop			@ (mov r8, r8)
10003234:	200008ac 	.word	0x200008ac

10003238 <__wrap_puts>:
10003238:	b570      	push	{r4, r5, r6, lr}
1000323a:	0005      	movs	r5, r0
1000323c:	f000 f940 	bl	100034c0 <strlen>
10003240:	0004      	movs	r4, r0
10003242:	2301      	movs	r3, #1
10003244:	2201      	movs	r2, #1
10003246:	0001      	movs	r1, r0
10003248:	0028      	movs	r0, r5
1000324a:	f7ff ff9b 	bl	10003184 <stdio_put_string>
1000324e:	f7ff ffe3 	bl	10003218 <stdio_flush>
10003252:	0020      	movs	r0, r4
10003254:	bd70      	pop	{r4, r5, r6, pc}
	...

10003258 <__wrap_vprintf>:
10003258:	b5f0      	push	{r4, r5, r6, r7, lr}
1000325a:	b0a3      	sub	sp, #140	@ 0x8c
1000325c:	0007      	movs	r7, r0
1000325e:	000e      	movs	r6, r1
10003260:	f7ff ff70 	bl	10003144 <stdout_serialize_begin>
10003264:	0005      	movs	r5, r0
10003266:	ac01      	add	r4, sp, #4
10003268:	2300      	movs	r3, #0
1000326a:	9301      	str	r3, [sp, #4]
1000326c:	4809      	ldr	r0, [pc, #36]	@ (10003294 <__wrap_vprintf+0x3c>)
1000326e:	0033      	movs	r3, r6
10003270:	003a      	movs	r2, r7
10003272:	0021      	movs	r1, r4
10003274:	f7ff fea4 	bl	10002fc0 <vfctprintf>
10003278:	0006      	movs	r6, r0
1000327a:	0020      	movs	r0, r4
1000327c:	f7ff ff30 	bl	100030e0 <stdio_stack_buffer_flush>
10003280:	f7ff ffca 	bl	10003218 <stdio_flush>
10003284:	2d00      	cmp	r5, #0
10003286:	d102      	bne.n	1000328e <__wrap_vprintf+0x36>
10003288:	0030      	movs	r0, r6
1000328a:	b023      	add	sp, #140	@ 0x8c
1000328c:	bdf0      	pop	{r4, r5, r6, r7, pc}
1000328e:	f7ff ff71 	bl	10003174 <stdout_serialize_end>
10003292:	e7f9      	b.n	10003288 <__wrap_vprintf+0x30>
10003294:	10003125 	.word	0x10003125

10003298 <__wrap_printf>:
10003298:	b40f      	push	{r0, r1, r2, r3}
1000329a:	b500      	push	{lr}
1000329c:	b083      	sub	sp, #12
1000329e:	a904      	add	r1, sp, #16
100032a0:	c901      	ldmia	r1!, {r0}
100032a2:	9101      	str	r1, [sp, #4]
100032a4:	f7ff ffd8 	bl	10003258 <__wrap_vprintf>
100032a8:	b003      	add	sp, #12
100032aa:	bc08      	pop	{r3}
100032ac:	b004      	add	sp, #16
100032ae:	4718      	bx	r3

100032b0 <_retrieve_unique_id_on_boot>:
100032b0:	b510      	push	{r4, lr}
100032b2:	4802      	ldr	r0, [pc, #8]	@ (100032bc <_retrieve_unique_id_on_boot+0xc>)
100032b4:	f000 f804 	bl	100032c0 <flash_get_unique_id>
100032b8:	bd10      	pop	{r4, pc}
100032ba:	46c0      	nop			@ (mov r8, r8)
100032bc:	200008dc 	.word	0x200008dc

100032c0 <flash_get_unique_id>:
100032c0:	b570      	push	{r4, r5, r6, lr}
100032c2:	b088      	sub	sp, #32
100032c4:	0004      	movs	r4, r0
100032c6:	ad04      	add	r5, sp, #16
100032c8:	220d      	movs	r2, #13
100032ca:	2100      	movs	r1, #0
100032cc:	0028      	movs	r0, r5
100032ce:	f7fe fd8b 	bl	10001de8 <__wrap_memset>
100032d2:	220d      	movs	r2, #13
100032d4:	2100      	movs	r1, #0
100032d6:	4668      	mov	r0, sp
100032d8:	f7fe fd86 	bl	10001de8 <__wrap_memset>
100032dc:	234b      	movs	r3, #75	@ 0x4b
100032de:	702b      	strb	r3, [r5, #0]
100032e0:	220d      	movs	r2, #13
100032e2:	4669      	mov	r1, sp
100032e4:	0028      	movs	r0, r5
100032e6:	f000 f91f 	bl	10003528 <__flash_do_cmd_veneer>
100032ea:	2300      	movs	r3, #0
100032ec:	e004      	b.n	100032f8 <flash_get_unique_id+0x38>
100032ee:	1d5a      	adds	r2, r3, #5
100032f0:	4669      	mov	r1, sp
100032f2:	5c8a      	ldrb	r2, [r1, r2]
100032f4:	54e2      	strb	r2, [r4, r3]
100032f6:	3301      	adds	r3, #1
100032f8:	2b07      	cmp	r3, #7
100032fa:	ddf8      	ble.n	100032ee <flash_get_unique_id+0x2e>
100032fc:	b008      	add	sp, #32
100032fe:	bd70      	pop	{r4, r5, r6, pc}

10003300 <i2c_unreset>:
10003300:	4b07      	ldr	r3, [pc, #28]	@ (10003320 <i2c_unreset+0x20>)
10003302:	4298      	cmp	r0, r3
10003304:	d00a      	beq.n	1000331c <i2c_unreset+0x1c>
10003306:	2304      	movs	r3, #4
10003308:	2201      	movs	r2, #1
1000330a:	409a      	lsls	r2, r3
1000330c:	4b05      	ldr	r3, [pc, #20]	@ (10003324 <i2c_unreset+0x24>)
1000330e:	601a      	str	r2, [r3, #0]
10003310:	4b05      	ldr	r3, [pc, #20]	@ (10003328 <i2c_unreset+0x28>)
10003312:	681b      	ldr	r3, [r3, #0]
10003314:	0011      	movs	r1, r2
10003316:	4399      	bics	r1, r3
10003318:	d1fa      	bne.n	10003310 <i2c_unreset+0x10>
1000331a:	4770      	bx	lr
1000331c:	2303      	movs	r3, #3
1000331e:	e7f3      	b.n	10003308 <i2c_unreset+0x8>
10003320:	200005f0 	.word	0x200005f0
10003324:	4000f000 	.word	0x4000f000
10003328:	4000c008 	.word	0x4000c008

1000332c <i2c_set_baudrate>:
1000332c:	b5f0      	push	{r4, r5, r6, r7, lr}
1000332e:	46d6      	mov	lr, sl
10003330:	464f      	mov	r7, r9
10003332:	4646      	mov	r6, r8
10003334:	b5c0      	push	{r6, r7, lr}
10003336:	0004      	movs	r4, r0
10003338:	000d      	movs	r5, r1
1000333a:	2005      	movs	r0, #5
1000333c:	f7fd ff48 	bl	100011d0 <clock_get_hz>
10003340:	0006      	movs	r6, r0
10003342:	0868      	lsrs	r0, r5, #1
10003344:	1980      	adds	r0, r0, r6
10003346:	46a8      	mov	r8, r5
10003348:	0029      	movs	r1, r5
1000334a:	f7fe f949 	bl	100015e0 <__wrap___aeabi_uidiv>
1000334e:	0007      	movs	r7, r0
10003350:	0043      	lsls	r3, r0, #1
10003352:	181a      	adds	r2, r3, r0
10003354:	4691      	mov	r9, r2
10003356:	2105      	movs	r1, #5
10003358:	0010      	movs	r0, r2
1000335a:	f7fe f941 	bl	100015e0 <__wrap___aeabi_uidiv>
1000335e:	0005      	movs	r5, r0
10003360:	1a3a      	subs	r2, r7, r0
10003362:	4692      	mov	sl, r2
10003364:	4b25      	ldr	r3, [pc, #148]	@ (100033fc <i2c_set_baudrate+0xd0>)
10003366:	4642      	mov	r2, r8
10003368:	429a      	cmp	r2, r3
1000336a:	d837      	bhi.n	100033dc <i2c_set_baudrate+0xb0>
1000336c:	0070      	lsls	r0, r6, #1
1000336e:	1980      	adds	r0, r0, r6
10003370:	4923      	ldr	r1, [pc, #140]	@ (10003400 <i2c_set_baudrate+0xd4>)
10003372:	f7fe f935 	bl	100015e0 <__wrap___aeabi_uidiv>
10003376:	1c43      	adds	r3, r0, #1
10003378:	1eaa      	subs	r2, r5, #2
1000337a:	429a      	cmp	r2, r3
1000337c:	d335      	bcc.n	100033ea <i2c_set_baudrate+0xbe>
1000337e:	6822      	ldr	r2, [r4, #0]
10003380:	2100      	movs	r1, #0
10003382:	66d1      	str	r1, [r2, #108]	@ 0x6c
10003384:	6822      	ldr	r2, [r4, #0]
10003386:	6810      	ldr	r0, [r2, #0]
10003388:	3104      	adds	r1, #4
1000338a:	4048      	eors	r0, r1
1000338c:	3102      	adds	r1, #2
1000338e:	4001      	ands	r1, r0
10003390:	2080      	movs	r0, #128	@ 0x80
10003392:	0140      	lsls	r0, r0, #5
10003394:	4684      	mov	ip, r0
10003396:	4462      	add	r2, ip
10003398:	6011      	str	r1, [r2, #0]
1000339a:	6822      	ldr	r2, [r4, #0]
1000339c:	4651      	mov	r1, sl
1000339e:	61d1      	str	r1, [r2, #28]
100033a0:	6822      	ldr	r2, [r4, #0]
100033a2:	6215      	str	r5, [r2, #32]
100033a4:	464a      	mov	r2, r9
100033a6:	2a4f      	cmp	r2, #79	@ 0x4f
100033a8:	d925      	bls.n	100033f6 <i2c_set_baudrate+0xca>
100033aa:	092d      	lsrs	r5, r5, #4
100033ac:	6821      	ldr	r1, [r4, #0]
100033ae:	22a0      	movs	r2, #160	@ 0xa0
100033b0:	508d      	str	r5, [r1, r2]
100033b2:	6822      	ldr	r2, [r4, #0]
100033b4:	6fd1      	ldr	r1, [r2, #124]	@ 0x7c
100033b6:	404b      	eors	r3, r1
100033b8:	041b      	lsls	r3, r3, #16
100033ba:	0c1b      	lsrs	r3, r3, #16
100033bc:	4911      	ldr	r1, [pc, #68]	@ (10003404 <i2c_set_baudrate+0xd8>)
100033be:	468c      	mov	ip, r1
100033c0:	4462      	add	r2, ip
100033c2:	6013      	str	r3, [r2, #0]
100033c4:	6823      	ldr	r3, [r4, #0]
100033c6:	2201      	movs	r2, #1
100033c8:	66da      	str	r2, [r3, #108]	@ 0x6c
100033ca:	0039      	movs	r1, r7
100033cc:	0030      	movs	r0, r6
100033ce:	f7fe f907 	bl	100015e0 <__wrap___aeabi_uidiv>
100033d2:	bce0      	pop	{r5, r6, r7}
100033d4:	46ba      	mov	sl, r7
100033d6:	46b1      	mov	r9, r6
100033d8:	46a8      	mov	r8, r5
100033da:	bdf0      	pop	{r4, r5, r6, r7, pc}
100033dc:	0070      	lsls	r0, r6, #1
100033de:	1980      	adds	r0, r0, r6
100033e0:	4909      	ldr	r1, [pc, #36]	@ (10003408 <i2c_set_baudrate+0xdc>)
100033e2:	f7fe f8fd 	bl	100015e0 <__wrap___aeabi_uidiv>
100033e6:	1c43      	adds	r3, r0, #1
100033e8:	e7c6      	b.n	10003378 <i2c_set_baudrate+0x4c>
100033ea:	4b08      	ldr	r3, [pc, #32]	@ (1000340c <i2c_set_baudrate+0xe0>)
100033ec:	4a08      	ldr	r2, [pc, #32]	@ (10003410 <i2c_set_baudrate+0xe4>)
100033ee:	4809      	ldr	r0, [pc, #36]	@ (10003414 <i2c_set_baudrate+0xe8>)
100033f0:	215d      	movs	r1, #93	@ 0x5d
100033f2:	f7ff fdff 	bl	10002ff4 <__assert_func>
100033f6:	2501      	movs	r5, #1
100033f8:	e7d8      	b.n	100033ac <i2c_set_baudrate+0x80>
100033fa:	46c0      	nop			@ (mov r8, r8)
100033fc:	000f423f 	.word	0x000f423f
10003400:	00989680 	.word	0x00989680
10003404:	0000107c 	.word	0x0000107c
10003408:	017d7840 	.word	0x017d7840
1000340c:	10003e1c 	.word	0x10003e1c
10003410:	1000404c 	.word	0x1000404c
10003414:	10003e3c 	.word	0x10003e3c

10003418 <i2c_init>:
10003418:	b570      	push	{r4, r5, r6, lr}
1000341a:	0004      	movs	r4, r0
1000341c:	000d      	movs	r5, r1
1000341e:	4b11      	ldr	r3, [pc, #68]	@ (10003464 <i2c_init+0x4c>)
10003420:	4298      	cmp	r0, r3
10003422:	d01d      	beq.n	10003460 <i2c_init+0x48>
10003424:	2204      	movs	r2, #4
10003426:	2301      	movs	r3, #1
10003428:	4093      	lsls	r3, r2
1000342a:	4a0f      	ldr	r2, [pc, #60]	@ (10003468 <i2c_init+0x50>)
1000342c:	6013      	str	r3, [r2, #0]
1000342e:	0020      	movs	r0, r4
10003430:	f7ff ff66 	bl	10003300 <i2c_unreset>
10003434:	2300      	movs	r3, #0
10003436:	7123      	strb	r3, [r4, #4]
10003438:	6822      	ldr	r2, [r4, #0]
1000343a:	66d3      	str	r3, [r2, #108]	@ 0x6c
1000343c:	6822      	ldr	r2, [r4, #0]
1000343e:	2166      	movs	r1, #102	@ 0x66
10003440:	31ff      	adds	r1, #255	@ 0xff
10003442:	6011      	str	r1, [r2, #0]
10003444:	6822      	ldr	r2, [r4, #0]
10003446:	63d3      	str	r3, [r2, #60]	@ 0x3c
10003448:	6822      	ldr	r2, [r4, #0]
1000344a:	6393      	str	r3, [r2, #56]	@ 0x38
1000344c:	6822      	ldr	r2, [r4, #0]
1000344e:	3388      	adds	r3, #136	@ 0x88
10003450:	3963      	subs	r1, #99	@ 0x63
10003452:	39ff      	subs	r1, #255	@ 0xff
10003454:	50d1      	str	r1, [r2, r3]
10003456:	0029      	movs	r1, r5
10003458:	0020      	movs	r0, r4
1000345a:	f7ff ff67 	bl	1000332c <i2c_set_baudrate>
1000345e:	bd70      	pop	{r4, r5, r6, pc}
10003460:	2203      	movs	r2, #3
10003462:	e7e0      	b.n	10003426 <i2c_init+0xe>
10003464:	200005f0 	.word	0x200005f0
10003468:	4000e000 	.word	0x4000e000

1000346c <i2c_set_slave_mode>:
1000346c:	b510      	push	{r4, lr}
1000346e:	0014      	movs	r4, r2
10003470:	6803      	ldr	r3, [r0, #0]
10003472:	2200      	movs	r2, #0
10003474:	66da      	str	r2, [r3, #108]	@ 0x6c
10003476:	2900      	cmp	r1, #0
10003478:	d013      	beq.n	100034a2 <i2c_set_slave_mode+0x36>
1000347a:	6801      	ldr	r1, [r0, #0]
1000347c:	680b      	ldr	r3, [r1, #0]
1000347e:	469c      	mov	ip, r3
10003480:	2380      	movs	r3, #128	@ 0x80
10003482:	009b      	lsls	r3, r3, #2
10003484:	4662      	mov	r2, ip
10003486:	4053      	eors	r3, r2
10003488:	4a0c      	ldr	r2, [pc, #48]	@ (100034bc <i2c_set_slave_mode+0x50>)
1000348a:	4013      	ands	r3, r2
1000348c:	2280      	movs	r2, #128	@ 0x80
1000348e:	0152      	lsls	r2, r2, #5
10003490:	4694      	mov	ip, r2
10003492:	4461      	add	r1, ip
10003494:	600b      	str	r3, [r1, #0]
10003496:	6803      	ldr	r3, [r0, #0]
10003498:	609c      	str	r4, [r3, #8]
1000349a:	6803      	ldr	r3, [r0, #0]
1000349c:	2201      	movs	r2, #1
1000349e:	66da      	str	r2, [r3, #108]	@ 0x6c
100034a0:	bd10      	pop	{r4, pc}
100034a2:	6802      	ldr	r2, [r0, #0]
100034a4:	6813      	ldr	r3, [r2, #0]
100034a6:	2141      	movs	r1, #65	@ 0x41
100034a8:	404b      	eors	r3, r1
100034aa:	4904      	ldr	r1, [pc, #16]	@ (100034bc <i2c_set_slave_mode+0x50>)
100034ac:	400b      	ands	r3, r1
100034ae:	2180      	movs	r1, #128	@ 0x80
100034b0:	0149      	lsls	r1, r1, #5
100034b2:	468c      	mov	ip, r1
100034b4:	4462      	add	r2, ip
100034b6:	6013      	str	r3, [r2, #0]
100034b8:	e7ef      	b.n	1000349a <i2c_set_slave_mode+0x2e>
100034ba:	46c0      	nop			@ (mov r8, r8)
100034bc:	00000241 	.word	0x00000241

100034c0 <strlen>:
100034c0:	0003      	movs	r3, r0
100034c2:	4684      	mov	ip, r0
100034c4:	079b      	lsls	r3, r3, #30
100034c6:	d00b      	beq.n	100034e0 <strlen+0x20>
100034c8:	0003      	movs	r3, r0
100034ca:	2103      	movs	r1, #3
100034cc:	e002      	b.n	100034d4 <strlen+0x14>
100034ce:	3301      	adds	r3, #1
100034d0:	420b      	tst	r3, r1
100034d2:	d006      	beq.n	100034e2 <strlen+0x22>
100034d4:	781a      	ldrb	r2, [r3, #0]
100034d6:	2a00      	cmp	r2, #0
100034d8:	d1f9      	bne.n	100034ce <strlen+0xe>
100034da:	4662      	mov	r2, ip
100034dc:	1a98      	subs	r0, r3, r2
100034de:	4770      	bx	lr
100034e0:	0003      	movs	r3, r0
100034e2:	6819      	ldr	r1, [r3, #0]
100034e4:	4a0c      	ldr	r2, [pc, #48]	@ (10003518 <strlen+0x58>)
100034e6:	480d      	ldr	r0, [pc, #52]	@ (1000351c <strlen+0x5c>)
100034e8:	188a      	adds	r2, r1, r2
100034ea:	438a      	bics	r2, r1
100034ec:	4202      	tst	r2, r0
100034ee:	d10f      	bne.n	10003510 <strlen+0x50>
100034f0:	6859      	ldr	r1, [r3, #4]
100034f2:	4a09      	ldr	r2, [pc, #36]	@ (10003518 <strlen+0x58>)
100034f4:	3304      	adds	r3, #4
100034f6:	188a      	adds	r2, r1, r2
100034f8:	438a      	bics	r2, r1
100034fa:	4202      	tst	r2, r0
100034fc:	d108      	bne.n	10003510 <strlen+0x50>
100034fe:	6859      	ldr	r1, [r3, #4]
10003500:	4a05      	ldr	r2, [pc, #20]	@ (10003518 <strlen+0x58>)
10003502:	3304      	adds	r3, #4
10003504:	188a      	adds	r2, r1, r2
10003506:	438a      	bics	r2, r1
10003508:	4202      	tst	r2, r0
1000350a:	d0f1      	beq.n	100034f0 <strlen+0x30>
1000350c:	e000      	b.n	10003510 <strlen+0x50>
1000350e:	3301      	adds	r3, #1
10003510:	781a      	ldrb	r2, [r3, #0]
10003512:	2a00      	cmp	r2, #0
10003514:	d1fb      	bne.n	1000350e <strlen+0x4e>
10003516:	e7e0      	b.n	100034da <strlen+0x1a>
10003518:	fefefeff 	.word	0xfefefeff
1000351c:	80808080 	.word	0x80808080

10003520 <_fini>:
10003520:	b5f8      	push	{r3, r4, r5, r6, r7, lr}
10003522:	46c0      	nop			@ (mov r8, r8)
10003524:	0000      	movs	r0, r0
	...

10003528 <__flash_do_cmd_veneer>:
10003528:	b401      	push	{r0}
1000352a:	4802      	ldr	r0, [pc, #8]	@ (10003534 <__flash_do_cmd_veneer+0xc>)
1000352c:	4684      	mov	ip, r0
1000352e:	bc01      	pop	{r0}
10003530:	4760      	bx	ip
10003532:	bf00      	nop
10003534:	20000431 	.word	0x20000431

10003538 <__mutex_exit_veneer>:
10003538:	b401      	push	{r0}
1000353a:	4802      	ldr	r0, [pc, #8]	@ (10003544 <__mutex_exit_veneer+0xc>)
1000353c:	4684      	mov	ip, r0
1000353e:	bc01      	pop	{r0}
10003540:	4760      	bx	ip
10003542:	bf00      	nop
10003544:	200001bd 	.word	0x200001bd

10003548 <____aeabi_ldiv0_veneer>:
10003548:	b401      	push	{r0}
1000354a:	4802      	ldr	r0, [pc, #8]	@ (10003554 <____aeabi_ldiv0_veneer+0xc>)
1000354c:	4684      	mov	ip, r0
1000354e:	bc01      	pop	{r0}
10003550:	4760      	bx	ip
10003552:	bf00      	nop
10003554:	20000515 	.word	0x20000515

10003558 <__flash_range_program_veneer>:
10003558:	b401      	push	{r0}
1000355a:	4802      	ldr	r0, [pc, #8]	@ (10003564 <__flash_range_program_veneer+0xc>)
1000355c:	4684      	mov	ip, r0
1000355e:	bc01      	pop	{r0}
10003560:	4760      	bx	ip
10003562:	bf00      	nop
10003564:	2000036d 	.word	0x2000036d

10003568 <____aeabi_idiv0_veneer>:
10003568:	b401      	push	{r0}
1000356a:	4802      	ldr	r0, [pc, #8]	@ (10003574 <____aeabi_idiv0_veneer+0xc>)
1000356c:	4684      	mov	ip, r0
1000356e:	bc01      	pop	{r0}
10003570:	4760      	bx	ip
10003572:	bf00      	nop
10003574:	20000515 	.word	0x20000515

10003578 <__flash_range_erase_veneer>:
10003578:	b401      	push	{r0}
1000357a:	4802      	ldr	r0, [pc, #8]	@ (10003584 <__flash_range_erase_veneer+0xc>)
1000357c:	4684      	mov	ip, r0
1000357e:	bc01      	pop	{r0}
10003580:	4760      	bx	ip
10003582:	bf00      	nop
10003584:	200002a9 	.word	0x200002a9

10003588 <__mutex_try_enter_block_until_veneer>:
10003588:	b401      	push	{r0}
1000358a:	4802      	ldr	r0, [pc, #8]	@ (10003594 <__mutex_try_enter_block_until_veneer+0xc>)
1000358c:	4684      	mov	ip, r0
1000358e:	bc01      	pop	{r0}
10003590:	4760      	bx	ip
10003592:	bf00      	nop
10003594:	20000189 	.word	0x20000189

10003598 <__pre_init_runtime_init_early_resets>:
10003598:	100013c1                                ....

1000359c <__pre_init_runtime_init_usb_power_down>:
1000359c:	100013ed 10001581 10001dd9 10001c09     ................
100035ac:	10001d4d                                M...

100035b0 <__pre_init_runtime_init_clocks>:
100035b0:	100014b5                                ....

100035b4 <__pre_init_runtime_init_post_clock_resets>:
100035b4:	10001409                                ....

100035b8 <__pre_init_runtime_init_rp2040_gpio_ie_disable>:
100035b8:	10001429                                )...

100035bc <__pre_init_runtime_init_spin_locks_reset>:
100035bc:	1000143d                                =...

100035c0 <__pre_init_runtime_init_mutex>:
100035c0:	10000825                                %...

100035c4 <__pre_init_runtime_init_install_ram_vector_table>:
100035c4:	10001445                                E...

100035c8 <__pre_init_runtime_init_default_alarm_pool>:
100035c8:	10001039                                9...

100035cc <__pre_init_first_per_core_initializer>:
100035cc:	100013ad                                ....

100035d0 <__pre_init_runtime_init_per_core_irq_priorities>:
100035d0:	1000072d                                -...

100035d4 <__init_array_start>:
100035d4:	100032b1 	.word	0x100032b1

100035d8 <__frame_dummy_init_array_entry>:
100035d8:	100002b1                                ....

Disassembly of section .data:

200000c0 <mutex_try_enter>:
200000c0:	0003      	movs	r3, r0
200000c2:	6802      	ldr	r2, [r0, #0]
200000c4:	4694      	mov	ip, r2
200000c6:	f3ef 8210 	mrs	r2, PRIMASK
200000ca:	b672      	cpsid	i
200000cc:	4660      	mov	r0, ip
200000ce:	6800      	ldr	r0, [r0, #0]
200000d0:	2800      	cmp	r0, #0
200000d2:	d0fb      	beq.n	200000cc <mutex_try_enter+0xc>
200000d4:	f3bf 8f5f 	dmb	sy
200000d8:	2004      	movs	r0, #4
200000da:	5618      	ldrsb	r0, [r3, r0]
200000dc:	2800      	cmp	r0, #0
200000de:	db0b      	blt.n	200000f8 <mutex_try_enter+0x38>
200000e0:	2900      	cmp	r1, #0
200000e2:	d010      	beq.n	20000106 <mutex_try_enter+0x46>
200000e4:	6008      	str	r0, [r1, #0]
200000e6:	2000      	movs	r0, #0
200000e8:	681b      	ldr	r3, [r3, #0]
200000ea:	f3bf 8f5f 	dmb	sy
200000ee:	2100      	movs	r1, #0
200000f0:	6019      	str	r1, [r3, #0]
200000f2:	f382 8810 	msr	PRIMASK, r2
200000f6:	4770      	bx	lr
200000f8:	21d0      	movs	r1, #208	@ 0xd0
200000fa:	0609      	lsls	r1, r1, #24
200000fc:	7809      	ldrb	r1, [r1, #0]
200000fe:	b249      	sxtb	r1, r1
20000100:	7119      	strb	r1, [r3, #4]
20000102:	2001      	movs	r0, #1
20000104:	e7f0      	b.n	200000e8 <mutex_try_enter+0x28>
20000106:	2000      	movs	r0, #0
20000108:	e7ee      	b.n	200000e8 <mutex_try_enter+0x28>
	...

2000010c <mutex_enter_block_until>:
2000010c:	b5f8      	push	{r3, r4, r5, r6, r7, lr}
2000010e:	0004      	movs	r4, r0
20000110:	0015      	movs	r5, r2
20000112:	001e      	movs	r6, r3
20000114:	6803      	ldr	r3, [r0, #0]
20000116:	2b00      	cmp	r3, #0
20000118:	d020      	beq.n	2000015c <mutex_enter_block_until+0x50>
2000011a:	23d0      	movs	r3, #208	@ 0xd0
2000011c:	061b      	lsls	r3, r3, #24
2000011e:	781b      	ldrb	r3, [r3, #0]
20000120:	b25b      	sxtb	r3, r3
20000122:	001f      	movs	r7, r3
20000124:	6823      	ldr	r3, [r4, #0]
20000126:	f3ef 8110 	mrs	r1, PRIMASK
2000012a:	b672      	cpsid	i
2000012c:	6818      	ldr	r0, [r3, #0]
2000012e:	2800      	cmp	r0, #0
20000130:	d0fc      	beq.n	2000012c <mutex_enter_block_until+0x20>
20000132:	f3bf 8f5f 	dmb	sy
20000136:	2304      	movs	r3, #4
20000138:	56e3      	ldrsb	r3, [r4, r3]
2000013a:	2b00      	cmp	r3, #0
2000013c:	db14      	blt.n	20000168 <mutex_enter_block_until+0x5c>
2000013e:	6823      	ldr	r3, [r4, #0]
20000140:	f3bf 8f5f 	dmb	sy
20000144:	2200      	movs	r2, #0
20000146:	601a      	str	r2, [r3, #0]
20000148:	f381 8810 	msr	PRIMASK, r1
2000014c:	0028      	movs	r0, r5
2000014e:	0031      	movs	r1, r6
20000150:	f000 f9e2 	bl	20000518 <__best_effort_wfe_or_timeout_veneer>
20000154:	2800      	cmp	r0, #0
20000156:	d0e5      	beq.n	20000124 <mutex_enter_block_until+0x18>
20000158:	2000      	movs	r0, #0
2000015a:	e00e      	b.n	2000017a <mutex_enter_block_until+0x6e>
2000015c:	4b07      	ldr	r3, [pc, #28]	@ (2000017c <mutex_enter_block_until+0x70>)
2000015e:	4a08      	ldr	r2, [pc, #32]	@ (20000180 <mutex_enter_block_until+0x74>)
20000160:	4808      	ldr	r0, [pc, #32]	@ (20000184 <mutex_enter_block_until+0x78>)
20000162:	21a6      	movs	r1, #166	@ 0xa6
20000164:	f000 f9e0 	bl	20000528 <____assert_func_veneer>
20000168:	7127      	strb	r7, [r4, #4]
2000016a:	6823      	ldr	r3, [r4, #0]
2000016c:	f3bf 8f5f 	dmb	sy
20000170:	2200      	movs	r2, #0
20000172:	601a      	str	r2, [r3, #0]
20000174:	f381 8810 	msr	PRIMASK, r1
20000178:	2001      	movs	r0, #1
2000017a:	bdf8      	pop	{r3, r4, r5, r6, r7, pc}
2000017c:	100037a8 	.word	0x100037a8
20000180:	10003ed8 	.word	0x10003ed8
20000184:	1000375c 	.word	0x1000375c

20000188 <mutex_try_enter_block_until>:
20000188:	b570      	push	{r4, r5, r6, lr}
2000018a:	b082      	sub	sp, #8
2000018c:	0006      	movs	r6, r0
2000018e:	0015      	movs	r5, r2
20000190:	001c      	movs	r4, r3
20000192:	a901      	add	r1, sp, #4
20000194:	f7ff ff94 	bl	200000c0 <mutex_try_enter>
20000198:	2800      	cmp	r0, #0
2000019a:	d107      	bne.n	200001ac <mutex_try_enter_block_until+0x24>
2000019c:	9b01      	ldr	r3, [sp, #4]
2000019e:	b25b      	sxtb	r3, r3
200001a0:	22d0      	movs	r2, #208	@ 0xd0
200001a2:	0612      	lsls	r2, r2, #24
200001a4:	7812      	ldrb	r2, [r2, #0]
200001a6:	b252      	sxtb	r2, r2
200001a8:	4293      	cmp	r3, r2
200001aa:	d101      	bne.n	200001b0 <mutex_try_enter_block_until+0x28>
200001ac:	b002      	add	sp, #8
200001ae:	bd70      	pop	{r4, r5, r6, pc}
200001b0:	002a      	movs	r2, r5
200001b2:	0023      	movs	r3, r4
200001b4:	0030      	movs	r0, r6
200001b6:	f7ff ffa9 	bl	2000010c <mutex_enter_block_until>
200001ba:	e7f7      	b.n	200001ac <mutex_try_enter_block_until+0x24>

200001bc <mutex_exit>:
200001bc:	b510      	push	{r4, lr}
200001be:	6801      	ldr	r1, [r0, #0]
200001c0:	f3ef 8310 	mrs	r3, PRIMASK
200001c4:	b672      	cpsid	i
200001c6:	680a      	ldr	r2, [r1, #0]
200001c8:	2a00      	cmp	r2, #0
200001ca:	d0fc      	beq.n	200001c6 <mutex_exit+0xa>
200001cc:	f3bf 8f5f 	dmb	sy
200001d0:	2204      	movs	r2, #4
200001d2:	5682      	ldrsb	r2, [r0, r2]
200001d4:	2a00      	cmp	r2, #0
200001d6:	db0a      	blt.n	200001ee <mutex_exit+0x32>
200001d8:	22ff      	movs	r2, #255	@ 0xff
200001da:	7102      	strb	r2, [r0, #4]
200001dc:	6802      	ldr	r2, [r0, #0]
200001de:	f3bf 8f5f 	dmb	sy
200001e2:	2100      	movs	r1, #0
200001e4:	6011      	str	r1, [r2, #0]
200001e6:	f383 8810 	msr	PRIMASK, r3
200001ea:	bf40      	sev
200001ec:	bd10      	pop	{r4, pc}
200001ee:	4b03      	ldr	r3, [pc, #12]	@ (200001fc <mutex_exit+0x40>)
200001f0:	4a03      	ldr	r2, [pc, #12]	@ (20000200 <mutex_exit+0x44>)
200001f2:	4804      	ldr	r0, [pc, #16]	@ (20000204 <mutex_exit+0x48>)
200001f4:	21d5      	movs	r1, #213	@ 0xd5
200001f6:	f000 f997 	bl	20000528 <____assert_func_veneer>
200001fa:	46c0      	nop			@ (mov r8, r8)
200001fc:	100037bc 	.word	0x100037bc
20000200:	10003ecc 	.word	0x10003ecc
20000204:	1000375c 	.word	0x1000375c

20000208 <flash_init_boot2_copyout>:
20000208:	4b09      	ldr	r3, [pc, #36]	@ (20000230 <flash_init_boot2_copyout+0x28>)
2000020a:	781b      	ldrb	r3, [r3, #0]
2000020c:	2b00      	cmp	r3, #0
2000020e:	d008      	beq.n	20000222 <flash_init_boot2_copyout+0x1a>
20000210:	e00c      	b.n	2000022c <flash_init_boot2_copyout+0x24>
20000212:	009a      	lsls	r2, r3, #2
20000214:	2180      	movs	r1, #128	@ 0x80
20000216:	0549      	lsls	r1, r1, #21
20000218:	1851      	adds	r1, r2, r1
2000021a:	6808      	ldr	r0, [r1, #0]
2000021c:	4905      	ldr	r1, [pc, #20]	@ (20000234 <flash_init_boot2_copyout+0x2c>)
2000021e:	5050      	str	r0, [r2, r1]
20000220:	3301      	adds	r3, #1
20000222:	2b3f      	cmp	r3, #63	@ 0x3f
20000224:	ddf5      	ble.n	20000212 <flash_init_boot2_copyout+0xa>
20000226:	4b02      	ldr	r3, [pc, #8]	@ (20000230 <flash_init_boot2_copyout+0x28>)
20000228:	2201      	movs	r2, #1
2000022a:	701a      	strb	r2, [r3, #0]
2000022c:	4770      	bx	lr
2000022e:	46c0      	nop			@ (mov r8, r8)
20000230:	20000b0c 	.word	0x20000b0c
20000234:	20000780 	.word	0x20000780

20000238 <flash_enable_xip_via_boot2>:
20000238:	b510      	push	{r4, lr}
2000023a:	4b01      	ldr	r3, [pc, #4]	@ (20000240 <flash_enable_xip_via_boot2+0x8>)
2000023c:	4798      	blx	r3
2000023e:	bd10      	pop	{r4, pc}
20000240:	20000781 	.word	0x20000781

20000244 <flash_save_hardware_state>:
20000244:	2300      	movs	r3, #0
20000246:	e005      	b.n	20000254 <flash_save_hardware_state+0x10>
20000248:	009a      	lsls	r2, r3, #2
2000024a:	4904      	ldr	r1, [pc, #16]	@ (2000025c <flash_save_hardware_state+0x18>)
2000024c:	1851      	adds	r1, r2, r1
2000024e:	6849      	ldr	r1, [r1, #4]
20000250:	5011      	str	r1, [r2, r0]
20000252:	3301      	adds	r3, #1
20000254:	2b05      	cmp	r3, #5
20000256:	d9f7      	bls.n	20000248 <flash_save_hardware_state+0x4>
20000258:	4770      	bx	lr
2000025a:	46c0      	nop			@ (mov r8, r8)
2000025c:	40020000 	.word	0x40020000

20000260 <flash_restore_hardware_state>:
20000260:	b510      	push	{r4, lr}
20000262:	2200      	movs	r2, #0
20000264:	e006      	b.n	20000274 <flash_restore_hardware_state+0x14>
20000266:	0093      	lsls	r3, r2, #2
20000268:	5819      	ldr	r1, [r3, r0]
2000026a:	4c04      	ldr	r4, [pc, #16]	@ (2000027c <flash_restore_hardware_state+0x1c>)
2000026c:	46a4      	mov	ip, r4
2000026e:	4463      	add	r3, ip
20000270:	6059      	str	r1, [r3, #4]
20000272:	3201      	adds	r2, #1
20000274:	2a05      	cmp	r2, #5
20000276:	d9f6      	bls.n	20000266 <flash_restore_hardware_state+0x6>
20000278:	bd10      	pop	{r4, pc}
2000027a:	46c0      	nop			@ (mov r8, r8)
2000027c:	40020000 	.word	0x40020000

20000280 <flash_cs_force>:
20000280:	2800      	cmp	r0, #0
20000282:	d00a      	beq.n	2000029a <flash_cs_force+0x1a>
20000284:	2303      	movs	r3, #3
20000286:	021b      	lsls	r3, r3, #8
20000288:	4a05      	ldr	r2, [pc, #20]	@ (200002a0 <flash_cs_force+0x20>)
2000028a:	6812      	ldr	r2, [r2, #0]
2000028c:	4053      	eors	r3, r2
2000028e:	22c0      	movs	r2, #192	@ 0xc0
20000290:	0092      	lsls	r2, r2, #2
20000292:	4013      	ands	r3, r2
20000294:	4a03      	ldr	r2, [pc, #12]	@ (200002a4 <flash_cs_force+0x24>)
20000296:	6013      	str	r3, [r2, #0]
20000298:	4770      	bx	lr
2000029a:	2302      	movs	r3, #2
2000029c:	e7f3      	b.n	20000286 <flash_cs_force+0x6>
2000029e:	46c0      	nop			@ (mov r8, r8)
200002a0:	4001800c 	.word	0x4001800c
200002a4:	4001900c 	.word	0x4001900c

200002a8 <flash_range_erase>:
200002a8:	b5f0      	push	{r4, r5, r6, r7, lr}
200002aa:	46d6      	mov	lr, sl
200002ac:	464f      	mov	r7, r9
200002ae:	4646      	mov	r6, r8
200002b0:	b5c0      	push	{r6, r7, lr}
200002b2:	b086      	sub	sp, #24
200002b4:	4681      	mov	r9, r0
200002b6:	000a      	movs	r2, r1
200002b8:	468a      	mov	sl, r1
200002ba:	444a      	add	r2, r9
200002bc:	2380      	movs	r3, #128	@ 0x80
200002be:	041b      	lsls	r3, r3, #16
200002c0:	429a      	cmp	r2, r3
200002c2:	d837      	bhi.n	20000334 <flash_range_erase+0x8c>
200002c4:	2718      	movs	r7, #24
200002c6:	883b      	ldrh	r3, [r7, #0]
200002c8:	2614      	movs	r6, #20
200002ca:	8830      	ldrh	r0, [r6, #0]
200002cc:	491f      	ldr	r1, [pc, #124]	@ (2000034c <flash_range_erase+0xa4>)
200002ce:	4798      	blx	r3
200002d0:	0004      	movs	r4, r0
200002d2:	883b      	ldrh	r3, [r7, #0]
200002d4:	8830      	ldrh	r0, [r6, #0]
200002d6:	491e      	ldr	r1, [pc, #120]	@ (20000350 <flash_range_erase+0xa8>)
200002d8:	4798      	blx	r3
200002da:	0005      	movs	r5, r0
200002dc:	883b      	ldrh	r3, [r7, #0]
200002de:	8830      	ldrh	r0, [r6, #0]
200002e0:	491c      	ldr	r1, [pc, #112]	@ (20000354 <flash_range_erase+0xac>)
200002e2:	4798      	blx	r3
200002e4:	4680      	mov	r8, r0
200002e6:	883b      	ldrh	r3, [r7, #0]
200002e8:	8830      	ldrh	r0, [r6, #0]
200002ea:	491b      	ldr	r1, [pc, #108]	@ (20000358 <flash_range_erase+0xb0>)
200002ec:	4798      	blx	r3
200002ee:	0006      	movs	r6, r0
200002f0:	2c00      	cmp	r4, #0
200002f2:	d025      	beq.n	20000340 <flash_range_erase+0x98>
200002f4:	2d00      	cmp	r5, #0
200002f6:	d023      	beq.n	20000340 <flash_range_erase+0x98>
200002f8:	4643      	mov	r3, r8
200002fa:	2b00      	cmp	r3, #0
200002fc:	d020      	beq.n	20000340 <flash_range_erase+0x98>
200002fe:	2800      	cmp	r0, #0
20000300:	d01e      	beq.n	20000340 <flash_range_erase+0x98>
20000302:	f7ff ff81 	bl	20000208 <flash_init_boot2_copyout>
20000306:	4668      	mov	r0, sp
20000308:	f7ff ff9c 	bl	20000244 <flash_save_hardware_state>
2000030c:	47a0      	blx	r4
2000030e:	47a8      	blx	r5
20000310:	2280      	movs	r2, #128	@ 0x80
20000312:	23d8      	movs	r3, #216	@ 0xd8
20000314:	0252      	lsls	r2, r2, #9
20000316:	4651      	mov	r1, sl
20000318:	4648      	mov	r0, r9
2000031a:	47c0      	blx	r8
2000031c:	47b0      	blx	r6
2000031e:	f7ff ff8b 	bl	20000238 <flash_enable_xip_via_boot2>
20000322:	4668      	mov	r0, sp
20000324:	f7ff ff9c 	bl	20000260 <flash_restore_hardware_state>
20000328:	b006      	add	sp, #24
2000032a:	bce0      	pop	{r5, r6, r7}
2000032c:	46ba      	mov	sl, r7
2000032e:	46b1      	mov	r9, r6
20000330:	46a8      	mov	r8, r5
20000332:	bdf0      	pop	{r4, r5, r6, r7, pc}
20000334:	4b09      	ldr	r3, [pc, #36]	@ (2000035c <flash_range_erase+0xb4>)
20000336:	4a0a      	ldr	r2, [pc, #40]	@ (20000360 <flash_range_erase+0xb8>)
20000338:	480a      	ldr	r0, [pc, #40]	@ (20000364 <flash_range_erase+0xbc>)
2000033a:	21c1      	movs	r1, #193	@ 0xc1
2000033c:	f000 f8f4 	bl	20000528 <____assert_func_veneer>
20000340:	4b09      	ldr	r3, [pc, #36]	@ (20000368 <flash_range_erase+0xc0>)
20000342:	4a07      	ldr	r2, [pc, #28]	@ (20000360 <flash_range_erase+0xb8>)
20000344:	4807      	ldr	r0, [pc, #28]	@ (20000364 <flash_range_erase+0xbc>)
20000346:	21c9      	movs	r1, #201	@ 0xc9
20000348:	f000 f8ee 	bl	20000528 <____assert_func_veneer>
2000034c:	00004649 	.word	0x00004649
20000350:	00005845 	.word	0x00005845
20000354:	00004552 	.word	0x00004552
20000358:	00004346 	.word	0x00004346
2000035c:	10003ccc 	.word	0x10003ccc
20000360:	10004038 	.word	0x10004038
20000364:	10003c7c 	.word	0x10003c7c
20000368:	10003cf8 	.word	0x10003cf8

2000036c <flash_range_program>:
2000036c:	b5f0      	push	{r4, r5, r6, r7, lr}
2000036e:	46de      	mov	lr, fp
20000370:	4657      	mov	r7, sl
20000372:	464e      	mov	r6, r9
20000374:	4645      	mov	r5, r8
20000376:	b5e0      	push	{r5, r6, r7, lr}
20000378:	b087      	sub	sp, #28
2000037a:	4681      	mov	r9, r0
2000037c:	468a      	mov	sl, r1
2000037e:	4693      	mov	fp, r2
20000380:	444a      	add	r2, r9
20000382:	2380      	movs	r3, #128	@ 0x80
20000384:	041b      	lsls	r3, r3, #16
20000386:	429a      	cmp	r2, r3
20000388:	d836      	bhi.n	200003f8 <flash_range_program+0x8c>
2000038a:	2718      	movs	r7, #24
2000038c:	883b      	ldrh	r3, [r7, #0]
2000038e:	2614      	movs	r6, #20
20000390:	8830      	ldrh	r0, [r6, #0]
20000392:	491f      	ldr	r1, [pc, #124]	@ (20000410 <flash_range_program+0xa4>)
20000394:	4798      	blx	r3
20000396:	0004      	movs	r4, r0
20000398:	883b      	ldrh	r3, [r7, #0]
2000039a:	8830      	ldrh	r0, [r6, #0]
2000039c:	491d      	ldr	r1, [pc, #116]	@ (20000414 <flash_range_program+0xa8>)
2000039e:	4798      	blx	r3
200003a0:	0005      	movs	r5, r0
200003a2:	883b      	ldrh	r3, [r7, #0]
200003a4:	8830      	ldrh	r0, [r6, #0]
200003a6:	491c      	ldr	r1, [pc, #112]	@ (20000418 <flash_range_program+0xac>)
200003a8:	4798      	blx	r3
200003aa:	4680      	mov	r8, r0
200003ac:	883b      	ldrh	r3, [r7, #0]
200003ae:	8830      	ldrh	r0, [r6, #0]
200003b0:	491a      	ldr	r1, [pc, #104]	@ (2000041c <flash_range_program+0xb0>)
200003b2:	4798      	blx	r3
200003b4:	0006      	movs	r6, r0
200003b6:	2c00      	cmp	r4, #0
200003b8:	d024      	beq.n	20000404 <flash_range_program+0x98>
200003ba:	2d00      	cmp	r5, #0
200003bc:	d022      	beq.n	20000404 <flash_range_program+0x98>
200003be:	4643      	mov	r3, r8
200003c0:	2b00      	cmp	r3, #0
200003c2:	d01f      	beq.n	20000404 <flash_range_program+0x98>
200003c4:	2800      	cmp	r0, #0
200003c6:	d01d      	beq.n	20000404 <flash_range_program+0x98>
200003c8:	f7ff ff1e 	bl	20000208 <flash_init_boot2_copyout>
200003cc:	4668      	mov	r0, sp
200003ce:	f7ff ff39 	bl	20000244 <flash_save_hardware_state>
200003d2:	47a0      	blx	r4
200003d4:	47a8      	blx	r5
200003d6:	465a      	mov	r2, fp
200003d8:	4651      	mov	r1, sl
200003da:	4648      	mov	r0, r9
200003dc:	47c0      	blx	r8
200003de:	47b0      	blx	r6
200003e0:	f7ff ff2a 	bl	20000238 <flash_enable_xip_via_boot2>
200003e4:	4668      	mov	r0, sp
200003e6:	f7ff ff3b 	bl	20000260 <flash_restore_hardware_state>
200003ea:	b007      	add	sp, #28
200003ec:	bcf0      	pop	{r4, r5, r6, r7}
200003ee:	46bb      	mov	fp, r7
200003f0:	46b2      	mov	sl, r6
200003f2:	46a9      	mov	r9, r5
200003f4:	46a0      	mov	r8, r4
200003f6:	bdf0      	pop	{r4, r5, r6, r7, pc}
200003f8:	4b09      	ldr	r3, [pc, #36]	@ (20000420 <flash_range_program+0xb4>)
200003fa:	4a0a      	ldr	r2, [pc, #40]	@ (20000424 <flash_range_program+0xb8>)
200003fc:	480a      	ldr	r0, [pc, #40]	@ (20000428 <flash_range_program+0xbc>)
200003fe:	21e0      	movs	r1, #224	@ 0xe0
20000400:	f000 f892 	bl	20000528 <____assert_func_veneer>
20000404:	4b09      	ldr	r3, [pc, #36]	@ (2000042c <flash_range_program+0xc0>)
20000406:	4a07      	ldr	r2, [pc, #28]	@ (20000424 <flash_range_program+0xb8>)
20000408:	4807      	ldr	r0, [pc, #28]	@ (20000428 <flash_range_program+0xbc>)
2000040a:	21e8      	movs	r1, #232	@ 0xe8
2000040c:	f000 f88c 	bl	20000528 <____assert_func_veneer>
20000410:	00004649 	.word	0x00004649
20000414:	00005845 	.word	0x00005845
20000418:	00005052 	.word	0x00005052
2000041c:	00004346 	.word	0x00004346
20000420:	10003ccc 	.word	0x10003ccc
20000424:	10004024 	.word	0x10004024
20000428:	10003c7c 	.word	0x10003c7c
2000042c:	10003d60 	.word	0x10003d60

20000430 <flash_do_cmd>:
20000430:	b5f0      	push	{r4, r5, r6, r7, lr}
20000432:	46d6      	mov	lr, sl
20000434:	464f      	mov	r7, r9
20000436:	4646      	mov	r6, r8
20000438:	b5c0      	push	{r6, r7, lr}
2000043a:	b086      	sub	sp, #24
2000043c:	4682      	mov	sl, r0
2000043e:	000d      	movs	r5, r1
20000440:	0014      	movs	r4, r2
20000442:	2618      	movs	r6, #24
20000444:	8833      	ldrh	r3, [r6, #0]
20000446:	2714      	movs	r7, #20
20000448:	8838      	ldrh	r0, [r7, #0]
2000044a:	492c      	ldr	r1, [pc, #176]	@ (200004fc <flash_do_cmd+0xcc>)
2000044c:	4798      	blx	r3
2000044e:	4681      	mov	r9, r0
20000450:	8833      	ldrh	r3, [r6, #0]
20000452:	8838      	ldrh	r0, [r7, #0]
20000454:	492a      	ldr	r1, [pc, #168]	@ (20000500 <flash_do_cmd+0xd0>)
20000456:	4798      	blx	r3
20000458:	4680      	mov	r8, r0
2000045a:	8833      	ldrh	r3, [r6, #0]
2000045c:	8838      	ldrh	r0, [r7, #0]
2000045e:	4929      	ldr	r1, [pc, #164]	@ (20000504 <flash_do_cmd+0xd4>)
20000460:	4798      	blx	r3
20000462:	0007      	movs	r7, r0
20000464:	464b      	mov	r3, r9
20000466:	2b00      	cmp	r3, #0
20000468:	d010      	beq.n	2000048c <flash_do_cmd+0x5c>
2000046a:	4643      	mov	r3, r8
2000046c:	2b00      	cmp	r3, #0
2000046e:	d00d      	beq.n	2000048c <flash_do_cmd+0x5c>
20000470:	2800      	cmp	r0, #0
20000472:	d00b      	beq.n	2000048c <flash_do_cmd+0x5c>
20000474:	f7ff fec8 	bl	20000208 <flash_init_boot2_copyout>
20000478:	4668      	mov	r0, sp
2000047a:	f7ff fee3 	bl	20000244 <flash_save_hardware_state>
2000047e:	47c8      	blx	r9
20000480:	47c0      	blx	r8
20000482:	2000      	movs	r0, #0
20000484:	f7ff fefc 	bl	20000280 <flash_cs_force>
20000488:	0021      	movs	r1, r4
2000048a:	e010      	b.n	200004ae <flash_do_cmd+0x7e>
2000048c:	4b1e      	ldr	r3, [pc, #120]	@ (20000508 <flash_do_cmd+0xd8>)
2000048e:	4a1f      	ldr	r2, [pc, #124]	@ (2000050c <flash_do_cmd+0xdc>)
20000490:	218a      	movs	r1, #138	@ 0x8a
20000492:	481f      	ldr	r0, [pc, #124]	@ (20000510 <flash_do_cmd+0xe0>)
20000494:	0049      	lsls	r1, r1, #1
20000496:	f000 f847 	bl	20000528 <____assert_func_veneer>
2000049a:	2b00      	cmp	r3, #0
2000049c:	d007      	beq.n	200004ae <flash_do_cmd+0x7e>
2000049e:	2900      	cmp	r1, #0
200004a0:	d005      	beq.n	200004ae <flash_do_cmd+0x7e>
200004a2:	23c0      	movs	r3, #192	@ 0xc0
200004a4:	055b      	lsls	r3, r3, #21
200004a6:	6e1b      	ldr	r3, [r3, #96]	@ 0x60
200004a8:	702b      	strb	r3, [r5, #0]
200004aa:	3901      	subs	r1, #1
200004ac:	3501      	adds	r5, #1
200004ae:	0023      	movs	r3, r4
200004b0:	430b      	orrs	r3, r1
200004b2:	d014      	beq.n	200004de <flash_do_cmd+0xae>
200004b4:	23c0      	movs	r3, #192	@ 0xc0
200004b6:	055b      	lsls	r3, r3, #21
200004b8:	6a9a      	ldr	r2, [r3, #40]	@ 0x28
200004ba:	2308      	movs	r3, #8
200004bc:	4013      	ands	r3, r2
200004be:	0792      	lsls	r2, r2, #30
200004c0:	d5eb      	bpl.n	2000049a <flash_do_cmd+0x6a>
200004c2:	2c00      	cmp	r4, #0
200004c4:	d0e9      	beq.n	2000049a <flash_do_cmd+0x6a>
200004c6:	1b0a      	subs	r2, r1, r4
200004c8:	2a0d      	cmp	r2, #13
200004ca:	d8e6      	bhi.n	2000049a <flash_do_cmd+0x6a>
200004cc:	4656      	mov	r6, sl
200004ce:	7830      	ldrb	r0, [r6, #0]
200004d0:	22c0      	movs	r2, #192	@ 0xc0
200004d2:	0552      	lsls	r2, r2, #21
200004d4:	6610      	str	r0, [r2, #96]	@ 0x60
200004d6:	3c01      	subs	r4, #1
200004d8:	1c72      	adds	r2, r6, #1
200004da:	4692      	mov	sl, r2
200004dc:	e7dd      	b.n	2000049a <flash_do_cmd+0x6a>
200004de:	2001      	movs	r0, #1
200004e0:	f7ff fece 	bl	20000280 <flash_cs_force>
200004e4:	47b8      	blx	r7
200004e6:	f7ff fea7 	bl	20000238 <flash_enable_xip_via_boot2>
200004ea:	4668      	mov	r0, sp
200004ec:	f7ff feb8 	bl	20000260 <flash_restore_hardware_state>
200004f0:	b006      	add	sp, #24
200004f2:	bce0      	pop	{r5, r6, r7}
200004f4:	46ba      	mov	sl, r7
200004f6:	46b1      	mov	r9, r6
200004f8:	46a8      	mov	r8, r5
200004fa:	bdf0      	pop	{r4, r5, r6, r7, pc}
200004fc:	00004649 	.word	0x00004649
20000500:	00005845 	.word	0x00005845
20000504:	00004346 	.word	0x00004346
20000508:	10003dcc 	.word	0x10003dcc
2000050c:	10004014 	.word	0x10004014
20000510:	10003c7c 	.word	0x10003c7c

20000514 <__aeabi_idiv0>:
20000514:	4770      	bx	lr
20000516:	46c0      	nop			@ (mov r8, r8)

20000518 <__best_effort_wfe_or_timeout_veneer>:
20000518:	b401      	push	{r0}
2000051a:	4802      	ldr	r0, [pc, #8]	@ (20000524 <__best_effort_wfe_or_timeout_veneer+0xc>)
2000051c:	4684      	mov	ip, r0
2000051e:	bc01      	pop	{r0}
20000520:	4760      	bx	ip
20000522:	bf00      	nop
20000524:	10000f11 	.word	0x10000f11

20000528 <____assert_func_veneer>:
20000528:	b401      	push	{r0}
2000052a:	4802      	ldr	r0, [pc, #8]	@ (20000534 <____assert_func_veneer+0xc>)
2000052c:	4684      	mov	ip, r0
2000052e:	bc01      	pop	{r0}
20000530:	4760      	bx	ip
20000532:	bf00      	nop
20000534:	10002ff5 	.word	0x10002ff5

20000538 <UID_RESPONSE>:
20000538:	6a6ea308 02330973 000000d0              ..njs.3.....

20000544 <NODE_ID_RESPONSE>:
20000544:	00003c01                                .<..

20000548 <BLOCKS>:
20000548:	200005b0 200005b0 200005b0 200005b0     ... ... ... ... 
20000558:	200005b0 200005a8 200005a8 200005b0     ... ... ... ... 
20000568:	200005a0 200005a0 200005a0 20000598     ... ... ... ... 
20000578:	20000598 20000590 200005b0 20000588     ... ... ... ... 

20000588 <BLOCK_5>:
20000588:	2b0f0404 000000fc                       ...+....

20000590 <BLOCK_4>:
20000590:	307e1f04 0000002a                       ..~0*...

20000598 <BLOCK_3>:
20000598:	000f0404 00000000                       ........

200005a0 <BLOCK_2>:
200005a0:	78000104 00000000                       ...x....

200005a8 <BLOCK_1>:
200005a8:	00007804 00000000                       .x......

200005b0 <BLOCK_0>:
200005b0:	00000004                                 .....

200005b5 <first_comm>:
200005b5:	                                         .

200005b6 <striped_spin_lock_num>:
200005b6:	                                         ..

200005b8 <default_alarm_pool>:
	...
200005cc:	20000600                                ... 

200005d0 <aeabi_bits_funcs>:
200005d0:	00003350 	.word	0x00003350
200005d4:	0000334c 	.word	0x0000334c
200005d8:	00003354 	.word	0x00003354
200005dc:	00003352 	.word	0x00003352

200005e0 <aeabi_bits_funcs_end>:
200005e0:	0000534d 	.word	0x0000534d
200005e4:	0000434d 	.word	0x0000434d
200005e8:	00003453 	.word	0x00003453
200005ec:	00003443 	.word	0x00003443

200005f0 <i2c0_inst>:
200005f0:	40044000 00000000                       .@.@....

200005f8 <print_mutex>:
	...
